Sector,Archetype,End-use,DNO,Technical Flex MW,Central Hurdle Cost (£/MWh),Economic Flex MW
Industrial,Chemicals & Petrochemicals,High-temperature process heat,ENWL,0.0259820463184181,900.0,0.0
Industrial,Chemicals & Petrochemicals,High-temperature process heat,NPG (Northern Electric),0.4897711360897879,900.0,0.0
Industrial,Chemicals & Petrochemicals,High-temperature process heat,NPG (Yorkshire Electric),0.1405765649082477,900.0,0.0
Industrial,Chemicals & Petrochemicals,High-temperature process heat,SPEN (SP Distribution),0.3620624728074993,900.0,0.0
Industrial,Chemicals & Petrochemicals,High-temperature process heat,SPEN (SP MANWEB),0.2110891779056444,900.0,0.0
Industrial,Chemicals & Petrochemicals,High-temperature process heat,SSE,0.0,900.0,0.0
Industrial,Chemicals & Petrochemicals,High-temperature process heat,SSE (Southern),0.0095591098469195,900.0,0.0
Industrial,Chemicals & Petrochemicals,High-temperature process heat,UKPN (East),0.0151026466313893,900.0,0.0
Industrial,Chemicals & Petrochemicals,High-temperature process heat,UKPN (London),0.0,900.0,0.0
Industrial,Chemicals & Petrochemicals,High-temperature process heat,UKPN (South),0.0043123046243122,900.0,0.0
Industrial,Chemicals & Petrochemicals,High-temperature process heat,WPD (East Midlands),0.0075231437125842,900.0,0.0
Industrial,Chemicals & Petrochemicals,High-temperature process heat,WPD (Midlands),0.0045369690916664,900.0,0.0
Industrial,Chemicals & Petrochemicals,High-temperature process heat,WPD (South Wales),0.0372920965778555,900.0,0.0
Industrial,Chemicals & Petrochemicals,High-temperature process heat,WPD (South West),0.0,900.0,0.0
Industrial,Chemicals & Petrochemicals,Low/medium-temperature process heat,ENWL,0.5352601939200443,500.0,0.5352601939200443
Industrial,Chemicals & Petrochemicals,Low/medium-temperature process heat,NPG (Northern Electric),10.08985166399398,500.0,10.08985166399398
Industrial,Chemicals & Petrochemicals,Low/medium-temperature process heat,NPG (Yorkshire Electric),2.89603976804793,500.0,2.89603976804793
Industrial,Chemicals & Petrochemicals,Low/medium-temperature process heat,SPEN (SP Distribution),7.458905546971233,500.0,7.458905546971233
Industrial,Chemicals & Petrochemicals,Low/medium-temperature process heat,SPEN (SP MANWEB),4.3486811206284095,500.0,4.3486811206284095
Industrial,Chemicals & Petrochemicals,Low/medium-temperature process heat,SSE,0.0,500.0,0.0
Industrial,Chemicals & Petrochemicals,Low/medium-temperature process heat,SSE (Southern),0.1969287148386814,500.0,0.1969287148386814
Industrial,Chemicals & Petrochemicals,Low/medium-temperature process heat,UKPN (East),0.3111319818906219,500.0,0.3111319818906219
Industrial,Chemicals & Petrochemicals,Low/medium-temperature process heat,UKPN (London),0.0,500.0,0.0
Industrial,Chemicals & Petrochemicals,Low/medium-temperature process heat,UKPN (South),0.088838461034357,500.0,0.088838461034357
Industrial,Chemicals & Petrochemicals,Low/medium-temperature process heat,WPD (East Midlands),0.1549854585407178,500.0,0.1549854585407178
Industrial,Chemicals & Petrochemicals,Low/medium-temperature process heat,WPD (Midlands),0.0934668088130213,500.0,0.0934668088130213
Industrial,Chemicals & Petrochemicals,Low/medium-temperature process heat,WPD (South Wales),0.7682603056479816,500.0,0.7682603056479816
Industrial,Chemicals & Petrochemicals,Low/medium-temperature process heat,WPD (South West),0.0,500.0,0.0
Industrial,Chemicals & Petrochemicals,Steam generation,ENWL,0.2882170274954084,450.0,0.2882170274954084
Industrial,Chemicals & Petrochemicals,Steam generation,NPG (Northern Electric),5.432997049842912,450.0,5.432997049842912
Industrial,Chemicals & Petrochemicals,Steam generation,NPG (Yorkshire Electric),1.5594060289488854,450.0,1.5594060289488854
Industrial,Chemicals & Petrochemicals,Steam generation,SPEN (SP Distribution),4.016333756061433,450.0,4.016333756061433
Industrial,Chemicals & Petrochemicals,Steam generation,SPEN (SP MANWEB),2.34159752649222,450.0,2.34159752649222
Industrial,Chemicals & Petrochemicals,Steam generation,SSE,0.0,450.0,0.0
Industrial,Chemicals & Petrochemicals,Steam generation,SSE (Southern),0.1060385387592899,450.0,0.1060385387592899
Industrial,Chemicals & Petrochemicals,Steam generation,UKPN (East),0.1675326056334117,450.0,0.1675326056334117
Industrial,Chemicals & Petrochemicals,Steam generation,UKPN (London),0.0,450.0,0.0
Industrial,Chemicals & Petrochemicals,Steam generation,UKPN (South),0.0478360944031153,450.0,0.0478360944031153
Industrial,Chemicals & Petrochemicals,Steam generation,WPD (East Midlands),0.0834537084450019,450.0,0.0834537084450019
Industrial,Chemicals & Petrochemicals,Steam generation,WPD (Midlands),0.0503282816685499,450.0,0.0503282816685499
Industrial,Chemicals & Petrochemicals,Steam generation,WPD (South Wales),0.4136786261181439,450.0,0.4136786261181439
Industrial,Chemicals & Petrochemicals,Steam generation,WPD (South West),0.0,450.0,0.0
Industrial,Chemicals & Petrochemicals,Drying & evaporation,ENWL,0.4522436731668538,500.0,0.4522436731668538
Industrial,Chemicals & Petrochemicals,Drying & evaporation,NPG (Northern Electric),8.524959692621845,500.0,8.524959692621845
Industrial,Chemicals & Petrochemicals,Drying & evaporation,NPG (Yorkshire Electric),2.446876635356376,500.0,2.446876635356376
Industrial,Chemicals & Petrochemicals,Drying & evaporation,SPEN (SP Distribution),6.302061839612115,500.0,6.302061839612115
Industrial,Chemicals & Petrochemicals,Drying & evaporation,SPEN (SP MANWEB),3.674219651981288,500.0,3.674219651981288
Industrial,Chemicals & Petrochemicals,Drying & evaporation,SSE,0.0,500.0,0.0
Industrial,Chemicals & Petrochemicals,Drying & evaporation,SSE (Southern),0.1663859303611445,500.0,0.1663859303611445
Industrial,Chemicals & Petrochemicals,Drying & evaporation,UKPN (East),0.2628767689586803,500.0,0.2628767689586803
Industrial,Chemicals & Petrochemicals,Drying & evaporation,UKPN (London),0.0,500.0,0.0
Industrial,Chemicals & Petrochemicals,Drying & evaporation,UKPN (South),0.0750600033274089,500.0,0.0750600033274089
Industrial,Chemicals & Petrochemicals,Drying & evaporation,WPD (East Midlands),0.1309478901178543,500.0,0.1309478901178543
Industrial,Chemicals & Petrochemicals,Drying & evaporation,WPD (Midlands),0.0789705145589417,500.0,0.0789705145589417
Industrial,Chemicals & Petrochemicals,Drying & evaporation,WPD (South Wales),0.6491064841381289,500.0,0.6491064841381289
Industrial,Chemicals & Petrochemicals,Drying & evaporation,WPD (South West),0.0,500.0,0.0
Industrial,Chemicals & Petrochemicals,Refrigeration & process cooling,ENWL,1.772098999271937,425.0,1.772098999271937
Industrial,Chemicals & Petrochemicals,Refrigeration & process cooling,NPG (Northern Electric),33.40471837746433,425.0,33.40471837746433
Industrial,Chemicals & Petrochemicals,Refrigeration & process cooling,NPG (Yorkshire Electric),9.587989604129024,425.0,9.587989604129024
Industrial,Chemicals & Petrochemicals,Refrigeration & process cooling,SPEN (SP Distribution),24.69438079945485,425.0,24.69438079945485
Industrial,Chemicals & Petrochemicals,Refrigeration & process cooling,SPEN (SP MANWEB),14.397284815036173,425.0,14.397284815036173
Industrial,Chemicals & Petrochemicals,Refrigeration & process cooling,SSE,0.0,425.0,0.0
Industrial,Chemicals & Petrochemicals,Refrigeration & process cooling,SSE (Southern),0.6519767067634124,425.0,0.6519767067634124
Industrial,Chemicals & Petrochemicals,Refrigeration & process cooling,UKPN (East),1.0300722527336408,425.0,1.0300722527336408
Industrial,Chemicals & Petrochemicals,Refrigeration & process cooling,UKPN (London),0.0,425.0,0.0
Industrial,Chemicals & Petrochemicals,Refrigeration & process cooling,UKPN (South),0.2941196630798959,425.0,0.2941196630798959
Industrial,Chemicals & Petrochemicals,Refrigeration & process cooling,WPD (East Midlands),0.5131141435537699,425.0,0.5131141435537699
Industrial,Chemicals & Petrochemicals,Refrigeration & process cooling,WPD (Midlands),0.3094428471313492,425.0,0.3094428471313492
Industrial,Chemicals & Petrochemicals,Refrigeration & process cooling,WPD (South Wales),2.5434981608636265,425.0,2.5434981608636265
Industrial,Chemicals & Petrochemicals,Refrigeration & process cooling,WPD (South West),0.0,425.0,0.0
Industrial,Chemicals & Petrochemicals,Pumping & fluid handling,ENWL,4.6739390249633885,325.0,4.6739390249633885
Industrial,Chemicals & Petrochemicals,Pumping & fluid handling,NPG (Northern Electric),88.10547091696824,325.0,88.10547091696824
Industrial,Chemicals & Petrochemicals,Pumping & fluid handling,NPG (Yorkshire Electric),25.28847361241867,325.0,25.28847361241867
Industrial,Chemicals & Petrochemicals,Pumping & fluid handling,SPEN (SP Distribution),65.13181834835339,325.0,65.13181834835339
Industrial,Chemicals & Petrochemicals,Pumping & fluid handling,SPEN (SP MANWEB),37.97306548796492,325.0,37.97306548796492
Industrial,Chemicals & Petrochemicals,Pumping & fluid handling,SSE,0.0,325.0,0.0
Industrial,Chemicals & Petrochemicals,Pumping & fluid handling,SSE (Southern),1.7195988341286808,325.0,1.7195988341286808
Industrial,Chemicals & Petrochemicals,Pumping & fluid handling,UKPN (East),2.7168317924459857,325.0,2.7168317924459857
Industrial,Chemicals & Petrochemicals,Pumping & fluid handling,UKPN (London),0.0,325.0,0.0
Industrial,Chemicals & Petrochemicals,Pumping & fluid handling,UKPN (South),0.7757452443926667,325.0,0.7757452443926667
Industrial,Chemicals & Petrochemicals,Pumping & fluid handling,WPD (East Midlands),1.3533466362781952,325.0,1.3533466362781952
Industrial,Chemicals & Petrochemicals,Pumping & fluid handling,WPD (Midlands),0.816160383701593,325.0,0.816160383701593
Industrial,Chemicals & Petrochemicals,Pumping & fluid handling,WPD (South Wales),6.708516464863043,325.0,6.708516464863043
Industrial,Chemicals & Petrochemicals,Pumping & fluid handling,WPD (South West),0.0,325.0,0.0
Industrial,Chemicals & Petrochemicals,Mechanical drives & machinery,ENWL,1.038653116658531,600.0,0.0
Industrial,Chemicals & Petrochemicals,Mechanical drives & machinery,NPG (Northern Electric),19.57899353710406,600.0,0.0
Industrial,Chemicals & Petrochemicals,Mechanical drives & machinery,NPG (Yorkshire Electric),5.619660802759706,600.0,0.0
Industrial,Chemicals & Petrochemicals,Mechanical drives & machinery,SPEN (SP Distribution),14.473737410745205,600.0,0.0
Industrial,Chemicals & Petrochemicals,Mechanical drives & machinery,SPEN (SP MANWEB),8.43845899732554,600.0,0.0
Industrial,Chemicals & Petrochemicals,Mechanical drives & machinery,SSE,0.0,600.0,0.0
Industrial,Chemicals & Petrochemicals,Mechanical drives & machinery,SSE (Southern),0.382133074250818,600.0,0.0
Industrial,Chemicals & Petrochemicals,Mechanical drives & machinery,UKPN (East),0.6037403983213303,600.0,0.0
Industrial,Chemicals & Petrochemicals,Mechanical drives & machinery,UKPN (London),0.0,600.0,0.0
Industrial,Chemicals & Petrochemicals,Mechanical drives & machinery,UKPN (South),0.1723878320872593,600.0,0.0
Industrial,Chemicals & Petrochemicals,Mechanical drives & machinery,WPD (East Midlands),0.30074369695071,600.0,0.0
Industrial,Chemicals & Petrochemicals,Mechanical drives & machinery,WPD (Midlands),0.1813689741559096,600.0,0.0
Industrial,Chemicals & Petrochemicals,Mechanical drives & machinery,WPD (South Wales),1.490781436636232,600.0,0.0
Industrial,Chemicals & Petrochemicals,Mechanical drives & machinery,WPD (South West),0.0,600.0,0.0
Industrial,Chemicals & Petrochemicals,Compressed air,ENWL,1.902226451414527,450.0,1.902226451414527
Industrial,Chemicals & Petrochemicals,Compressed air,NPG (Northern Electric),35.857668745240666,450.0,35.857668745240666
Industrial,Chemicals & Petrochemicals,Compressed air,NPG (Yorkshire Electric),10.292047706338634,450.0,10.292047706338634
Industrial,Chemicals & Petrochemicals,Compressed air,SPEN (SP Distribution),26.50772015408017,450.0,26.50772015408017
Industrial,Chemicals & Petrochemicals,Compressed air,SPEN (SP MANWEB),15.454495496562188,450.0,15.454495496562188
Industrial,Chemicals & Petrochemicals,Compressed air,SSE,0.0,450.0,0.0
Industrial,Chemicals & Petrochemicals,Compressed air,SSE (Southern),0.6998521740721212,450.0,0.6998521740721212
Industrial,Chemicals & Petrochemicals,Compressed air,UKPN (East),1.1057117502030696,450.0,1.1057117502030696
Industrial,Chemicals & Petrochemicals,Compressed air,UKPN (London),0.0,450.0,0.0
Industrial,Chemicals & Petrochemicals,Compressed air,UKPN (South),0.3157172388346072,450.0,0.3157172388346072
Industrial,Chemicals & Petrochemicals,Compressed air,WPD (East Midlands),0.5507927586799066,450.0,0.5507927586799066
Industrial,Chemicals & Petrochemicals,Compressed air,WPD (Midlands),0.3321656235098105,450.0,0.3321656235098105
Industrial,Chemicals & Petrochemicals,Compressed air,WPD (South Wales),2.730270420956617,450.0,2.730270420956617
Industrial,Chemicals & Petrochemicals,Compressed air,WPD (South West),0.0,450.0,0.0
Industrial,Chemicals & Petrochemicals,"Fans, blowers & ventilation",ENWL,1.5579796749877963,350.0,1.5579796749877963
Industrial,Chemicals & Petrochemicals,"Fans, blowers & ventilation",NPG (Northern Electric),29.36849030565609,350.0,29.36849030565609
Industrial,Chemicals & Petrochemicals,"Fans, blowers & ventilation",NPG (Yorkshire Electric),8.429491204139559,350.0,8.429491204139559
Industrial,Chemicals & Petrochemicals,"Fans, blowers & ventilation",SPEN (SP Distribution),21.7106061161178,350.0,21.7106061161178
Industrial,Chemicals & Petrochemicals,"Fans, blowers & ventilation",SPEN (SP MANWEB),12.657688495988308,350.0,12.657688495988308
Industrial,Chemicals & Petrochemicals,"Fans, blowers & ventilation",SSE,0.0,350.0,0.0
Industrial,Chemicals & Petrochemicals,"Fans, blowers & ventilation",SSE (Southern),0.573199611376227,350.0,0.573199611376227
Industrial,Chemicals & Petrochemicals,"Fans, blowers & ventilation",UKPN (East),0.9056105974819956,350.0,0.9056105974819956
Industrial,Chemicals & Petrochemicals,"Fans, blowers & ventilation",UKPN (London),0.0,350.0,0.0
Industrial,Chemicals & Petrochemicals,"Fans, blowers & ventilation",UKPN (South),0.2585817481308889,350.0,0.2585817481308889
Industrial,Chemicals & Petrochemicals,"Fans, blowers & ventilation",WPD (East Midlands),0.4511155454260651,350.0,0.4511155454260651
Industrial,Chemicals & Petrochemicals,"Fans, blowers & ventilation",WPD (Midlands),0.2720534612338643,350.0,0.2720534612338643
Industrial,Chemicals & Petrochemicals,"Fans, blowers & ventilation",WPD (South Wales),2.236172154954348,350.0,2.236172154954348
Industrial,Chemicals & Petrochemicals,"Fans, blowers & ventilation",WPD (South West),0.0,350.0,0.0
Industrial,Chemicals & Petrochemicals,Material handling & conveying,ENWL,0.3894949187469489,275.0,0.3894949187469489
Industrial,Chemicals & Petrochemicals,Material handling & conveying,NPG (Northern Electric),7.342122576414018,275.0,7.342122576414018
Industrial,Chemicals & Petrochemicals,Material handling & conveying,NPG (Yorkshire Electric),2.1073728010348884,275.0,2.1073728010348884
Industrial,Chemicals & Petrochemicals,Material handling & conveying,SPEN (SP Distribution),5.427651529029448,275.0,5.427651529029448
Industrial,Chemicals & Petrochemicals,Material handling & conveying,SPEN (SP MANWEB),3.164422123997076,275.0,3.164422123997076
Industrial,Chemicals & Petrochemicals,Material handling & conveying,SSE,0.0,275.0,0.0
Industrial,Chemicals & Petrochemicals,Material handling & conveying,SSE (Southern),0.1432999028440566,275.0,0.1432999028440566
Industrial,Chemicals & Petrochemicals,Material handling & conveying,UKPN (East),0.2264026493704987,275.0,0.2264026493704987
Industrial,Chemicals & Petrochemicals,Material handling & conveying,UKPN (London),0.0,275.0,0.0
Industrial,Chemicals & Petrochemicals,Material handling & conveying,UKPN (South),0.0646454370327222,275.0,0.0646454370327222
Industrial,Chemicals & Petrochemicals,Material handling & conveying,WPD (East Midlands),0.1127788863565162,275.0,0.1127788863565162
Industrial,Chemicals & Petrochemicals,Material handling & conveying,WPD (Midlands),0.068013365308466,275.0,0.068013365308466
Industrial,Chemicals & Petrochemicals,Material handling & conveying,WPD (South Wales),0.5590430387385866,275.0,0.5590430387385866
Industrial,Chemicals & Petrochemicals,Material handling & conveying,WPD (South West),0.0,275.0,0.0
Industrial,Chemicals & Petrochemicals,Electrochemical processes,ENWL,0.0,300.0,0.0
Industrial,Chemicals & Petrochemicals,Electrochemical processes,NPG (Northern Electric),0.0,300.0,0.0
Industrial,Chemicals & Petrochemicals,Electrochemical processes,NPG (Yorkshire Electric),0.0,300.0,0.0
Industrial,Chemicals & Petrochemicals,Electrochemical processes,SPEN (SP Distribution),0.0,300.0,0.0
Industrial,Chemicals & Petrochemicals,Electrochemical processes,SPEN (SP MANWEB),0.0,300.0,0.0
Industrial,Chemicals & Petrochemicals,Electrochemical processes,SSE,0.0,300.0,0.0
Industrial,Chemicals & Petrochemicals,Electrochemical processes,SSE (Southern),0.0,300.0,0.0
Industrial,Chemicals & Petrochemicals,Electrochemical processes,UKPN (East),0.0,300.0,0.0
Industrial,Chemicals & Petrochemicals,Electrochemical processes,UKPN (London),0.0,300.0,0.0
Industrial,Chemicals & Petrochemicals,Electrochemical processes,UKPN (South),0.0,300.0,0.0
Industrial,Chemicals & Petrochemicals,Electrochemical processes,WPD (East Midlands),0.0,300.0,0.0
Industrial,Chemicals & Petrochemicals,Electrochemical processes,WPD (Midlands),0.0,300.0,0.0
Industrial,Chemicals & Petrochemicals,Electrochemical processes,WPD (South Wales),0.0,300.0,0.0
Industrial,Chemicals & Petrochemicals,Electrochemical processes,WPD (South West),0.0,300.0,0.0
Industrial,Chemicals & Petrochemicals,HVAC & space conditioning,ENWL,0.1533893350526967,200.0,0.1533893350526967
Industrial,Chemicals & Petrochemicals,HVAC & space conditioning,NPG (Northern Electric),2.891445422432384,200.0,2.891445422432384
Industrial,Chemicals & Petrochemicals,HVAC & space conditioning,NPG (Yorkshire Electric),0.8299171493656684,200.0,0.8299171493656684
Industrial,Chemicals & Petrochemicals,HVAC & space conditioning,SPEN (SP Distribution),2.1374960721284157,200.0,2.1374960721284157
Industrial,Chemicals & Petrochemicals,HVAC & space conditioning,SPEN (SP MANWEB),1.2462000967496727,200.0,1.2462000967496727
Industrial,Chemicals & Petrochemicals,HVAC & space conditioning,SSE,0.0,200.0,0.0
Industrial,Chemicals & Petrochemicals,HVAC & space conditioning,SSE (Southern),0.0564337960584449,200.0,0.0564337960584449
Industrial,Chemicals & Petrochemicals,HVAC & space conditioning,UKPN (East),0.0891609881659892,200.0,0.0891609881659892
Industrial,Chemicals & Petrochemicals,HVAC & space conditioning,UKPN (London),0.0,200.0,0.0
Industrial,Chemicals & Petrochemicals,HVAC & space conditioning,UKPN (South),0.0254584081161852,200.0,0.0254584081161852
Industrial,Chemicals & Petrochemicals,HVAC & space conditioning,WPD (East Midlands),0.0444141311056453,200.0,0.0444141311056453
Industrial,Chemicals & Petrochemicals,HVAC & space conditioning,WPD (Midlands),0.0267847521937498,200.0,0.0267847521937498
Industrial,Chemicals & Petrochemicals,HVAC & space conditioning,WPD (South Wales),0.2201600992737533,200.0,0.2201600992737533
Industrial,Chemicals & Petrochemicals,HVAC & space conditioning,WPD (South West),0.0,200.0,0.0
Industrial,Chemicals & Petrochemicals,Lighting,ENWL,0.0,175.0,0.0
Industrial,Chemicals & Petrochemicals,Lighting,NPG (Northern Electric),0.0,175.0,0.0
Industrial,Chemicals & Petrochemicals,Lighting,NPG (Yorkshire Electric),0.0,175.0,0.0
Industrial,Chemicals & Petrochemicals,Lighting,SPEN (SP Distribution),0.0,175.0,0.0
Industrial,Chemicals & Petrochemicals,Lighting,SPEN (SP MANWEB),0.0,175.0,0.0
Industrial,Chemicals & Petrochemicals,Lighting,SSE,0.0,175.0,0.0
Industrial,Chemicals & Petrochemicals,Lighting,SSE (Southern),0.0,175.0,0.0
Industrial,Chemicals & Petrochemicals,Lighting,UKPN (East),0.0,175.0,0.0
Industrial,Chemicals & Petrochemicals,Lighting,UKPN (London),0.0,175.0,0.0
Industrial,Chemicals & Petrochemicals,Lighting,UKPN (South),0.0,175.0,0.0
Industrial,Chemicals & Petrochemicals,Lighting,WPD (East Midlands),0.0,175.0,0.0
Industrial,Chemicals & Petrochemicals,Lighting,WPD (Midlands),0.0,175.0,0.0
Industrial,Chemicals & Petrochemicals,Lighting,WPD (South Wales),0.0,175.0,0.0
Industrial,Chemicals & Petrochemicals,Lighting,WPD (South West),0.0,175.0,0.0
Industrial,Chemicals & Petrochemicals,Water & wastewater processes,ENWL,0.0,275.0,0.0
Industrial,Chemicals & Petrochemicals,Water & wastewater processes,NPG (Northern Electric),0.0,275.0,0.0
Industrial,Chemicals & Petrochemicals,Water & wastewater processes,NPG (Yorkshire Electric),0.0,275.0,0.0
Industrial,Chemicals & Petrochemicals,Water & wastewater processes,SPEN (SP Distribution),0.0,275.0,0.0
Industrial,Chemicals & Petrochemicals,Water & wastewater processes,SPEN (SP MANWEB),0.0,275.0,0.0
Industrial,Chemicals & Petrochemicals,Water & wastewater processes,SSE,0.0,275.0,0.0
Industrial,Chemicals & Petrochemicals,Water & wastewater processes,SSE (Southern),0.0,275.0,0.0
Industrial,Chemicals & Petrochemicals,Water & wastewater processes,UKPN (East),0.0,275.0,0.0
Industrial,Chemicals & Petrochemicals,Water & wastewater processes,UKPN (London),0.0,275.0,0.0
Industrial,Chemicals & Petrochemicals,Water & wastewater processes,UKPN (South),0.0,275.0,0.0
Industrial,Chemicals & Petrochemicals,Water & wastewater processes,WPD (East Midlands),0.0,275.0,0.0
Industrial,Chemicals & Petrochemicals,Water & wastewater processes,WPD (Midlands),0.0,275.0,0.0
Industrial,Chemicals & Petrochemicals,Water & wastewater processes,WPD (South Wales),0.0,275.0,0.0
Industrial,Chemicals & Petrochemicals,Water & wastewater processes,WPD (South West),0.0,275.0,0.0
Industrial,Chemicals & Petrochemicals,Other electrical/process loads,ENWL,0.3980728727913096,500.0,0.3980728727913096
Industrial,Chemicals & Petrochemicals,Other electrical/process loads,NPG (Northern Electric),7.50382016736375,500.0,7.50382016736375
Industrial,Chemicals & Petrochemicals,Other electrical/process loads,NPG (Yorkshire Electric),2.153784053586703,500.0,2.153784053586703
Industrial,Chemicals & Petrochemicals,Other electrical/process loads,SPEN (SP Distribution),5.547186195963235,500.0,5.547186195963235
Industrial,Chemicals & Petrochemicals,Other electrical/process loads,SPEN (SP MANWEB),3.234113065393517,500.0,3.234113065393517
Industrial,Chemicals & Petrochemicals,Other electrical/process loads,SSE,0.0,500.0,0.0
Industrial,Chemicals & Petrochemicals,Other electrical/process loads,SSE (Southern),0.1464558361361063,500.0,0.1464558361361063
Industrial,Chemicals & Petrochemicals,Other electrical/process loads,UKPN (East),0.231388777374606,500.0,0.231388777374606
Industrial,Chemicals & Petrochemicals,Other electrical/process loads,UKPN (London),0.0,500.0,0.0
Industrial,Chemicals & Petrochemicals,Other electrical/process loads,UKPN (South),0.0660691413260369,500.0,0.0660691413260369
Industrial,Chemicals & Petrochemicals,Other electrical/process loads,WPD (East Midlands),0.1152626468827193,500.0,0.1152626468827193
Industrial,Chemicals & Petrochemicals,Other electrical/process loads,WPD (Midlands),0.0695112424152978,500.0,0.0695112424152978
Industrial,Chemicals & Petrochemicals,Other electrical/process loads,WPD (South Wales),0.5713549978022553,500.0,0.5713549978022553
Industrial,Chemicals & Petrochemicals,Other electrical/process loads,WPD (South West),0.0,500.0,0.0
Industrial,Metals & Metal Processing,High-temperature process heat,ENWL,0.4791273521121068,1150.0,0.0
Industrial,Metals & Metal Processing,High-temperature process heat,NPG (Northern Electric),0.4927113532265191,1150.0,0.0
Industrial,Metals & Metal Processing,High-temperature process heat,NPG (Yorkshire Electric),17.781319731230642,1150.0,0.0
Industrial,Metals & Metal Processing,High-temperature process heat,SPEN (SP Distribution),4.141671109855073,1150.0,0.0
Industrial,Metals & Metal Processing,High-temperature process heat,SPEN (SP MANWEB),5.187509704780288,1150.0,0.0
Industrial,Metals & Metal Processing,High-temperature process heat,SSE,0.2886727985823382,1150.0,0.0
Industrial,Metals & Metal Processing,High-temperature process heat,SSE (Southern),5.724070405973962,1150.0,0.0
Industrial,Metals & Metal Processing,High-temperature process heat,UKPN (East),0.3056671396890766,1150.0,0.0
Industrial,Metals & Metal Processing,High-temperature process heat,UKPN (London),0.0,1150.0,0.0
Industrial,Metals & Metal Processing,High-temperature process heat,UKPN (South),0.517762779645196,1150.0,0.0
Industrial,Metals & Metal Processing,High-temperature process heat,WPD (East Midlands),0.6635962287834505,1150.0,0.0
Industrial,Metals & Metal Processing,High-temperature process heat,WPD (Midlands),0.3648064165492922,1150.0,0.0
Industrial,Metals & Metal Processing,High-temperature process heat,WPD (South Wales),17.344354150078768,1150.0,0.0
Industrial,Metals & Metal Processing,High-temperature process heat,WPD (South West),0.2216346966922779,1150.0,0.0
Industrial,Metals & Metal Processing,Low/medium-temperature process heat,ENWL,0.0,500.0,0.0
Industrial,Metals & Metal Processing,Low/medium-temperature process heat,NPG (Northern Electric),0.0,500.0,0.0
Industrial,Metals & Metal Processing,Low/medium-temperature process heat,NPG (Yorkshire Electric),0.0,500.0,0.0
Industrial,Metals & Metal Processing,Low/medium-temperature process heat,SPEN (SP Distribution),0.0,500.0,0.0
Industrial,Metals & Metal Processing,Low/medium-temperature process heat,SPEN (SP MANWEB),0.0,500.0,0.0
Industrial,Metals & Metal Processing,Low/medium-temperature process heat,SSE,0.0,500.0,0.0
Industrial,Metals & Metal Processing,Low/medium-temperature process heat,SSE (Southern),0.0,500.0,0.0
Industrial,Metals & Metal Processing,Low/medium-temperature process heat,UKPN (East),0.0,500.0,0.0
Industrial,Metals & Metal Processing,Low/medium-temperature process heat,UKPN (London),0.0,500.0,0.0
Industrial,Metals & Metal Processing,Low/medium-temperature process heat,UKPN (South),0.0,500.0,0.0
Industrial,Metals & Metal Processing,Low/medium-temperature process heat,WPD (East Midlands),0.0,500.0,0.0
Industrial,Metals & Metal Processing,Low/medium-temperature process heat,WPD (Midlands),0.0,500.0,0.0
Industrial,Metals & Metal Processing,Low/medium-temperature process heat,WPD (South Wales),0.0,500.0,0.0
Industrial,Metals & Metal Processing,Low/medium-temperature process heat,WPD (South West),0.0,500.0,0.0
Industrial,Metals & Metal Processing,Steam generation,ENWL,0.0,450.0,0.0
Industrial,Metals & Metal Processing,Steam generation,NPG (Northern Electric),0.0,450.0,0.0
Industrial,Metals & Metal Processing,Steam generation,NPG (Yorkshire Electric),0.0,450.0,0.0
Industrial,Metals & Metal Processing,Steam generation,SPEN (SP Distribution),0.0,450.0,0.0
Industrial,Metals & Metal Processing,Steam generation,SPEN (SP MANWEB),0.0,450.0,0.0
Industrial,Metals & Metal Processing,Steam generation,SSE,0.0,450.0,0.0
Industrial,Metals & Metal Processing,Steam generation,SSE (Southern),0.0,450.0,0.0
Industrial,Metals & Metal Processing,Steam generation,UKPN (East),0.0,450.0,0.0
Industrial,Metals & Metal Processing,Steam generation,UKPN (London),0.0,450.0,0.0
Industrial,Metals & Metal Processing,Steam generation,UKPN (South),0.0,450.0,0.0
Industrial,Metals & Metal Processing,Steam generation,WPD (East Midlands),0.0,450.0,0.0
Industrial,Metals & Metal Processing,Steam generation,WPD (Midlands),0.0,450.0,0.0
Industrial,Metals & Metal Processing,Steam generation,WPD (South Wales),0.0,450.0,0.0
Industrial,Metals & Metal Processing,Steam generation,WPD (South West),0.0,450.0,0.0
Industrial,Metals & Metal Processing,Drying & evaporation,ENWL,0.0,500.0,0.0
Industrial,Metals & Metal Processing,Drying & evaporation,NPG (Northern Electric),0.0,500.0,0.0
Industrial,Metals & Metal Processing,Drying & evaporation,NPG (Yorkshire Electric),0.0,500.0,0.0
Industrial,Metals & Metal Processing,Drying & evaporation,SPEN (SP Distribution),0.0,500.0,0.0
Industrial,Metals & Metal Processing,Drying & evaporation,SPEN (SP MANWEB),0.0,500.0,0.0
Industrial,Metals & Metal Processing,Drying & evaporation,SSE,0.0,500.0,0.0
Industrial,Metals & Metal Processing,Drying & evaporation,SSE (Southern),0.0,500.0,0.0
Industrial,Metals & Metal Processing,Drying & evaporation,UKPN (East),0.0,500.0,0.0
Industrial,Metals & Metal Processing,Drying & evaporation,UKPN (London),0.0,500.0,0.0
Industrial,Metals & Metal Processing,Drying & evaporation,UKPN (South),0.0,500.0,0.0
Industrial,Metals & Metal Processing,Drying & evaporation,WPD (East Midlands),0.0,500.0,0.0
Industrial,Metals & Metal Processing,Drying & evaporation,WPD (Midlands),0.0,500.0,0.0
Industrial,Metals & Metal Processing,Drying & evaporation,WPD (South Wales),0.0,500.0,0.0
Industrial,Metals & Metal Processing,Drying & evaporation,WPD (South West),0.0,500.0,0.0
Industrial,Metals & Metal Processing,Refrigeration & process cooling,ENWL,0.0,275.0,0.0
Industrial,Metals & Metal Processing,Refrigeration & process cooling,NPG (Northern Electric),0.0,275.0,0.0
Industrial,Metals & Metal Processing,Refrigeration & process cooling,NPG (Yorkshire Electric),0.0,275.0,0.0
Industrial,Metals & Metal Processing,Refrigeration & process cooling,SPEN (SP Distribution),0.0,275.0,0.0
Industrial,Metals & Metal Processing,Refrigeration & process cooling,SPEN (SP MANWEB),0.0,275.0,0.0
Industrial,Metals & Metal Processing,Refrigeration & process cooling,SSE,0.0,275.0,0.0
Industrial,Metals & Metal Processing,Refrigeration & process cooling,SSE (Southern),0.0,275.0,0.0
Industrial,Metals & Metal Processing,Refrigeration & process cooling,UKPN (East),0.0,275.0,0.0
Industrial,Metals & Metal Processing,Refrigeration & process cooling,UKPN (London),0.0,275.0,0.0
Industrial,Metals & Metal Processing,Refrigeration & process cooling,UKPN (South),0.0,275.0,0.0
Industrial,Metals & Metal Processing,Refrigeration & process cooling,WPD (East Midlands),0.0,275.0,0.0
Industrial,Metals & Metal Processing,Refrigeration & process cooling,WPD (Midlands),0.0,275.0,0.0
Industrial,Metals & Metal Processing,Refrigeration & process cooling,WPD (South Wales),0.0,275.0,0.0
Industrial,Metals & Metal Processing,Refrigeration & process cooling,WPD (South West),0.0,275.0,0.0
Industrial,Metals & Metal Processing,Pumping & fluid handling,ENWL,0.0225532626098642,225.0,0.0225532626098642
Industrial,Metals & Metal Processing,Pumping & fluid handling,NPG (Northern Electric),0.0231926824698983,225.0,0.0231926824698983
Industrial,Metals & Metal Processing,Pumping & fluid handling,NPG (Yorkshire Electric),0.8369941137373692,225.0,0.8369941137373692
Industrial,Metals & Metal Processing,Pumping & fluid handling,SPEN (SP Distribution),0.1949548398196928,225.0,0.1949548398196928
Industrial,Metals & Metal Processing,Pumping & fluid handling,SPEN (SP MANWEB),0.2441840737068887,225.0,0.2441840737068887
Industrial,Metals & Metal Processing,Pumping & fluid handling,SSE,0.0135882733599992,225.0,0.0135882733599992
Industrial,Metals & Metal Processing,Pumping & fluid handling,SSE (Southern),0.2694408125401215,225.0,0.2694408125401215
Industrial,Metals & Metal Processing,Pumping & fluid handling,UKPN (East),0.0143882231774586,225.0,0.0143882231774586
Industrial,Metals & Metal Processing,Pumping & fluid handling,UKPN (London),0.0,225.0,0.0
Industrial,Metals & Metal Processing,Pumping & fluid handling,UKPN (South),0.0243718917057758,225.0,0.0243718917057758
Industrial,Metals & Metal Processing,Pumping & fluid handling,WPD (East Midlands),0.03123649682844,225.0,0.03123649682844
Industrial,Metals & Metal Processing,Pumping & fluid handling,WPD (Midlands),0.0171720000495288,225.0,0.0171720000495288
Industrial,Metals & Metal Processing,Pumping & fluid handling,WPD (South Wales),0.8164254706412342,225.0,0.8164254706412342
Industrial,Metals & Metal Processing,Pumping & fluid handling,WPD (South West),0.0104326866248057,225.0,0.0104326866248057
Industrial,Metals & Metal Processing,Mechanical drives & machinery,ENWL,0.0526242794230165,600.0,0.0
Industrial,Metals & Metal Processing,Mechanical drives & machinery,NPG (Northern Electric),0.0541162590964294,600.0,0.0
Industrial,Metals & Metal Processing,Mechanical drives & machinery,NPG (Yorkshire Electric),1.9529862653871943,600.0,0.0
Industrial,Metals & Metal Processing,Mechanical drives & machinery,SPEN (SP Distribution),0.4548946262459499,600.0,0.0
Industrial,Metals & Metal Processing,Mechanical drives & machinery,SPEN (SP MANWEB),0.569762838649407,600.0,0.0
Industrial,Metals & Metal Processing,Mechanical drives & machinery,SSE,0.0317059711733315,600.0,0.0
Industrial,Metals & Metal Processing,Mechanical drives & machinery,SSE (Southern),0.6286952292602835,600.0,0.0
Industrial,Metals & Metal Processing,Mechanical drives & machinery,UKPN (East),0.0335725207474034,600.0,0.0
Industrial,Metals & Metal Processing,Mechanical drives & machinery,UKPN (London),0.0,600.0,0.0
Industrial,Metals & Metal Processing,Mechanical drives & machinery,UKPN (South),0.0568677473134768,600.0,0.0
Industrial,Metals & Metal Processing,Mechanical drives & machinery,WPD (East Midlands),0.0728851592663601,600.0,0.0
Industrial,Metals & Metal Processing,Mechanical drives & machinery,WPD (Midlands),0.0400680001155672,600.0,0.0
Industrial,Metals & Metal Processing,Mechanical drives & machinery,WPD (South Wales),1.904992764829546,600.0,0.0
Industrial,Metals & Metal Processing,Mechanical drives & machinery,WPD (South West),0.0243429354578799,600.0,0.0
Industrial,Metals & Metal Processing,Compressed air,ENWL,0.0,400.0,0.0
Industrial,Metals & Metal Processing,Compressed air,NPG (Northern Electric),0.0,400.0,0.0
Industrial,Metals & Metal Processing,Compressed air,NPG (Yorkshire Electric),0.0,400.0,0.0
Industrial,Metals & Metal Processing,Compressed air,SPEN (SP Distribution),0.0,400.0,0.0
Industrial,Metals & Metal Processing,Compressed air,SPEN (SP MANWEB),0.0,400.0,0.0
Industrial,Metals & Metal Processing,Compressed air,SSE,0.0,400.0,0.0
Industrial,Metals & Metal Processing,Compressed air,SSE (Southern),0.0,400.0,0.0
Industrial,Metals & Metal Processing,Compressed air,UKPN (East),0.0,400.0,0.0
Industrial,Metals & Metal Processing,Compressed air,UKPN (London),0.0,400.0,0.0
Industrial,Metals & Metal Processing,Compressed air,UKPN (South),0.0,400.0,0.0
Industrial,Metals & Metal Processing,Compressed air,WPD (East Midlands),0.0,400.0,0.0
Industrial,Metals & Metal Processing,Compressed air,WPD (Midlands),0.0,400.0,0.0
Industrial,Metals & Metal Processing,Compressed air,WPD (South Wales),0.0,400.0,0.0
Industrial,Metals & Metal Processing,Compressed air,WPD (South West),0.0,400.0,0.0
Industrial,Metals & Metal Processing,"Fans, blowers & ventilation",ENWL,0.0225532626098642,250.0,0.0225532626098642
Industrial,Metals & Metal Processing,"Fans, blowers & ventilation",NPG (Northern Electric),0.0231926824698983,250.0,0.0231926824698983
Industrial,Metals & Metal Processing,"Fans, blowers & ventilation",NPG (Yorkshire Electric),0.8369941137373692,250.0,0.8369941137373692
Industrial,Metals & Metal Processing,"Fans, blowers & ventilation",SPEN (SP Distribution),0.1949548398196928,250.0,0.1949548398196928
Industrial,Metals & Metal Processing,"Fans, blowers & ventilation",SPEN (SP MANWEB),0.2441840737068887,250.0,0.2441840737068887
Industrial,Metals & Metal Processing,"Fans, blowers & ventilation",SSE,0.0135882733599992,250.0,0.0135882733599992
Industrial,Metals & Metal Processing,"Fans, blowers & ventilation",SSE (Southern),0.2694408125401215,250.0,0.2694408125401215
Industrial,Metals & Metal Processing,"Fans, blowers & ventilation",UKPN (East),0.0143882231774586,250.0,0.0143882231774586
Industrial,Metals & Metal Processing,"Fans, blowers & ventilation",UKPN (London),0.0,250.0,0.0
Industrial,Metals & Metal Processing,"Fans, blowers & ventilation",UKPN (South),0.0243718917057758,250.0,0.0243718917057758
Industrial,Metals & Metal Processing,"Fans, blowers & ventilation",WPD (East Midlands),0.03123649682844,250.0,0.03123649682844
Industrial,Metals & Metal Processing,"Fans, blowers & ventilation",WPD (Midlands),0.0171720000495288,250.0,0.0171720000495288
Industrial,Metals & Metal Processing,"Fans, blowers & ventilation",WPD (South Wales),0.8164254706412342,250.0,0.8164254706412342
Industrial,Metals & Metal Processing,"Fans, blowers & ventilation",WPD (South West),0.0104326866248057,250.0,0.0104326866248057
Industrial,Metals & Metal Processing,Material handling & conveying,ENWL,0.0563831565246605,425.0,0.0563831565246605
Industrial,Metals & Metal Processing,Material handling & conveying,NPG (Northern Electric),0.0579817061747458,425.0,0.0579817061747458
Industrial,Metals & Metal Processing,Material handling & conveying,NPG (Yorkshire Electric),2.0924852843434225,425.0,2.0924852843434225
Industrial,Metals & Metal Processing,Material handling & conveying,SPEN (SP Distribution),0.487387099549232,425.0,0.487387099549232
Industrial,Metals & Metal Processing,Material handling & conveying,SPEN (SP MANWEB),0.6104601842672217,425.0,0.6104601842672217
Industrial,Metals & Metal Processing,Material handling & conveying,SSE,0.0339706833999981,425.0,0.0339706833999981
Industrial,Metals & Metal Processing,Material handling & conveying,SSE (Southern),0.6736020313503036,425.0,0.6736020313503036
Industrial,Metals & Metal Processing,Material handling & conveying,UKPN (East),0.0359705579436465,425.0,0.0359705579436465
Industrial,Metals & Metal Processing,Material handling & conveying,UKPN (London),0.0,425.0,0.0
Industrial,Metals & Metal Processing,Material handling & conveying,UKPN (South),0.0609297292644394,425.0,0.0609297292644394
Industrial,Metals & Metal Processing,Material handling & conveying,WPD (East Midlands),0.0780912420711001,425.0,0.0780912420711001
Industrial,Metals & Metal Processing,Material handling & conveying,WPD (Midlands),0.042930000123822,425.0,0.042930000123822
Industrial,Metals & Metal Processing,Material handling & conveying,WPD (South Wales),2.0410636766030845,425.0,2.0410636766030845
Industrial,Metals & Metal Processing,Material handling & conveying,WPD (South West),0.0260817165620142,425.0,0.0260817165620142
Industrial,Metals & Metal Processing,Electrochemical processes,ENWL,0.0,300.0,0.0
Industrial,Metals & Metal Processing,Electrochemical processes,NPG (Northern Electric),0.0,300.0,0.0
Industrial,Metals & Metal Processing,Electrochemical processes,NPG (Yorkshire Electric),0.0,300.0,0.0
Industrial,Metals & Metal Processing,Electrochemical processes,SPEN (SP Distribution),0.0,300.0,0.0
Industrial,Metals & Metal Processing,Electrochemical processes,SPEN (SP MANWEB),0.0,300.0,0.0
Industrial,Metals & Metal Processing,Electrochemical processes,SSE,0.0,300.0,0.0
Industrial,Metals & Metal Processing,Electrochemical processes,SSE (Southern),0.0,300.0,0.0
Industrial,Metals & Metal Processing,Electrochemical processes,UKPN (East),0.0,300.0,0.0
Industrial,Metals & Metal Processing,Electrochemical processes,UKPN (London),0.0,300.0,0.0
Industrial,Metals & Metal Processing,Electrochemical processes,UKPN (South),0.0,300.0,0.0
Industrial,Metals & Metal Processing,Electrochemical processes,WPD (East Midlands),0.0,300.0,0.0
Industrial,Metals & Metal Processing,Electrochemical processes,WPD (Midlands),0.0,300.0,0.0
Industrial,Metals & Metal Processing,Electrochemical processes,WPD (South Wales),0.0,300.0,0.0
Industrial,Metals & Metal Processing,Electrochemical processes,WPD (South West),0.0,300.0,0.0
Industrial,Metals & Metal Processing,HVAC & space conditioning,ENWL,0.0,200.0,0.0
Industrial,Metals & Metal Processing,HVAC & space conditioning,NPG (Northern Electric),0.0,200.0,0.0
Industrial,Metals & Metal Processing,HVAC & space conditioning,NPG (Yorkshire Electric),0.0,200.0,0.0
Industrial,Metals & Metal Processing,HVAC & space conditioning,SPEN (SP Distribution),0.0,200.0,0.0
Industrial,Metals & Metal Processing,HVAC & space conditioning,SPEN (SP MANWEB),0.0,200.0,0.0
Industrial,Metals & Metal Processing,HVAC & space conditioning,SSE,0.0,200.0,0.0
Industrial,Metals & Metal Processing,HVAC & space conditioning,SSE (Southern),0.0,200.0,0.0
Industrial,Metals & Metal Processing,HVAC & space conditioning,UKPN (East),0.0,200.0,0.0
Industrial,Metals & Metal Processing,HVAC & space conditioning,UKPN (London),0.0,200.0,0.0
Industrial,Metals & Metal Processing,HVAC & space conditioning,UKPN (South),0.0,200.0,0.0
Industrial,Metals & Metal Processing,HVAC & space conditioning,WPD (East Midlands),0.0,200.0,0.0
Industrial,Metals & Metal Processing,HVAC & space conditioning,WPD (Midlands),0.0,200.0,0.0
Industrial,Metals & Metal Processing,HVAC & space conditioning,WPD (South Wales),0.0,200.0,0.0
Industrial,Metals & Metal Processing,HVAC & space conditioning,WPD (South West),0.0,200.0,0.0
Industrial,Metals & Metal Processing,Lighting,ENWL,0.0,175.0,0.0
Industrial,Metals & Metal Processing,Lighting,NPG (Northern Electric),0.0,175.0,0.0
Industrial,Metals & Metal Processing,Lighting,NPG (Yorkshire Electric),0.0,175.0,0.0
Industrial,Metals & Metal Processing,Lighting,SPEN (SP Distribution),0.0,175.0,0.0
Industrial,Metals & Metal Processing,Lighting,SPEN (SP MANWEB),0.0,175.0,0.0
Industrial,Metals & Metal Processing,Lighting,SSE,0.0,175.0,0.0
Industrial,Metals & Metal Processing,Lighting,SSE (Southern),0.0,175.0,0.0
Industrial,Metals & Metal Processing,Lighting,UKPN (East),0.0,175.0,0.0
Industrial,Metals & Metal Processing,Lighting,UKPN (London),0.0,175.0,0.0
Industrial,Metals & Metal Processing,Lighting,UKPN (South),0.0,175.0,0.0
Industrial,Metals & Metal Processing,Lighting,WPD (East Midlands),0.0,175.0,0.0
Industrial,Metals & Metal Processing,Lighting,WPD (Midlands),0.0,175.0,0.0
Industrial,Metals & Metal Processing,Lighting,WPD (South Wales),0.0,175.0,0.0
Industrial,Metals & Metal Processing,Lighting,WPD (South West),0.0,175.0,0.0
Industrial,Metals & Metal Processing,Water & wastewater processes,ENWL,0.0,275.0,0.0
Industrial,Metals & Metal Processing,Water & wastewater processes,NPG (Northern Electric),0.0,275.0,0.0
Industrial,Metals & Metal Processing,Water & wastewater processes,NPG (Yorkshire Electric),0.0,275.0,0.0
Industrial,Metals & Metal Processing,Water & wastewater processes,SPEN (SP Distribution),0.0,275.0,0.0
Industrial,Metals & Metal Processing,Water & wastewater processes,SPEN (SP MANWEB),0.0,275.0,0.0
Industrial,Metals & Metal Processing,Water & wastewater processes,SSE,0.0,275.0,0.0
Industrial,Metals & Metal Processing,Water & wastewater processes,SSE (Southern),0.0,275.0,0.0
Industrial,Metals & Metal Processing,Water & wastewater processes,UKPN (East),0.0,275.0,0.0
Industrial,Metals & Metal Processing,Water & wastewater processes,UKPN (London),0.0,275.0,0.0
Industrial,Metals & Metal Processing,Water & wastewater processes,UKPN (South),0.0,275.0,0.0
Industrial,Metals & Metal Processing,Water & wastewater processes,WPD (East Midlands),0.0,275.0,0.0
Industrial,Metals & Metal Processing,Water & wastewater processes,WPD (Midlands),0.0,275.0,0.0
Industrial,Metals & Metal Processing,Water & wastewater processes,WPD (South Wales),0.0,275.0,0.0
Industrial,Metals & Metal Processing,Water & wastewater processes,WPD (South West),0.0,275.0,0.0
Industrial,Metals & Metal Processing,Other electrical/process loads,ENWL,0.0660864697721841,500.0,0.0660864697721841
Industrial,Metals & Metal Processing,Other electrical/process loads,NPG (Northern Electric),0.0679601233531696,500.0,0.0679601233531696
Industrial,Metals & Metal Processing,Other electrical/process loads,NPG (Yorkshire Electric),2.4525935406262587,500.0,2.4525935406262587
Industrial,Metals & Metal Processing,Other electrical/process loads,SPEN (SP Distribution),0.5712644485880306,500.0,0.5712644485880306
Industrial,Metals & Metal Processing,Other electrical/process loads,SPEN (SP MANWEB),0.715517913528886,500.0,0.715517913528886
Industrial,Metals & Metal Processing,Other electrical/process loads,SSE,0.0398169006496205,500.0,0.0398169006496205
Industrial,Metals & Metal Processing,Other electrical/process loads,SSE (Southern),0.7895262171752221,500.0,0.7895262171752221
Industrial,Metals & Metal Processing,Other electrical/process loads,UKPN (East),0.0421609455155581,500.0,0.0421609455155581
Industrial,Metals & Metal Processing,Other electrical/process loads,UKPN (London),0.0,500.0,0.0
Industrial,Metals & Metal Processing,Other electrical/process loads,UKPN (South),0.0714154892960027,500.0,0.0714154892960027
Industrial,Metals & Metal Processing,Other electrical/process loads,WPD (East Midlands),0.0915304290625673,500.0,0.0915304290625673
Industrial,Metals & Metal Processing,Other electrical/process loads,WPD (Midlands),0.0503180795538106,500.0,0.0503180795538106
Industrial,Metals & Metal Processing,Other electrical/process loads,WPD (South Wales),2.3923224821217097,500.0,2.3923224821217097
Industrial,Metals & Metal Processing,Other electrical/process loads,WPD (South West),0.0305702745185674,500.0,0.0305702745185674
Industrial,"Minerals, Cement & Glass",High-temperature process heat,ENWL,0.0,1050.0,0.0
Industrial,"Minerals, Cement & Glass",High-temperature process heat,NPG (Northern Electric),0.0,1050.0,0.0
Industrial,"Minerals, Cement & Glass",High-temperature process heat,NPG (Yorkshire Electric),0.0,1050.0,0.0
Industrial,"Minerals, Cement & Glass",High-temperature process heat,SPEN (SP Distribution),0.0,1050.0,0.0
Industrial,"Minerals, Cement & Glass",High-temperature process heat,SPEN (SP MANWEB),0.0,1050.0,0.0
Industrial,"Minerals, Cement & Glass",High-temperature process heat,SSE,0.0,1050.0,0.0
Industrial,"Minerals, Cement & Glass",High-temperature process heat,SSE (Southern),0.0,1050.0,0.0
Industrial,"Minerals, Cement & Glass",High-temperature process heat,UKPN (East),0.0,1050.0,0.0
Industrial,"Minerals, Cement & Glass",High-temperature process heat,UKPN (London),0.0,1050.0,0.0
Industrial,"Minerals, Cement & Glass",High-temperature process heat,UKPN (South),0.0,1050.0,0.0
Industrial,"Minerals, Cement & Glass",High-temperature process heat,WPD (East Midlands),0.0,1050.0,0.0
Industrial,"Minerals, Cement & Glass",High-temperature process heat,WPD (Midlands),0.0,1050.0,0.0
Industrial,"Minerals, Cement & Glass",High-temperature process heat,WPD (South Wales),0.0,1050.0,0.0
Industrial,"Minerals, Cement & Glass",High-temperature process heat,WPD (South West),0.0,1050.0,0.0
Industrial,"Minerals, Cement & Glass",Low/medium-temperature process heat,ENWL,0.0424130205699726,500.0,0.0424130205699726
Industrial,"Minerals, Cement & Glass",Low/medium-temperature process heat,NPG (Northern Electric),0.002247725926111,500.0,0.002247725926111
Industrial,"Minerals, Cement & Glass",Low/medium-temperature process heat,NPG (Yorkshire Electric),0.1006180492313609,500.0,0.1006180492313609
Industrial,"Minerals, Cement & Glass",Low/medium-temperature process heat,SPEN (SP Distribution),0.047663800355208,500.0,0.047663800355208
Industrial,"Minerals, Cement & Glass",Low/medium-temperature process heat,SPEN (SP MANWEB),0.0574691826569899,500.0,0.0574691826569899
Industrial,"Minerals, Cement & Glass",Low/medium-temperature process heat,SSE,0.0027446999570061,500.0,0.0027446999570061
Industrial,"Minerals, Cement & Glass",Low/medium-temperature process heat,SSE (Southern),0.054424441354822,500.0,0.054424441354822
Industrial,"Minerals, Cement & Glass",Low/medium-temperature process heat,UKPN (East),0.0029062820926769,500.0,0.0029062820926769
Industrial,"Minerals, Cement & Glass",Low/medium-temperature process heat,UKPN (London),0.0,500.0,0.0
Industrial,"Minerals, Cement & Glass",Low/medium-temperature process heat,UKPN (South),0.0049228866938988,500.0,0.0049228866938988
Industrial,"Minerals, Cement & Glass",Low/medium-temperature process heat,WPD (East Midlands),0.0454779929351962,500.0,0.0454779929351962
Industrial,"Minerals, Cement & Glass",Low/medium-temperature process heat,WPD (Midlands),0.0151370413744327,500.0,0.0151370413744327
Industrial,"Minerals, Cement & Glass",Low/medium-temperature process heat,WPD (South Wales),0.046737373995719,500.0,0.046737373995719
Industrial,"Minerals, Cement & Glass",Low/medium-temperature process heat,WPD (South West),0.002107301919231,500.0,0.002107301919231
Industrial,"Minerals, Cement & Glass",Steam generation,ENWL,0.0074846506888187,450.0,0.0074846506888187
Industrial,"Minerals, Cement & Glass",Steam generation,NPG (Northern Electric),0.0003966575163725,450.0,0.0003966575163725
Industrial,"Minerals, Cement & Glass",Steam generation,NPG (Yorkshire Electric),0.017756126334946,450.0,0.017756126334946
Industrial,"Minerals, Cement & Glass",Steam generation,SPEN (SP Distribution),0.0084112588862131,450.0,0.0084112588862131
Industrial,"Minerals, Cement & Glass",Steam generation,SPEN (SP MANWEB),0.0101416204688805,450.0,0.0101416204688805
Industrial,"Minerals, Cement & Glass",Steam generation,SSE,0.0004843588159422,450.0,0.0004843588159422
Industrial,"Minerals, Cement & Glass",Steam generation,SSE (Southern),0.0096043131802627,450.0,0.0096043131802627
Industrial,"Minerals, Cement & Glass",Steam generation,UKPN (East),0.0005128733104724,450.0,0.0005128733104724
Industrial,"Minerals, Cement & Glass",Steam generation,UKPN (London),0.0,450.0,0.0
Industrial,"Minerals, Cement & Glass",Steam generation,UKPN (South),0.000868744710688,450.0,0.000868744710688
Industrial,"Minerals, Cement & Glass",Steam generation,WPD (East Midlands),0.0080255281650346,450.0,0.0080255281650346
Industrial,"Minerals, Cement & Glass",Steam generation,WPD (Midlands),0.0026712425954881,450.0,0.0026712425954881
Industrial,"Minerals, Cement & Glass",Steam generation,WPD (South Wales),0.0082477718815974,450.0,0.0082477718815974
Industrial,"Minerals, Cement & Glass",Steam generation,WPD (South West),0.000371876809276,450.0,0.000371876809276
Industrial,"Minerals, Cement & Glass",Drying & evaporation,ENWL,0.0942068033365979,500.0,0.0942068033365979
Industrial,"Minerals, Cement & Glass",Drying & evaporation,NPG (Northern Electric),0.004992595939409,500.0,0.004992595939409
Industrial,"Minerals, Cement & Glass",Drying & evaporation,NPG (Yorkshire Electric),0.2234904434691871,500.0,0.2234904434691871
Industrial,"Minerals, Cement & Glass",Drying & evaporation,SPEN (SP Distribution),0.1058697118478029,500.0,0.1058697118478029
Industrial,"Minerals, Cement & Glass",Drying & evaporation,SPEN (SP MANWEB),0.1276491963016433,500.0,0.1276491963016433
Industrial,"Minerals, Cement & Glass",Drying & evaporation,SSE,0.0060964629633265,500.0,0.0060964629633265
Industrial,"Minerals, Cement & Glass",Drying & evaporation,SSE (Southern),0.1208862885622398,500.0,0.1208862885622398
Industrial,"Minerals, Cement & Glass",Drying & evaporation,UKPN (East),0.006455365401146,500.0,0.006455365401146
Industrial,"Minerals, Cement & Glass",Drying & evaporation,UKPN (London),0.0,500.0,0.0
Industrial,"Minerals, Cement & Glass",Drying & evaporation,UKPN (South),0.01093460009186,500.0,0.01093460009186
Industrial,"Minerals, Cement & Glass",Drying & evaporation,WPD (East Midlands),0.1010146478372356,500.0,0.1010146478372356
Industrial,"Minerals, Cement & Glass",Drying & evaporation,WPD (Midlands),0.0336220401352105,500.0,0.0336220401352105
Industrial,"Minerals, Cement & Glass",Drying & evaporation,WPD (South Wales),0.1038119554163734,500.0,0.1038119554163734
Industrial,"Minerals, Cement & Glass",Drying & evaporation,WPD (South West),0.0046806894394214,500.0,0.0046806894394214
Industrial,"Minerals, Cement & Glass",Refrigeration & process cooling,ENWL,0.0,275.0,0.0
Industrial,"Minerals, Cement & Glass",Refrigeration & process cooling,NPG (Northern Electric),0.0,275.0,0.0
Industrial,"Minerals, Cement & Glass",Refrigeration & process cooling,NPG (Yorkshire Electric),0.0,275.0,0.0
Industrial,"Minerals, Cement & Glass",Refrigeration & process cooling,SPEN (SP Distribution),0.0,275.0,0.0
Industrial,"Minerals, Cement & Glass",Refrigeration & process cooling,SPEN (SP MANWEB),0.0,275.0,0.0
Industrial,"Minerals, Cement & Glass",Refrigeration & process cooling,SSE,0.0,275.0,0.0
Industrial,"Minerals, Cement & Glass",Refrigeration & process cooling,SSE (Southern),0.0,275.0,0.0
Industrial,"Minerals, Cement & Glass",Refrigeration & process cooling,UKPN (East),0.0,275.0,0.0
Industrial,"Minerals, Cement & Glass",Refrigeration & process cooling,UKPN (London),0.0,275.0,0.0
Industrial,"Minerals, Cement & Glass",Refrigeration & process cooling,UKPN (South),0.0,275.0,0.0
Industrial,"Minerals, Cement & Glass",Refrigeration & process cooling,WPD (East Midlands),0.0,275.0,0.0
Industrial,"Minerals, Cement & Glass",Refrigeration & process cooling,WPD (Midlands),0.0,275.0,0.0
Industrial,"Minerals, Cement & Glass",Refrigeration & process cooling,WPD (South Wales),0.0,275.0,0.0
Industrial,"Minerals, Cement & Glass",Refrigeration & process cooling,WPD (South West),0.0,275.0,0.0
Industrial,"Minerals, Cement & Glass",Pumping & fluid handling,ENWL,0.1854634689073207,225.0,0.1854634689073207
Industrial,"Minerals, Cement & Glass",Pumping & fluid handling,NPG (Northern Electric),0.009828845996048,225.0,0.009828845996048
Industrial,"Minerals, Cement & Glass",Pumping & fluid handling,NPG (Yorkshire Electric),0.4399821610052283,225.0,0.4399821610052283
Industrial,"Minerals, Cement & Glass",Pumping & fluid handling,SPEN (SP Distribution),0.2084240555467836,225.0,0.2084240555467836
Industrial,"Minerals, Cement & Glass",Pumping & fluid handling,SPEN (SP MANWEB),0.2513009879418889,225.0,0.2513009879418889
Industrial,"Minerals, Cement & Glass",Pumping & fluid handling,SSE,0.0120020118420077,225.0,0.0120020118420077
Industrial,"Minerals, Cement & Glass",Pumping & fluid handling,SSE (Southern),0.2379869566317674,225.0,0.2379869566317674
Industrial,"Minerals, Cement & Glass",Pumping & fluid handling,UKPN (East),0.0127085774907695,225.0,0.0127085774907695
Industrial,"Minerals, Cement & Glass",Pumping & fluid handling,UKPN (London),0.0,225.0,0.0
Industrial,"Minerals, Cement & Glass",Pumping & fluid handling,UKPN (South),0.021526777178765,225.0,0.021526777178765
Industrial,"Minerals, Cement & Glass",Pumping & fluid handling,WPD (East Midlands),0.1988659665205625,225.0,0.1988659665205625
Industrial,"Minerals, Cement & Glass",Pumping & fluid handling,WPD (Midlands),0.0661911876251388,225.0,0.0661911876251388
Industrial,"Minerals, Cement & Glass",Pumping & fluid handling,WPD (South Wales),0.2043729824562799,225.0,0.2043729824562799
Industrial,"Minerals, Cement & Glass",Pumping & fluid handling,WPD (South West),0.0092148005193561,225.0,0.0092148005193561
Industrial,"Minerals, Cement & Glass",Mechanical drives & machinery,ENWL,3.2456107058781134,300.0,3.2456107058781134
Industrial,"Minerals, Cement & Glass",Mechanical drives & machinery,NPG (Northern Electric),0.1720048049308406,300.0,0.1720048049308406
Industrial,"Minerals, Cement & Glass",Mechanical drives & machinery,NPG (Yorkshire Electric),7.699687817591497,300.0,7.699687817591497
Industrial,"Minerals, Cement & Glass",Mechanical drives & machinery,SPEN (SP Distribution),3.6474209720687134,300.0,3.6474209720687134
Industrial,"Minerals, Cement & Glass",Mechanical drives & machinery,SPEN (SP MANWEB),4.397767288983058,300.0,4.397767288983058
Industrial,"Minerals, Cement & Glass",Mechanical drives & machinery,SSE,0.2100352072351364,300.0,0.2100352072351364
Industrial,"Minerals, Cement & Glass",Mechanical drives & machinery,SSE (Southern),4.16477174105593,300.0,4.16477174105593
Industrial,"Minerals, Cement & Glass",Mechanical drives & machinery,UKPN (East),0.2224001060884667,300.0,0.2224001060884667
Industrial,"Minerals, Cement & Glass",Mechanical drives & machinery,UKPN (London),0.0,300.0,0.0
Industrial,"Minerals, Cement & Glass",Mechanical drives & machinery,UKPN (South),0.3767186006283882,300.0,0.3767186006283882
Industrial,"Minerals, Cement & Glass",Mechanical drives & machinery,WPD (East Midlands),3.480154414109845,300.0,3.480154414109845
Industrial,"Minerals, Cement & Glass",Mechanical drives & machinery,WPD (Midlands),1.1583457834399309,300.0,1.1583457834399309
Industrial,"Minerals, Cement & Glass",Mechanical drives & machinery,WPD (South Wales),3.5765271929849,300.0,3.5765271929849
Industrial,"Minerals, Cement & Glass",Mechanical drives & machinery,WPD (South West),0.1612590090887327,300.0,0.1612590090887327
Industrial,"Minerals, Cement & Glass",Compressed air,ENWL,0.0,275.0,0.0
Industrial,"Minerals, Cement & Glass",Compressed air,NPG (Northern Electric),0.0,275.0,0.0
Industrial,"Minerals, Cement & Glass",Compressed air,NPG (Yorkshire Electric),0.0,275.0,0.0
Industrial,"Minerals, Cement & Glass",Compressed air,SPEN (SP Distribution),0.0,275.0,0.0
Industrial,"Minerals, Cement & Glass",Compressed air,SPEN (SP MANWEB),0.0,275.0,0.0
Industrial,"Minerals, Cement & Glass",Compressed air,SSE,0.0,275.0,0.0
Industrial,"Minerals, Cement & Glass",Compressed air,SSE (Southern),0.0,275.0,0.0
Industrial,"Minerals, Cement & Glass",Compressed air,UKPN (East),0.0,275.0,0.0
Industrial,"Minerals, Cement & Glass",Compressed air,UKPN (London),0.0,275.0,0.0
Industrial,"Minerals, Cement & Glass",Compressed air,UKPN (South),0.0,275.0,0.0
Industrial,"Minerals, Cement & Glass",Compressed air,WPD (East Midlands),0.0,275.0,0.0
Industrial,"Minerals, Cement & Glass",Compressed air,WPD (Midlands),0.0,275.0,0.0
Industrial,"Minerals, Cement & Glass",Compressed air,WPD (South Wales),0.0,275.0,0.0
Industrial,"Minerals, Cement & Glass",Compressed air,WPD (South West),0.0,275.0,0.0
Industrial,"Minerals, Cement & Glass","Fans, blowers & ventilation",ENWL,0.2781952033609811,250.0,0.2781952033609811
Industrial,"Minerals, Cement & Glass","Fans, blowers & ventilation",NPG (Northern Electric),0.014743268994072,250.0,0.014743268994072
Industrial,"Minerals, Cement & Glass","Fans, blowers & ventilation",NPG (Yorkshire Electric),0.6599732415078424,250.0,0.6599732415078424
Industrial,"Minerals, Cement & Glass","Fans, blowers & ventilation",SPEN (SP Distribution),0.3126360833201754,250.0,0.3126360833201754
Industrial,"Minerals, Cement & Glass","Fans, blowers & ventilation",SPEN (SP MANWEB),0.3769514819128334,250.0,0.3769514819128334
Industrial,"Minerals, Cement & Glass","Fans, blowers & ventilation",SSE,0.0180030177630116,250.0,0.0180030177630116
Industrial,"Minerals, Cement & Glass","Fans, blowers & ventilation",SSE (Southern),0.3569804349476511,250.0,0.3569804349476511
Industrial,"Minerals, Cement & Glass","Fans, blowers & ventilation",UKPN (East),0.0190628662361542,250.0,0.0190628662361542
Industrial,"Minerals, Cement & Glass","Fans, blowers & ventilation",UKPN (London),0.0,250.0,0.0
Industrial,"Minerals, Cement & Glass","Fans, blowers & ventilation",UKPN (South),0.0322901657681475,250.0,0.0322901657681475
Industrial,"Minerals, Cement & Glass","Fans, blowers & ventilation",WPD (East Midlands),0.2982989497808437,250.0,0.2982989497808437
Industrial,"Minerals, Cement & Glass","Fans, blowers & ventilation",WPD (Midlands),0.0992867814377083,250.0,0.0992867814377083
Industrial,"Minerals, Cement & Glass","Fans, blowers & ventilation",WPD (South Wales),0.3065594736844199,250.0,0.3065594736844199
Industrial,"Minerals, Cement & Glass","Fans, blowers & ventilation",WPD (South West),0.0138222007790342,250.0,0.0138222007790342
Industrial,"Minerals, Cement & Glass",Material handling & conveying,ENWL,1.1127808134439243,225.0,1.1127808134439243
Industrial,"Minerals, Cement & Glass",Material handling & conveying,NPG (Northern Electric),0.0589730759762882,225.0,0.0589730759762882
Industrial,"Minerals, Cement & Glass",Material handling & conveying,NPG (Yorkshire Electric),2.63989296603137,225.0,2.63989296603137
Industrial,"Minerals, Cement & Glass",Material handling & conveying,SPEN (SP Distribution),1.250544333280702,225.0,1.250544333280702
Industrial,"Minerals, Cement & Glass",Material handling & conveying,SPEN (SP MANWEB),1.5078059276513338,225.0,1.5078059276513338
Industrial,"Minerals, Cement & Glass",Material handling & conveying,SSE,0.0720120710520467,225.0,0.0720120710520467
Industrial,"Minerals, Cement & Glass",Material handling & conveying,SSE (Southern),1.4279217397906048,225.0,1.4279217397906048
Industrial,"Minerals, Cement & Glass",Material handling & conveying,UKPN (East),0.0762514649446171,225.0,0.0762514649446171
Industrial,"Minerals, Cement & Glass",Material handling & conveying,UKPN (London),0.0,225.0,0.0
Industrial,"Minerals, Cement & Glass",Material handling & conveying,UKPN (South),0.1291606630725902,225.0,0.1291606630725902
Industrial,"Minerals, Cement & Glass",Material handling & conveying,WPD (East Midlands),1.1931957991233753,225.0,1.1931957991233753
Industrial,"Minerals, Cement & Glass",Material handling & conveying,WPD (Midlands),0.3971471257508333,225.0,0.3971471257508333
Industrial,"Minerals, Cement & Glass",Material handling & conveying,WPD (South Wales),1.2262378947376795,225.0,1.2262378947376795
Industrial,"Minerals, Cement & Glass",Material handling & conveying,WPD (South West),0.0552888031161369,225.0,0.0552888031161369
Industrial,"Minerals, Cement & Glass",Electrochemical processes,ENWL,0.0,300.0,0.0
Industrial,"Minerals, Cement & Glass",Electrochemical processes,NPG (Northern Electric),0.0,300.0,0.0
Industrial,"Minerals, Cement & Glass",Electrochemical processes,NPG (Yorkshire Electric),0.0,300.0,0.0
Industrial,"Minerals, Cement & Glass",Electrochemical processes,SPEN (SP Distribution),0.0,300.0,0.0
Industrial,"Minerals, Cement & Glass",Electrochemical processes,SPEN (SP MANWEB),0.0,300.0,0.0
Industrial,"Minerals, Cement & Glass",Electrochemical processes,SSE,0.0,300.0,0.0
Industrial,"Minerals, Cement & Glass",Electrochemical processes,SSE (Southern),0.0,300.0,0.0
Industrial,"Minerals, Cement & Glass",Electrochemical processes,UKPN (East),0.0,300.0,0.0
Industrial,"Minerals, Cement & Glass",Electrochemical processes,UKPN (London),0.0,300.0,0.0
Industrial,"Minerals, Cement & Glass",Electrochemical processes,UKPN (South),0.0,300.0,0.0
Industrial,"Minerals, Cement & Glass",Electrochemical processes,WPD (East Midlands),0.0,300.0,0.0
Industrial,"Minerals, Cement & Glass",Electrochemical processes,WPD (Midlands),0.0,300.0,0.0
Industrial,"Minerals, Cement & Glass",Electrochemical processes,WPD (South Wales),0.0,300.0,0.0
Industrial,"Minerals, Cement & Glass",Electrochemical processes,WPD (South West),0.0,300.0,0.0
Industrial,"Minerals, Cement & Glass",HVAC & space conditioning,ENWL,0.0403071449910979,200.0,0.0403071449910979
Industrial,"Minerals, Cement & Glass",HVAC & space conditioning,NPG (Northern Electric),0.0021361226714456,200.0,0.0021361226714456
Industrial,"Minerals, Cement & Glass",HVAC & space conditioning,NPG (Yorkshire Electric),0.0956221991404492,200.0,0.0956221991404492
Industrial,"Minerals, Cement & Glass",HVAC & space conditioning,SPEN (SP Distribution),0.0452972150044005,200.0,0.0452972150044005
Industrial,"Minerals, Cement & Glass",HVAC & space conditioning,SPEN (SP MANWEB),0.0546157440980553,200.0,0.0546157440980553
Industrial,"Minerals, Cement & Glass",HVAC & space conditioning,SSE,0.0026084211319396,200.0,0.0026084211319396
Industrial,"Minerals, Cement & Glass",HVAC & space conditioning,SSE (Southern),0.0517221791626272,200.0,0.0517221791626272
Industrial,"Minerals, Cement & Glass",HVAC & space conditioning,UKPN (East),0.0027619804512932,200.0,0.0027619804512932
Industrial,"Minerals, Cement & Glass",HVAC & space conditioning,UKPN (London),0.0,200.0,0.0
Industrial,"Minerals, Cement & Glass",HVAC & space conditioning,UKPN (South),0.0046784573482184,200.0,0.0046784573482184
Industrial,"Minerals, Cement & Glass",HVAC & space conditioning,WPD (East Midlands),0.0432199364843366,200.0,0.0432199364843366
Industrial,"Minerals, Cement & Glass",HVAC & space conditioning,WPD (Midlands),0.0143854626059683,200.0,0.0143854626059683
Industrial,"Minerals, Cement & Glass",HVAC & space conditioning,WPD (South Wales),0.0444167872231749,200.0,0.0444167872231749
Industrial,"Minerals, Cement & Glass",HVAC & space conditioning,WPD (South West),0.0020026709453134,200.0,0.0020026709453134
Industrial,"Minerals, Cement & Glass",Lighting,ENWL,0.0,175.0,0.0
Industrial,"Minerals, Cement & Glass",Lighting,NPG (Northern Electric),0.0,175.0,0.0
Industrial,"Minerals, Cement & Glass",Lighting,NPG (Yorkshire Electric),0.0,175.0,0.0
Industrial,"Minerals, Cement & Glass",Lighting,SPEN (SP Distribution),0.0,175.0,0.0
Industrial,"Minerals, Cement & Glass",Lighting,SPEN (SP MANWEB),0.0,175.0,0.0
Industrial,"Minerals, Cement & Glass",Lighting,SSE,0.0,175.0,0.0
Industrial,"Minerals, Cement & Glass",Lighting,SSE (Southern),0.0,175.0,0.0
Industrial,"Minerals, Cement & Glass",Lighting,UKPN (East),0.0,175.0,0.0
Industrial,"Minerals, Cement & Glass",Lighting,UKPN (London),0.0,175.0,0.0
Industrial,"Minerals, Cement & Glass",Lighting,UKPN (South),0.0,175.0,0.0
Industrial,"Minerals, Cement & Glass",Lighting,WPD (East Midlands),0.0,175.0,0.0
Industrial,"Minerals, Cement & Glass",Lighting,WPD (Midlands),0.0,175.0,0.0
Industrial,"Minerals, Cement & Glass",Lighting,WPD (South Wales),0.0,175.0,0.0
Industrial,"Minerals, Cement & Glass",Lighting,WPD (South West),0.0,175.0,0.0
Industrial,"Minerals, Cement & Glass",Water & wastewater processes,ENWL,0.0,275.0,0.0
Industrial,"Minerals, Cement & Glass",Water & wastewater processes,NPG (Northern Electric),0.0,275.0,0.0
Industrial,"Minerals, Cement & Glass",Water & wastewater processes,NPG (Yorkshire Electric),0.0,275.0,0.0
Industrial,"Minerals, Cement & Glass",Water & wastewater processes,SPEN (SP Distribution),0.0,275.0,0.0
Industrial,"Minerals, Cement & Glass",Water & wastewater processes,SPEN (SP MANWEB),0.0,275.0,0.0
Industrial,"Minerals, Cement & Glass",Water & wastewater processes,SSE,0.0,275.0,0.0
Industrial,"Minerals, Cement & Glass",Water & wastewater processes,SSE (Southern),0.0,275.0,0.0
Industrial,"Minerals, Cement & Glass",Water & wastewater processes,UKPN (East),0.0,275.0,0.0
Industrial,"Minerals, Cement & Glass",Water & wastewater processes,UKPN (London),0.0,275.0,0.0
Industrial,"Minerals, Cement & Glass",Water & wastewater processes,UKPN (South),0.0,275.0,0.0
Industrial,"Minerals, Cement & Glass",Water & wastewater processes,WPD (East Midlands),0.0,275.0,0.0
Industrial,"Minerals, Cement & Glass",Water & wastewater processes,WPD (Midlands),0.0,275.0,0.0
Industrial,"Minerals, Cement & Glass",Water & wastewater processes,WPD (South Wales),0.0,275.0,0.0
Industrial,"Minerals, Cement & Glass",Water & wastewater processes,WPD (South West),0.0,275.0,0.0
Industrial,"Minerals, Cement & Glass",Other electrical/process loads,ENWL,0.2272585894100212,500.0,0.2272585894100212
Industrial,"Minerals, Cement & Glass",Other electrical/process loads,NPG (Northern Electric),0.0120438256102414,500.0,0.0120438256102414
Industrial,"Minerals, Cement & Glass",Other electrical/process loads,NPG (Yorkshire Electric),0.5391343420066601,500.0,0.5391343420066601
Industrial,"Minerals, Cement & Glass",Other electrical/process loads,SPEN (SP Distribution),0.2553934591094467,500.0,0.2553934591094467
Industrial,"Minerals, Cement & Glass",Other electrical/process loads,SPEN (SP MANWEB),0.3079329227124369,500.0,0.3079329227124369
Industrial,"Minerals, Cement & Glass",Other electrical/process loads,SSE,0.0147067252508906,500.0,0.0147067252508906
Industrial,"Minerals, Cement & Glass",Other electrical/process loads,SSE (Southern),0.2916185078428914,500.0,0.2916185078428914
Industrial,"Minerals, Cement & Glass",Other electrical/process loads,UKPN (East),0.0155725190032085,500.0,0.0155725190032085
Industrial,"Minerals, Cement & Glass",Other electrical/process loads,UKPN (London),0.0,500.0,0.0
Industrial,"Minerals, Cement & Glass",Other electrical/process loads,UKPN (South),0.0263779441041009,500.0,0.0263779441041009
Industrial,"Minerals, Cement & Glass",Other electrical/process loads,WPD (East Midlands),0.2436814069066494,500.0,0.2436814069066494
Industrial,"Minerals, Cement & Glass",Other electrical/process loads,WPD (Midlands),0.081107702879105,500.0,0.081107702879105
Industrial,"Minerals, Cement & Glass",Other electrical/process loads,WPD (South Wales),0.2504294564324299,500.0,0.2504294564324299
Industrial,"Minerals, Cement & Glass",Other electrical/process loads,WPD (South West),0.0112914019136032,500.0,0.0112914019136032
Industrial,"Pulp, Paper & Printing",High-temperature process heat,ENWL,0.0,900.0,0.0
Industrial,"Pulp, Paper & Printing",High-temperature process heat,NPG (Northern Electric),0.0,900.0,0.0
Industrial,"Pulp, Paper & Printing",High-temperature process heat,NPG (Yorkshire Electric),0.0,900.0,0.0
Industrial,"Pulp, Paper & Printing",High-temperature process heat,SPEN (SP Distribution),0.0,900.0,0.0
Industrial,"Pulp, Paper & Printing",High-temperature process heat,SPEN (SP MANWEB),0.0,900.0,0.0
Industrial,"Pulp, Paper & Printing",High-temperature process heat,SSE,0.0,900.0,0.0
Industrial,"Pulp, Paper & Printing",High-temperature process heat,SSE (Southern),0.0,900.0,0.0
Industrial,"Pulp, Paper & Printing",High-temperature process heat,UKPN (East),0.0,900.0,0.0
Industrial,"Pulp, Paper & Printing",High-temperature process heat,UKPN (London),0.0,900.0,0.0
Industrial,"Pulp, Paper & Printing",High-temperature process heat,UKPN (South),0.0,900.0,0.0
Industrial,"Pulp, Paper & Printing",High-temperature process heat,WPD (East Midlands),0.0,900.0,0.0
Industrial,"Pulp, Paper & Printing",High-temperature process heat,WPD (Midlands),0.0,900.0,0.0
Industrial,"Pulp, Paper & Printing",High-temperature process heat,WPD (South Wales),0.0,900.0,0.0
Industrial,"Pulp, Paper & Printing",High-temperature process heat,WPD (South West),0.0,900.0,0.0
Industrial,"Pulp, Paper & Printing",Low/medium-temperature process heat,ENWL,2.102594484500365,500.0,2.102594484500365
Industrial,"Pulp, Paper & Printing",Low/medium-temperature process heat,NPG (Northern Electric),0.2117686285742447,500.0,0.2117686285742447
Industrial,"Pulp, Paper & Printing",Low/medium-temperature process heat,NPG (Yorkshire Electric),0.0,500.0,0.0
Industrial,"Pulp, Paper & Printing",Low/medium-temperature process heat,SPEN (SP Distribution),0.2548860305858278,500.0,0.2548860305858278
Industrial,"Pulp, Paper & Printing",Low/medium-temperature process heat,SPEN (SP MANWEB),0.3389136637889899,500.0,0.3389136637889899
Industrial,"Pulp, Paper & Printing",Low/medium-temperature process heat,SSE,0.1869425718319816,500.0,0.1869425718319816
Industrial,"Pulp, Paper & Printing",Low/medium-temperature process heat,SSE (Southern),0.1402276374020239,500.0,0.1402276374020239
Industrial,"Pulp, Paper & Printing",Low/medium-temperature process heat,UKPN (East),0.6928838724247028,500.0,0.6928838724247028
Industrial,"Pulp, Paper & Printing",Low/medium-temperature process heat,UKPN (London),0.0,500.0,0.0
Industrial,"Pulp, Paper & Printing",Low/medium-temperature process heat,UKPN (South),2.029855375597998,500.0,2.029855375597998
Industrial,"Pulp, Paper & Printing",Low/medium-temperature process heat,WPD (East Midlands),0.1544014452790832,500.0,0.1544014452790832
Industrial,"Pulp, Paper & Printing",Low/medium-temperature process heat,WPD (Midlands),0.4149497523518197,500.0,0.4149497523518197
Industrial,"Pulp, Paper & Printing",Low/medium-temperature process heat,WPD (South Wales),0.2689321665399572,500.0,0.2689321665399572
Industrial,"Pulp, Paper & Printing",Low/medium-temperature process heat,WPD (South West),0.0,500.0,0.0
Industrial,"Pulp, Paper & Printing",Steam generation,ENWL,3.904818328357821,450.0,3.904818328357821
Industrial,"Pulp, Paper & Printing",Steam generation,NPG (Northern Electric),0.3932845959235972,450.0,0.3932845959235972
Industrial,"Pulp, Paper & Printing",Steam generation,NPG (Yorkshire Electric),0.0,450.0,0.0
Industrial,"Pulp, Paper & Printing",Steam generation,SPEN (SP Distribution),0.473359771087966,450.0,0.473359771087966
Industrial,"Pulp, Paper & Printing",Steam generation,SPEN (SP MANWEB),0.6294110898938383,450.0,0.6294110898938383
Industrial,"Pulp, Paper & Printing",Steam generation,SSE,0.34717906197368,450.0,0.34717906197368
Industrial,"Pulp, Paper & Printing",Steam generation,SSE (Southern),0.2604227551751873,450.0,0.2604227551751873
Industrial,"Pulp, Paper & Printing",Steam generation,UKPN (East),1.2867843345030194,450.0,1.2867843345030194
Industrial,"Pulp, Paper & Printing",Steam generation,UKPN (London),0.0,450.0,0.0
Industrial,"Pulp, Paper & Printing",Steam generation,UKPN (South),3.769731411824853,450.0,3.769731411824853
Industrial,"Pulp, Paper & Printing",Steam generation,WPD (East Midlands),0.286745541232583,450.0,0.286745541232583
Industrial,"Pulp, Paper & Printing",Steam generation,WPD (Midlands),0.7706209686533794,450.0,0.7706209686533794
Industrial,"Pulp, Paper & Printing",Steam generation,WPD (South Wales),0.4994454521456348,450.0,0.4994454521456348
Industrial,"Pulp, Paper & Printing",Steam generation,WPD (South West),0.0,450.0,0.0
Industrial,"Pulp, Paper & Printing",Drying & evaporation,ENWL,9.53966841526837,500.0,9.53966841526837
Industrial,"Pulp, Paper & Printing",Drying & evaporation,NPG (Northern Electric),0.9608141333227536,500.0,0.9608141333227536
Industrial,"Pulp, Paper & Printing",Drying & evaporation,NPG (Yorkshire Electric),0.0,500.0,0.0
Industrial,"Pulp, Paper & Printing",Drying & evaporation,SPEN (SP Distribution),1.1564418309841369,500.0,1.1564418309841369
Industrial,"Pulp, Paper & Printing",Drying & evaporation,SPEN (SP MANWEB),1.5376830852474102,500.0,1.5376830852474102
Industrial,"Pulp, Paper & Printing",Drying & evaporation,SSE,0.8481759850132827,500.0,0.8481759850132827
Industrial,"Pulp, Paper & Printing",Drying & evaporation,SSE (Southern),0.6362259452942844,500.0,0.6362259452942844
Industrial,"Pulp, Paper & Printing",Drying & evaporation,UKPN (East),3.143679126880934,500.0,3.143679126880934
Industrial,"Pulp, Paper & Printing",Drying & evaporation,UKPN (London),0.0,500.0,0.0
Industrial,"Pulp, Paper & Printing",Drying & evaporation,UKPN (South),9.209644254705818,500.0,9.209644254705818
Industrial,"Pulp, Paper & Printing",Drying & evaporation,WPD (East Midlands),0.700533841241702,500.0,0.700533841241702
Industrial,"Pulp, Paper & Printing",Drying & evaporation,WPD (Midlands),1.882665951810832,500.0,1.882665951810832
Industrial,"Pulp, Paper & Printing",Drying & evaporation,WPD (South Wales),1.2201704674406402,500.0,1.2201704674406402
Industrial,"Pulp, Paper & Printing",Drying & evaporation,WPD (South West),0.0,500.0,0.0
Industrial,"Pulp, Paper & Printing",Refrigeration & process cooling,ENWL,0.0,275.0,0.0
Industrial,"Pulp, Paper & Printing",Refrigeration & process cooling,NPG (Northern Electric),0.0,275.0,0.0
Industrial,"Pulp, Paper & Printing",Refrigeration & process cooling,NPG (Yorkshire Electric),0.0,275.0,0.0
Industrial,"Pulp, Paper & Printing",Refrigeration & process cooling,SPEN (SP Distribution),0.0,275.0,0.0
Industrial,"Pulp, Paper & Printing",Refrigeration & process cooling,SPEN (SP MANWEB),0.0,275.0,0.0
Industrial,"Pulp, Paper & Printing",Refrigeration & process cooling,SSE,0.0,275.0,0.0
Industrial,"Pulp, Paper & Printing",Refrigeration & process cooling,SSE (Southern),0.0,275.0,0.0
Industrial,"Pulp, Paper & Printing",Refrigeration & process cooling,UKPN (East),0.0,275.0,0.0
Industrial,"Pulp, Paper & Printing",Refrigeration & process cooling,UKPN (London),0.0,275.0,0.0
Industrial,"Pulp, Paper & Printing",Refrigeration & process cooling,UKPN (South),0.0,275.0,0.0
Industrial,"Pulp, Paper & Printing",Refrigeration & process cooling,WPD (East Midlands),0.0,275.0,0.0
Industrial,"Pulp, Paper & Printing",Refrigeration & process cooling,WPD (Midlands),0.0,275.0,0.0
Industrial,"Pulp, Paper & Printing",Refrigeration & process cooling,WPD (South Wales),0.0,275.0,0.0
Industrial,"Pulp, Paper & Printing",Refrigeration & process cooling,WPD (South West),0.0,275.0,0.0
Industrial,"Pulp, Paper & Printing",Pumping & fluid handling,ENWL,1.633475629454045,200.0,1.633475629454045
Industrial,"Pulp, Paper & Printing",Pumping & fluid handling,NPG (Northern Electric),0.1645200234324471,200.0,0.1645200234324471
Industrial,"Pulp, Paper & Printing",Pumping & fluid handling,NPG (Yorkshire Electric),0.0,200.0,0.0
Industrial,"Pulp, Paper & Printing",Pumping & fluid handling,SPEN (SP Distribution),0.1980173173283884,200.0,0.1980173173283884
Industrial,"Pulp, Paper & Printing",Pumping & fluid handling,SPEN (SP MANWEB),0.2632971856291391,200.0,0.2632971856291391
Industrial,"Pulp, Paper & Printing",Pumping & fluid handling,SSE,0.1452330144714365,200.0,0.1452330144714365
Industrial,"Pulp, Paper & Printing",Pumping & fluid handling,SSE (Southern),0.1089408490132871,200.0,0.1089408490132871
Industrial,"Pulp, Paper & Printing",Pumping & fluid handling,UKPN (East),0.5382915859386204,200.0,0.5382915859386204
Industrial,"Pulp, Paper & Printing",Pumping & fluid handling,UKPN (London),0.0,200.0,0.0
Industrial,"Pulp, Paper & Printing",Pumping & fluid handling,UKPN (South),1.5769656544797428,200.0,1.5769656544797428
Industrial,"Pulp, Paper & Printing",Pumping & fluid handling,WPD (East Midlands),0.1199522779475934,200.0,0.1199522779475934
Industrial,"Pulp, Paper & Printing",Pumping & fluid handling,WPD (Midlands),0.3223685370199928,200.0,0.3223685370199928
Industrial,"Pulp, Paper & Printing",Pumping & fluid handling,WPD (South Wales),0.2089295597689561,200.0,0.2089295597689561
Industrial,"Pulp, Paper & Printing",Pumping & fluid handling,WPD (South West),0.0,200.0,0.0
Industrial,"Pulp, Paper & Printing",Mechanical drives & machinery,ENWL,64.25856196642913,300.0,64.25856196642913
Industrial,"Pulp, Paper & Printing",Mechanical drives & machinery,NPG (Northern Electric),6.4719790915923765,300.0,6.4719790915923765
Industrial,"Pulp, Paper & Printing",Mechanical drives & machinery,NPG (Yorkshire Electric),0.0,300.0,0.0
Industrial,"Pulp, Paper & Printing",Mechanical drives & machinery,SPEN (SP Distribution),7.789714046866521,300.0,7.789714046866521
Industrial,"Pulp, Paper & Printing",Mechanical drives & machinery,SPEN (SP MANWEB),10.357729379771207,300.0,10.357729379771207
Industrial,"Pulp, Paper & Printing",Mechanical drives & machinery,SSE,5.7132561341630055,300.0,5.7132561341630055
Industrial,"Pulp, Paper & Printing",Mechanical drives & machinery,SSE (Southern),4.285574985489955,300.0,4.285574985489955
Industrial,"Pulp, Paper & Printing",Mechanical drives & machinery,UKPN (East),21.17561021868761,300.0,21.17561021868761
Industrial,"Pulp, Paper & Printing",Mechanical drives & machinery,UKPN (London),0.0,300.0,0.0
Industrial,"Pulp, Paper & Printing",Mechanical drives & machinery,UKPN (South),62.03554151657936,300.0,62.03554151657936
Industrial,"Pulp, Paper & Printing",Mechanical drives & machinery,WPD (East Midlands),4.718748628093083,300.0,4.718748628093083
Industrial,"Pulp, Paper & Printing",Mechanical drives & machinery,WPD (Midlands),12.681510662665865,300.0,12.681510662665865
Industrial,"Pulp, Paper & Printing",Mechanical drives & machinery,WPD (South Wales),8.218985836672337,300.0,8.218985836672337
Industrial,"Pulp, Paper & Printing",Mechanical drives & machinery,WPD (South West),0.0,300.0,0.0
Industrial,"Pulp, Paper & Printing",Compressed air,ENWL,9.672956681477691,275.0,9.672956681477691
Industrial,"Pulp, Paper & Printing",Compressed air,NPG (Northern Electric),0.974238630318376,275.0,0.974238630318376
Industrial,"Pulp, Paper & Printing",Compressed air,NPG (Yorkshire Electric),0.0,275.0,0.0
Industrial,"Pulp, Paper & Printing",Compressed air,SPEN (SP Distribution),1.1725996385633926,275.0,1.1725996385633926
Industrial,"Pulp, Paper & Printing",Compressed air,SPEN (SP MANWEB),1.5591675963949885,275.0,1.5591675963949885
Industrial,"Pulp, Paper & Printing",Compressed air,SSE,0.8600267015750728,275.0,0.8600267015750728
Industrial,"Pulp, Paper & Printing",Compressed air,SSE (Southern),0.6451152954765127,275.0,0.6451152954765127
Industrial,"Pulp, Paper & Printing",Compressed air,UKPN (East),3.1876026179395707,275.0,3.1876026179395707
Industrial,"Pulp, Paper & Printing",Compressed air,UKPN (London),0.0,275.0,0.0
Industrial,"Pulp, Paper & Printing",Compressed air,UKPN (South),9.338321422682611,275.0,9.338321422682611
Industrial,"Pulp, Paper & Printing",Compressed air,WPD (East Midlands),0.7103217014749382,275.0,0.7103217014749382
Industrial,"Pulp, Paper & Printing",Compressed air,WPD (Midlands),1.908970564261152,275.0,1.908970564261152
Industrial,"Pulp, Paper & Printing",Compressed air,WPD (South Wales),1.2372186916561363,275.0,1.2372186916561363
Industrial,"Pulp, Paper & Printing",Compressed air,WPD (South West),0.0,275.0,0.0
Industrial,"Pulp, Paper & Printing","Fans, blowers & ventilation",ENWL,1.633475629454045,250.0,1.633475629454045
Industrial,"Pulp, Paper & Printing","Fans, blowers & ventilation",NPG (Northern Electric),0.1645200234324471,250.0,0.1645200234324471
Industrial,"Pulp, Paper & Printing","Fans, blowers & ventilation",NPG (Yorkshire Electric),0.0,250.0,0.0
Industrial,"Pulp, Paper & Printing","Fans, blowers & ventilation",SPEN (SP Distribution),0.1980173173283884,250.0,0.1980173173283884
Industrial,"Pulp, Paper & Printing","Fans, blowers & ventilation",SPEN (SP MANWEB),0.2632971856291391,250.0,0.2632971856291391
Industrial,"Pulp, Paper & Printing","Fans, blowers & ventilation",SSE,0.1452330144714365,250.0,0.1452330144714365
Industrial,"Pulp, Paper & Printing","Fans, blowers & ventilation",SSE (Southern),0.1089408490132871,250.0,0.1089408490132871
Industrial,"Pulp, Paper & Printing","Fans, blowers & ventilation",UKPN (East),0.5382915859386204,250.0,0.5382915859386204
Industrial,"Pulp, Paper & Printing","Fans, blowers & ventilation",UKPN (London),0.0,250.0,0.0
Industrial,"Pulp, Paper & Printing","Fans, blowers & ventilation",UKPN (South),1.5769656544797428,250.0,1.5769656544797428
Industrial,"Pulp, Paper & Printing","Fans, blowers & ventilation",WPD (East Midlands),0.1199522779475934,250.0,0.1199522779475934
Industrial,"Pulp, Paper & Printing","Fans, blowers & ventilation",WPD (Midlands),0.3223685370199928,250.0,0.3223685370199928
Industrial,"Pulp, Paper & Printing","Fans, blowers & ventilation",WPD (South Wales),0.2089295597689561,250.0,0.2089295597689561
Industrial,"Pulp, Paper & Printing","Fans, blowers & ventilation",WPD (South West),0.0,250.0,0.0
Industrial,"Pulp, Paper & Printing",Material handling & conveying,ENWL,0.8167378147270227,275.0,0.8167378147270227
Industrial,"Pulp, Paper & Printing",Material handling & conveying,NPG (Northern Electric),0.0822600117162235,275.0,0.0822600117162235
Industrial,"Pulp, Paper & Printing",Material handling & conveying,NPG (Yorkshire Electric),0.0,275.0,0.0
Industrial,"Pulp, Paper & Printing",Material handling & conveying,SPEN (SP Distribution),0.0990086586641942,275.0,0.0990086586641942
Industrial,"Pulp, Paper & Printing",Material handling & conveying,SPEN (SP MANWEB),0.1316485928145696,275.0,0.1316485928145696
Industrial,"Pulp, Paper & Printing",Material handling & conveying,SSE,0.0726165072357182,275.0,0.0726165072357182
Industrial,"Pulp, Paper & Printing",Material handling & conveying,SSE (Southern),0.0544704245066436,275.0,0.0544704245066436
Industrial,"Pulp, Paper & Printing",Material handling & conveying,UKPN (East),0.2691457929693102,275.0,0.2691457929693102
Industrial,"Pulp, Paper & Printing",Material handling & conveying,UKPN (London),0.0,275.0,0.0
Industrial,"Pulp, Paper & Printing",Material handling & conveying,UKPN (South),0.7884828272398716,275.0,0.7884828272398716
Industrial,"Pulp, Paper & Printing",Material handling & conveying,WPD (East Midlands),0.0599761389737967,275.0,0.0599761389737967
Industrial,"Pulp, Paper & Printing",Material handling & conveying,WPD (Midlands),0.1611842685099964,275.0,0.1611842685099964
Industrial,"Pulp, Paper & Printing",Material handling & conveying,WPD (South Wales),0.1044647798844781,275.0,0.1044647798844781
Industrial,"Pulp, Paper & Printing",Material handling & conveying,WPD (South West),0.0,275.0,0.0
Industrial,"Pulp, Paper & Printing",Electrochemical processes,ENWL,0.0,300.0,0.0
Industrial,"Pulp, Paper & Printing",Electrochemical processes,NPG (Northern Electric),0.0,300.0,0.0
Industrial,"Pulp, Paper & Printing",Electrochemical processes,NPG (Yorkshire Electric),0.0,300.0,0.0
Industrial,"Pulp, Paper & Printing",Electrochemical processes,SPEN (SP Distribution),0.0,300.0,0.0
Industrial,"Pulp, Paper & Printing",Electrochemical processes,SPEN (SP MANWEB),0.0,300.0,0.0
Industrial,"Pulp, Paper & Printing",Electrochemical processes,SSE,0.0,300.0,0.0
Industrial,"Pulp, Paper & Printing",Electrochemical processes,SSE (Southern),0.0,300.0,0.0
Industrial,"Pulp, Paper & Printing",Electrochemical processes,UKPN (East),0.0,300.0,0.0
Industrial,"Pulp, Paper & Printing",Electrochemical processes,UKPN (London),0.0,300.0,0.0
Industrial,"Pulp, Paper & Printing",Electrochemical processes,UKPN (South),0.0,300.0,0.0
Industrial,"Pulp, Paper & Printing",Electrochemical processes,WPD (East Midlands),0.0,300.0,0.0
Industrial,"Pulp, Paper & Printing",Electrochemical processes,WPD (Midlands),0.0,300.0,0.0
Industrial,"Pulp, Paper & Printing",Electrochemical processes,WPD (South Wales),0.0,300.0,0.0
Industrial,"Pulp, Paper & Printing",Electrochemical processes,WPD (South West),0.0,300.0,0.0
Industrial,"Pulp, Paper & Printing",HVAC & space conditioning,ENWL,1.5856475879432563,200.0,1.5856475879432563
Industrial,"Pulp, Paper & Printing",HVAC & space conditioning,NPG (Northern Electric),0.1597028897279712,200.0,0.1597028897279712
Industrial,"Pulp, Paper & Printing",HVAC & space conditioning,NPG (Yorkshire Electric),0.0,200.0,0.0
Industrial,"Pulp, Paper & Printing",HVAC & space conditioning,SPEN (SP Distribution),0.1922193854203362,200.0,0.1922193854203362
Industrial,"Pulp, Paper & Printing",HVAC & space conditioning,SPEN (SP MANWEB),0.255587864169502,200.0,0.255587864169502
Industrial,"Pulp, Paper & Printing",HVAC & space conditioning,SSE,0.14098060291437,200.0,0.14098060291437
Industrial,"Pulp, Paper & Printing",HVAC & space conditioning,SSE (Southern),0.1057510692854013,200.0,0.1057510692854013
Industrial,"Pulp, Paper & Printing",HVAC & space conditioning,UKPN (East),0.5225304494680472,200.0,0.5225304494680472
Industrial,"Pulp, Paper & Printing",HVAC & space conditioning,UKPN (London),0.0,200.0,0.0
Industrial,"Pulp, Paper & Printing",HVAC & space conditioning,UKPN (South),1.530792220714616,200.0,1.530792220714616
Industrial,"Pulp, Paper & Printing",HVAC & space conditioning,WPD (East Midlands),0.1164400844226072,200.0,0.1164400844226072
Industrial,"Pulp, Paper & Printing",HVAC & space conditioning,WPD (Midlands),0.3129296109090977,200.0,0.3129296109090977
Industrial,"Pulp, Paper & Printing",HVAC & space conditioning,WPD (South Wales),0.2028121182367551,200.0,0.2028121182367551
Industrial,"Pulp, Paper & Printing",HVAC & space conditioning,WPD (South West),0.0,200.0,0.0
Industrial,"Pulp, Paper & Printing",Lighting,ENWL,0.0,175.0,0.0
Industrial,"Pulp, Paper & Printing",Lighting,NPG (Northern Electric),0.0,175.0,0.0
Industrial,"Pulp, Paper & Printing",Lighting,NPG (Yorkshire Electric),0.0,175.0,0.0
Industrial,"Pulp, Paper & Printing",Lighting,SPEN (SP Distribution),0.0,175.0,0.0
Industrial,"Pulp, Paper & Printing",Lighting,SPEN (SP MANWEB),0.0,175.0,0.0
Industrial,"Pulp, Paper & Printing",Lighting,SSE,0.0,175.0,0.0
Industrial,"Pulp, Paper & Printing",Lighting,SSE (Southern),0.0,175.0,0.0
Industrial,"Pulp, Paper & Printing",Lighting,UKPN (East),0.0,175.0,0.0
Industrial,"Pulp, Paper & Printing",Lighting,UKPN (London),0.0,175.0,0.0
Industrial,"Pulp, Paper & Printing",Lighting,UKPN (South),0.0,175.0,0.0
Industrial,"Pulp, Paper & Printing",Lighting,WPD (East Midlands),0.0,175.0,0.0
Industrial,"Pulp, Paper & Printing",Lighting,WPD (Midlands),0.0,175.0,0.0
Industrial,"Pulp, Paper & Printing",Lighting,WPD (South Wales),0.0,175.0,0.0
Industrial,"Pulp, Paper & Printing",Lighting,WPD (South West),0.0,175.0,0.0
Industrial,"Pulp, Paper & Printing",Water & wastewater processes,ENWL,1.1899733697486876,250.0,1.1899733697486876
Industrial,"Pulp, Paper & Printing",Water & wastewater processes,NPG (Northern Electric),0.1198514646591181,250.0,0.1198514646591181
Industrial,"Pulp, Paper & Printing",Water & wastewater processes,NPG (Yorkshire Electric),0.0,250.0,0.0
Industrial,"Pulp, Paper & Printing",Water & wastewater processes,SPEN (SP Distribution),0.1442539638308615,250.0,0.1442539638308615
Industrial,"Pulp, Paper & Printing",Water & wastewater processes,SPEN (SP MANWEB),0.1918098033290964,250.0,0.1918098033290964
Industrial,"Pulp, Paper & Printing",Water & wastewater processes,SSE,0.1058010395215371,250.0,0.1058010395215371
Industrial,"Pulp, Paper & Printing",Water & wastewater processes,SSE (Southern),0.0793624997312954,250.0,0.0793624997312954
Industrial,"Pulp, Paper & Printing",Water & wastewater processes,UKPN (East),0.3921409299756965,250.0,0.3921409299756965
Industrial,"Pulp, Paper & Printing",Water & wastewater processes,UKPN (London),0.0,250.0,0.0
Industrial,"Pulp, Paper & Printing",Water & wastewater processes,UKPN (South),1.1488063243810995,250.0,1.1488063243810995
Industrial,"Pulp, Paper & Printing",Water & wastewater processes,WPD (East Midlands),0.0873842338535756,250.0,0.0873842338535756
Industrial,"Pulp, Paper & Printing",Water & wastewater processes,WPD (Midlands),0.2348427900493679,250.0,0.2348427900493679
Industrial,"Pulp, Paper & Printing",Water & wastewater processes,WPD (South Wales),0.1522034414198581,250.0,0.1522034414198581
Industrial,"Pulp, Paper & Printing",Water & wastewater processes,WPD (South West),0.0,250.0,0.0
Industrial,"Pulp, Paper & Printing",Other electrical/process loads,ENWL,0.5949866848743436,500.0,0.5949866848743436
Industrial,"Pulp, Paper & Printing",Other electrical/process loads,NPG (Northern Electric),0.059925732329559,500.0,0.059925732329559
Industrial,"Pulp, Paper & Printing",Other electrical/process loads,NPG (Yorkshire Electric),0.0,500.0,0.0
Industrial,"Pulp, Paper & Printing",Other electrical/process loads,SPEN (SP Distribution),0.0721269819154307,500.0,0.0721269819154307
Industrial,"Pulp, Paper & Printing",Other electrical/process loads,SPEN (SP MANWEB),0.0959049016645482,500.0,0.0959049016645482
Industrial,"Pulp, Paper & Printing",Other electrical/process loads,SSE,0.0529005197607685,500.0,0.0529005197607685
Industrial,"Pulp, Paper & Printing",Other electrical/process loads,SSE (Southern),0.0396812498656477,500.0,0.0396812498656477
Industrial,"Pulp, Paper & Printing",Other electrical/process loads,UKPN (East),0.1960704649878481,500.0,0.1960704649878481
Industrial,"Pulp, Paper & Printing",Other electrical/process loads,UKPN (London),0.0,500.0,0.0
Industrial,"Pulp, Paper & Printing",Other electrical/process loads,UKPN (South),0.5744031621905495,500.0,0.5744031621905495
Industrial,"Pulp, Paper & Printing",Other electrical/process loads,WPD (East Midlands),0.0436921169267878,500.0,0.0436921169267878
Industrial,"Pulp, Paper & Printing",Other electrical/process loads,WPD (Midlands),0.1174213950246839,500.0,0.1174213950246839
Industrial,"Pulp, Paper & Printing",Other electrical/process loads,WPD (South Wales),0.076101720709929,500.0,0.076101720709929
Industrial,"Pulp, Paper & Printing",Other electrical/process loads,WPD (South West),0.0,500.0,0.0
Industrial,"Food, Drink & Cold Processing",High-temperature process heat,ENWL,0.0,900.0,0.0
Industrial,"Food, Drink & Cold Processing",High-temperature process heat,NPG (Northern Electric),0.0,900.0,0.0
Industrial,"Food, Drink & Cold Processing",High-temperature process heat,NPG (Yorkshire Electric),0.0,900.0,0.0
Industrial,"Food, Drink & Cold Processing",High-temperature process heat,SPEN (SP Distribution),0.0,900.0,0.0
Industrial,"Food, Drink & Cold Processing",High-temperature process heat,SPEN (SP MANWEB),0.0,900.0,0.0
Industrial,"Food, Drink & Cold Processing",High-temperature process heat,SSE,0.0,900.0,0.0
Industrial,"Food, Drink & Cold Processing",High-temperature process heat,SSE (Southern),0.0,900.0,0.0
Industrial,"Food, Drink & Cold Processing",High-temperature process heat,UKPN (East),0.0,900.0,0.0
Industrial,"Food, Drink & Cold Processing",High-temperature process heat,UKPN (London),0.0,900.0,0.0
Industrial,"Food, Drink & Cold Processing",High-temperature process heat,UKPN (South),0.0,900.0,0.0
Industrial,"Food, Drink & Cold Processing",High-temperature process heat,WPD (East Midlands),0.0,900.0,0.0
Industrial,"Food, Drink & Cold Processing",High-temperature process heat,WPD (Midlands),0.0,900.0,0.0
Industrial,"Food, Drink & Cold Processing",High-temperature process heat,WPD (South Wales),0.0,900.0,0.0
Industrial,"Food, Drink & Cold Processing",High-temperature process heat,WPD (South West),0.0,900.0,0.0
Industrial,"Food, Drink & Cold Processing",Low/medium-temperature process heat,ENWL,3.376983072642859,500.0,3.376983072642859
Industrial,"Food, Drink & Cold Processing",Low/medium-temperature process heat,NPG (Northern Electric),0.92578582478827,500.0,0.92578582478827
Industrial,"Food, Drink & Cold Processing",Low/medium-temperature process heat,NPG (Yorkshire Electric),0.9016968038847054,500.0,0.9016968038847054
Industrial,"Food, Drink & Cold Processing",Low/medium-temperature process heat,SPEN (SP Distribution),2.3852609661914603,500.0,2.3852609661914603
Industrial,"Food, Drink & Cold Processing",Low/medium-temperature process heat,SPEN (SP MANWEB),0.8899480333835195,500.0,0.8899480333835195
Industrial,"Food, Drink & Cold Processing",Low/medium-temperature process heat,SSE,1.2181161230749398,500.0,1.2181161230749398
Industrial,"Food, Drink & Cold Processing",Low/medium-temperature process heat,SSE (Southern),0.6229474709970639,500.0,0.6229474709970639
Industrial,"Food, Drink & Cold Processing",Low/medium-temperature process heat,UKPN (East),9.055577624894172,500.0,9.055577624894172
Industrial,"Food, Drink & Cold Processing",Low/medium-temperature process heat,UKPN (London),1.4193360221003315,500.0,1.4193360221003315
Industrial,"Food, Drink & Cold Processing",Low/medium-temperature process heat,UKPN (South),0.0,500.0,0.0
Industrial,"Food, Drink & Cold Processing",Low/medium-temperature process heat,WPD (East Midlands),4.428497731717185,500.0,4.428497731717185
Industrial,"Food, Drink & Cold Processing",Low/medium-temperature process heat,WPD (Midlands),1.710719035026231,500.0,1.710719035026231
Industrial,"Food, Drink & Cold Processing",Low/medium-temperature process heat,WPD (South Wales),0.5174949811397773,500.0,0.5174949811397773
Industrial,"Food, Drink & Cold Processing",Low/medium-temperature process heat,WPD (South West),0.2101765414831085,500.0,0.2101765414831085
Industrial,"Food, Drink & Cold Processing",Steam generation,ENWL,4.1274237554523845,450.0,4.1274237554523845
Industrial,"Food, Drink & Cold Processing",Steam generation,NPG (Northern Electric),1.1315160080745523,450.0,1.1315160080745523
Industrial,"Food, Drink & Cold Processing",Steam generation,NPG (Yorkshire Electric),1.1020738714146403,450.0,1.1020738714146403
Industrial,"Food, Drink & Cold Processing",Steam generation,SPEN (SP Distribution),2.9153189586784523,450.0,2.9153189586784523
Industrial,"Food, Drink & Cold Processing",Steam generation,SPEN (SP MANWEB),1.087714263024302,450.0,1.087714263024302
Industrial,"Food, Drink & Cold Processing",Steam generation,SSE,1.4888085948693714,450.0,1.4888085948693714
Industrial,"Food, Drink & Cold Processing",Steam generation,SSE (Southern),0.7613802423297451,450.0,0.7613802423297451
Industrial,"Food, Drink & Cold Processing",Steam generation,UKPN (East),11.067928208203991,450.0,11.067928208203991
Industrial,"Food, Drink & Cold Processing",Steam generation,UKPN (London),1.7347440270115169,450.0,1.7347440270115169
Industrial,"Food, Drink & Cold Processing",Steam generation,UKPN (South),0.0,450.0,0.0
Industrial,"Food, Drink & Cold Processing",Steam generation,WPD (East Midlands),5.412608338765449,450.0,5.412608338765449
Industrial,"Food, Drink & Cold Processing",Steam generation,WPD (Midlands),2.090878820587616,450.0,2.090878820587616
Industrial,"Food, Drink & Cold Processing",Steam generation,WPD (South Wales),0.6324938658375059,450.0,0.6324938658375059
Industrial,"Food, Drink & Cold Processing",Steam generation,WPD (South West),0.2568824395904661,450.0,0.2568824395904661
Industrial,"Food, Drink & Cold Processing",Drying & evaporation,ENWL,0.8667413304337527,500.0,0.8667413304337527
Industrial,"Food, Drink & Cold Processing",Drying & evaporation,NPG (Northern Electric),0.2376135207706904,500.0,0.2376135207706904
Industrial,"Food, Drink & Cold Processing",Drying & evaporation,NPG (Yorkshire Electric),0.2314307980333621,500.0,0.2314307980333621
Industrial,"Food, Drink & Cold Processing",Drying & evaporation,SPEN (SP Distribution),0.6122045088163603,500.0,0.6122045088163603
Industrial,"Food, Drink & Cold Processing",Drying & evaporation,SPEN (SP MANWEB),0.2284153417055963,500.0,0.2284153417055963
Industrial,"Food, Drink & Cold Processing",Drying & evaporation,SSE,0.31264343540535,500.0,0.31264343540535
Industrial,"Food, Drink & Cold Processing",Drying & evaporation,SSE (Southern),0.1598865935030521,500.0,0.1598865935030521
Industrial,"Food, Drink & Cold Processing",Drying & evaporation,UKPN (East),2.3242175721965697,500.0,2.3242175721965697
Industrial,"Food, Drink & Cold Processing",Drying & evaporation,UKPN (London),0.3642888239783292,500.0,0.3642888239783292
Industrial,"Food, Drink & Cold Processing",Drying & evaporation,UKPN (South),0.0,500.0,0.0
Industrial,"Food, Drink & Cold Processing",Drying & evaporation,WPD (East Midlands),1.1366245945696938,500.0,1.1366245945696938
Industrial,"Food, Drink & Cold Processing",Drying & evaporation,WPD (Midlands),0.4390756069904034,500.0,0.4390756069904034
Industrial,"Food, Drink & Cold Processing",Drying & evaporation,WPD (South Wales),0.1328210058497134,500.0,0.1328210058497134
Industrial,"Food, Drink & Cold Processing",Drying & evaporation,WPD (South West),0.0539442133029311,500.0,0.0539442133029311
Industrial,"Food, Drink & Cold Processing",Refrigeration & process cooling,ENWL,14.624647803582778,200.0,14.624647803582778
Industrial,"Food, Drink & Cold Processing",Refrigeration & process cooling,NPG (Northern Electric),4.009286199495772,200.0,4.009286199495772
Industrial,"Food, Drink & Cold Processing",Refrigeration & process cooling,NPG (Yorkshire Electric),3.904964253229081,200.0,3.904964253229081
Industrial,"Food, Drink & Cold Processing",Refrigeration & process cooling,SPEN (SP Distribution),10.329812379806642,200.0,10.329812379806642
Industrial,"Food, Drink & Cold Processing",Refrigeration & process cooling,SPEN (SP MANWEB),3.854084036476766,200.0,3.854084036476766
Industrial,"Food, Drink & Cold Processing",Refrigeration & process cooling,SSE,5.275276452568913,200.0,5.275276452568913
Industrial,"Food, Drink & Cold Processing",Refrigeration & process cooling,SSE (Southern),2.69778887471141,200.0,2.69778887471141
Industrial,"Food, Drink & Cold Processing",Refrigeration & process cooling,UKPN (East),39.21684846303874,200.0,39.21684846303874
Industrial,"Food, Drink & Cold Processing",Refrigeration & process cooling,UKPN (London),6.1466963238020265,200.0,6.1466963238020265
Industrial,"Food, Drink & Cold Processing",Refrigeration & process cooling,UKPN (South),0.0,200.0,0.0
Industrial,"Food, Drink & Cold Processing",Refrigeration & process cooling,WPD (East Midlands),19.17842590032385,200.0,19.17842590032385
Industrial,"Food, Drink & Cold Processing",Refrigeration & process cooling,WPD (Midlands),7.408584182971274,200.0,7.408584182971274
Industrial,"Food, Drink & Cold Processing",Refrigeration & process cooling,WPD (South Wales),2.241107425323286,200.0,2.241107425323286
Industrial,"Food, Drink & Cold Processing",Refrigeration & process cooling,WPD (South West),0.9102082627142152,200.0,0.9102082627142152
Industrial,"Food, Drink & Cold Processing",Pumping & fluid handling,ENWL,2.236969850119654,200.0,2.236969850119654
Industrial,"Food, Drink & Cold Processing",Pumping & fluid handling,NPG (Northern Electric),0.6132559545519922,200.0,0.6132559545519922
Industrial,"Food, Drink & Cold Processing",Pumping & fluid handling,NPG (Yorkshire Electric),0.59729898576624,200.0,0.59729898576624
Industrial,"Food, Drink & Cold Processing",Pumping & fluid handling,SPEN (SP Distribution),1.5800366040513665,200.0,1.5800366040513665
Industrial,"Food, Drink & Cold Processing",Pumping & fluid handling,SPEN (SP MANWEB),0.5895164044438647,200.0,0.5895164044438647
Industrial,"Food, Drink & Cold Processing",Pumping & fluid handling,SSE,0.8069004145557527,200.0,0.8069004145557527
Industrial,"Food, Drink & Cold Processing",Pumping & fluid handling,SSE (Southern),0.4126507835107807,200.0,0.4126507835107807
Industrial,"Food, Drink & Cold Processing",Pumping & fluid handling,UKPN (East),5.998565490721589,200.0,5.998565490721589
Industrial,"Food, Drink & Cold Processing",Pumping & fluid handling,UKPN (London),0.9401918281285344,200.0,0.9401918281285344
Industrial,"Food, Drink & Cold Processing",Pumping & fluid handling,UKPN (South),0.0,200.0,0.0
Industrial,"Food, Drink & Cold Processing",Pumping & fluid handling,WPD (East Midlands),2.933510679229364,200.0,2.933510679229364
Industrial,"Food, Drink & Cold Processing",Pumping & fluid handling,WPD (Midlands),1.1332087905269113,200.0,1.1332087905269113
Industrial,"Food, Drink & Cold Processing",Pumping & fluid handling,WPD (South Wales),0.3427972973201657,200.0,0.3427972973201657
Industrial,"Food, Drink & Cold Processing",Pumping & fluid handling,WPD (South West),0.1392244427604388,200.0,0.1392244427604388
Industrial,"Food, Drink & Cold Processing",Mechanical drives & machinery,ENWL,1.3981061563247832,400.0,1.3981061563247832
Industrial,"Food, Drink & Cold Processing",Mechanical drives & machinery,NPG (Northern Electric),0.3832849715949949,400.0,0.3832849715949949
Industrial,"Food, Drink & Cold Processing",Mechanical drives & machinery,NPG (Yorkshire Electric),0.3733118661038998,400.0,0.3733118661038998
Industrial,"Food, Drink & Cold Processing",Mechanical drives & machinery,SPEN (SP Distribution),0.9875228775321035,400.0,0.9875228775321035
Industrial,"Food, Drink & Cold Processing",Mechanical drives & machinery,SPEN (SP MANWEB),0.3684477527774152,400.0,0.3684477527774152
Industrial,"Food, Drink & Cold Processing",Mechanical drives & machinery,SSE,0.5043127590973452,400.0,0.5043127590973452
Industrial,"Food, Drink & Cold Processing",Mechanical drives & machinery,SSE (Southern),0.2579067396942379,400.0,0.2579067396942379
Industrial,"Food, Drink & Cold Processing",Mechanical drives & machinery,UKPN (East),3.7491034317009913,400.0,3.7491034317009913
Industrial,"Food, Drink & Cold Processing",Mechanical drives & machinery,UKPN (London),0.5876198925803338,400.0,0.5876198925803338
Industrial,"Food, Drink & Cold Processing",Mechanical drives & machinery,UKPN (South),0.0,400.0,0.0
Industrial,"Food, Drink & Cold Processing",Mechanical drives & machinery,WPD (East Midlands),1.833444174518352,400.0,1.833444174518352
Industrial,"Food, Drink & Cold Processing",Mechanical drives & machinery,WPD (Midlands),0.7082554940793192,400.0,0.7082554940793192
Industrial,"Food, Drink & Cold Processing",Mechanical drives & machinery,WPD (South Wales),0.2142483108251034,400.0,0.2142483108251034
Industrial,"Food, Drink & Cold Processing",Mechanical drives & machinery,WPD (South West),0.0870152767252742,400.0,0.0870152767252742
Industrial,"Food, Drink & Cold Processing",Compressed air,ENWL,0.0,275.0,0.0
Industrial,"Food, Drink & Cold Processing",Compressed air,NPG (Northern Electric),0.0,275.0,0.0
Industrial,"Food, Drink & Cold Processing",Compressed air,NPG (Yorkshire Electric),0.0,275.0,0.0
Industrial,"Food, Drink & Cold Processing",Compressed air,SPEN (SP Distribution),0.0,275.0,0.0
Industrial,"Food, Drink & Cold Processing",Compressed air,SPEN (SP MANWEB),0.0,275.0,0.0
Industrial,"Food, Drink & Cold Processing",Compressed air,SSE,0.0,275.0,0.0
Industrial,"Food, Drink & Cold Processing",Compressed air,SSE (Southern),0.0,275.0,0.0
Industrial,"Food, Drink & Cold Processing",Compressed air,UKPN (East),0.0,275.0,0.0
Industrial,"Food, Drink & Cold Processing",Compressed air,UKPN (London),0.0,275.0,0.0
Industrial,"Food, Drink & Cold Processing",Compressed air,UKPN (South),0.0,275.0,0.0
Industrial,"Food, Drink & Cold Processing",Compressed air,WPD (East Midlands),0.0,275.0,0.0
Industrial,"Food, Drink & Cold Processing",Compressed air,WPD (Midlands),0.0,275.0,0.0
Industrial,"Food, Drink & Cold Processing",Compressed air,WPD (South Wales),0.0,275.0,0.0
Industrial,"Food, Drink & Cold Processing",Compressed air,WPD (South West),0.0,275.0,0.0
Industrial,"Food, Drink & Cold Processing","Fans, blowers & ventilation",ENWL,1.67772738758974,250.0,1.67772738758974
Industrial,"Food, Drink & Cold Processing","Fans, blowers & ventilation",NPG (Northern Electric),0.4599419659139941,250.0,0.4599419659139941
Industrial,"Food, Drink & Cold Processing","Fans, blowers & ventilation",NPG (Yorkshire Electric),0.4479742393246799,250.0,0.4479742393246799
Industrial,"Food, Drink & Cold Processing","Fans, blowers & ventilation",SPEN (SP Distribution),1.1850274530385243,250.0,1.1850274530385243
Industrial,"Food, Drink & Cold Processing","Fans, blowers & ventilation",SPEN (SP MANWEB),0.4421373033328984,250.0,0.4421373033328984
Industrial,"Food, Drink & Cold Processing","Fans, blowers & ventilation",SSE,0.6051753109168143,250.0,0.6051753109168143
Industrial,"Food, Drink & Cold Processing","Fans, blowers & ventilation",SSE (Southern),0.3094880876330855,250.0,0.3094880876330855
Industrial,"Food, Drink & Cold Processing","Fans, blowers & ventilation",UKPN (East),4.498924118041191,250.0,4.498924118041191
Industrial,"Food, Drink & Cold Processing","Fans, blowers & ventilation",UKPN (London),0.7051438710964006,250.0,0.7051438710964006
Industrial,"Food, Drink & Cold Processing","Fans, blowers & ventilation",UKPN (South),0.0,250.0,0.0
Industrial,"Food, Drink & Cold Processing","Fans, blowers & ventilation",WPD (East Midlands),2.2001330094220224,250.0,2.2001330094220224
Industrial,"Food, Drink & Cold Processing","Fans, blowers & ventilation",WPD (Midlands),0.8499065928951832,250.0,0.8499065928951832
Industrial,"Food, Drink & Cold Processing","Fans, blowers & ventilation",WPD (South Wales),0.2570979729901242,250.0,0.2570979729901242
Industrial,"Food, Drink & Cold Processing","Fans, blowers & ventilation",WPD (South West),0.1044183320703291,250.0,0.1044183320703291
Industrial,"Food, Drink & Cold Processing",Material handling & conveying,ENWL,1.258295540692305,275.0,1.258295540692305
Industrial,"Food, Drink & Cold Processing",Material handling & conveying,NPG (Northern Electric),0.3449564744354956,275.0,0.3449564744354956
Industrial,"Food, Drink & Cold Processing",Material handling & conveying,NPG (Yorkshire Electric),0.33598067949351,275.0,0.33598067949351
Industrial,"Food, Drink & Cold Processing",Material handling & conveying,SPEN (SP Distribution),0.8887705897788937,275.0,0.8887705897788937
Industrial,"Food, Drink & Cold Processing",Material handling & conveying,SPEN (SP MANWEB),0.3316029774996739,275.0,0.3316029774996739
Industrial,"Food, Drink & Cold Processing",Material handling & conveying,SSE,0.4538814831876108,275.0,0.4538814831876108
Industrial,"Food, Drink & Cold Processing",Material handling & conveying,SSE (Southern),0.2321160657248142,275.0,0.2321160657248142
Industrial,"Food, Drink & Cold Processing",Material handling & conveying,UKPN (East),3.3741930885308937,275.0,3.3741930885308937
Industrial,"Food, Drink & Cold Processing",Material handling & conveying,UKPN (London),0.5288579033223005,275.0,0.5288579033223005
Industrial,"Food, Drink & Cold Processing",Material handling & conveying,UKPN (South),0.0,275.0,0.0
Industrial,"Food, Drink & Cold Processing",Material handling & conveying,WPD (East Midlands),1.6500997570665172,275.0,1.6500997570665172
Industrial,"Food, Drink & Cold Processing",Material handling & conveying,WPD (Midlands),0.6374299446713876,275.0,0.6374299446713876
Industrial,"Food, Drink & Cold Processing",Material handling & conveying,WPD (South Wales),0.1928234797425932,275.0,0.1928234797425932
Industrial,"Food, Drink & Cold Processing",Material handling & conveying,WPD (South West),0.0783137490527468,275.0,0.0783137490527468
Industrial,"Food, Drink & Cold Processing",Electrochemical processes,ENWL,0.0,300.0,0.0
Industrial,"Food, Drink & Cold Processing",Electrochemical processes,NPG (Northern Electric),0.0,300.0,0.0
Industrial,"Food, Drink & Cold Processing",Electrochemical processes,NPG (Yorkshire Electric),0.0,300.0,0.0
Industrial,"Food, Drink & Cold Processing",Electrochemical processes,SPEN (SP Distribution),0.0,300.0,0.0
Industrial,"Food, Drink & Cold Processing",Electrochemical processes,SPEN (SP MANWEB),0.0,300.0,0.0
Industrial,"Food, Drink & Cold Processing",Electrochemical processes,SSE,0.0,300.0,0.0
Industrial,"Food, Drink & Cold Processing",Electrochemical processes,SSE (Southern),0.0,300.0,0.0
Industrial,"Food, Drink & Cold Processing",Electrochemical processes,UKPN (East),0.0,300.0,0.0
Industrial,"Food, Drink & Cold Processing",Electrochemical processes,UKPN (London),0.0,300.0,0.0
Industrial,"Food, Drink & Cold Processing",Electrochemical processes,UKPN (South),0.0,300.0,0.0
Industrial,"Food, Drink & Cold Processing",Electrochemical processes,WPD (East Midlands),0.0,300.0,0.0
Industrial,"Food, Drink & Cold Processing",Electrochemical processes,WPD (Midlands),0.0,300.0,0.0
Industrial,"Food, Drink & Cold Processing",Electrochemical processes,WPD (South Wales),0.0,300.0,0.0
Industrial,"Food, Drink & Cold Processing",Electrochemical processes,WPD (South West),0.0,300.0,0.0
Industrial,"Food, Drink & Cold Processing",HVAC & space conditioning,ENWL,0.0,200.0,0.0
Industrial,"Food, Drink & Cold Processing",HVAC & space conditioning,NPG (Northern Electric),0.0,200.0,0.0
Industrial,"Food, Drink & Cold Processing",HVAC & space conditioning,NPG (Yorkshire Electric),0.0,200.0,0.0
Industrial,"Food, Drink & Cold Processing",HVAC & space conditioning,SPEN (SP Distribution),0.0,200.0,0.0
Industrial,"Food, Drink & Cold Processing",HVAC & space conditioning,SPEN (SP MANWEB),0.0,200.0,0.0
Industrial,"Food, Drink & Cold Processing",HVAC & space conditioning,SSE,0.0,200.0,0.0
Industrial,"Food, Drink & Cold Processing",HVAC & space conditioning,SSE (Southern),0.0,200.0,0.0
Industrial,"Food, Drink & Cold Processing",HVAC & space conditioning,UKPN (East),0.0,200.0,0.0
Industrial,"Food, Drink & Cold Processing",HVAC & space conditioning,UKPN (London),0.0,200.0,0.0
Industrial,"Food, Drink & Cold Processing",HVAC & space conditioning,UKPN (South),0.0,200.0,0.0
Industrial,"Food, Drink & Cold Processing",HVAC & space conditioning,WPD (East Midlands),0.0,200.0,0.0
Industrial,"Food, Drink & Cold Processing",HVAC & space conditioning,WPD (Midlands),0.0,200.0,0.0
Industrial,"Food, Drink & Cold Processing",HVAC & space conditioning,WPD (South Wales),0.0,200.0,0.0
Industrial,"Food, Drink & Cold Processing",HVAC & space conditioning,WPD (South West),0.0,200.0,0.0
Industrial,"Food, Drink & Cold Processing",Lighting,ENWL,0.0,175.0,0.0
Industrial,"Food, Drink & Cold Processing",Lighting,NPG (Northern Electric),0.0,175.0,0.0
Industrial,"Food, Drink & Cold Processing",Lighting,NPG (Yorkshire Electric),0.0,175.0,0.0
Industrial,"Food, Drink & Cold Processing",Lighting,SPEN (SP Distribution),0.0,175.0,0.0
Industrial,"Food, Drink & Cold Processing",Lighting,SPEN (SP MANWEB),0.0,175.0,0.0
Industrial,"Food, Drink & Cold Processing",Lighting,SSE,0.0,175.0,0.0
Industrial,"Food, Drink & Cold Processing",Lighting,SSE (Southern),0.0,175.0,0.0
Industrial,"Food, Drink & Cold Processing",Lighting,UKPN (East),0.0,175.0,0.0
Industrial,"Food, Drink & Cold Processing",Lighting,UKPN (London),0.0,175.0,0.0
Industrial,"Food, Drink & Cold Processing",Lighting,UKPN (South),0.0,175.0,0.0
Industrial,"Food, Drink & Cold Processing",Lighting,WPD (East Midlands),0.0,175.0,0.0
Industrial,"Food, Drink & Cold Processing",Lighting,WPD (Midlands),0.0,175.0,0.0
Industrial,"Food, Drink & Cold Processing",Lighting,WPD (South Wales),0.0,175.0,0.0
Industrial,"Food, Drink & Cold Processing",Lighting,WPD (South West),0.0,175.0,0.0
Industrial,"Food, Drink & Cold Processing",Water & wastewater processes,ENWL,0.0,275.0,0.0
Industrial,"Food, Drink & Cold Processing",Water & wastewater processes,NPG (Northern Electric),0.0,275.0,0.0
Industrial,"Food, Drink & Cold Processing",Water & wastewater processes,NPG (Yorkshire Electric),0.0,275.0,0.0
Industrial,"Food, Drink & Cold Processing",Water & wastewater processes,SPEN (SP Distribution),0.0,275.0,0.0
Industrial,"Food, Drink & Cold Processing",Water & wastewater processes,SPEN (SP MANWEB),0.0,275.0,0.0
Industrial,"Food, Drink & Cold Processing",Water & wastewater processes,SSE,0.0,275.0,0.0
Industrial,"Food, Drink & Cold Processing",Water & wastewater processes,SSE (Southern),0.0,275.0,0.0
Industrial,"Food, Drink & Cold Processing",Water & wastewater processes,UKPN (East),0.0,275.0,0.0
Industrial,"Food, Drink & Cold Processing",Water & wastewater processes,UKPN (London),0.0,275.0,0.0
Industrial,"Food, Drink & Cold Processing",Water & wastewater processes,UKPN (South),0.0,275.0,0.0
Industrial,"Food, Drink & Cold Processing",Water & wastewater processes,WPD (East Midlands),0.0,275.0,0.0
Industrial,"Food, Drink & Cold Processing",Water & wastewater processes,WPD (Midlands),0.0,275.0,0.0
Industrial,"Food, Drink & Cold Processing",Water & wastewater processes,WPD (South Wales),0.0,275.0,0.0
Industrial,"Food, Drink & Cold Processing",Water & wastewater processes,WPD (South West),0.0,275.0,0.0
Industrial,"Food, Drink & Cold Processing",Other electrical/process loads,ENWL,1.4095625937518077,500.0,1.4095625937518077
Industrial,"Food, Drink & Cold Processing",Other electrical/process loads,NPG (Northern Electric),0.3864257061335938,500.0,0.3864257061335938
Industrial,"Food, Drink & Cold Processing",Other electrical/process loads,NPG (Yorkshire Electric),0.3763708784796322,500.0,0.3763708784796322
Industrial,"Food, Drink & Cold Processing",Other electrical/process loads,SPEN (SP Distribution),0.9956148911485386,500.0,0.9956148911485386
Industrial,"Food, Drink & Cold Processing",Other electrical/process loads,SPEN (SP MANWEB),0.3714669073714543,500.0,0.3714669073714543
Industrial,"Food, Drink & Cold Processing",Other electrical/process loads,SSE,0.5084452261078879,500.0,0.5084452261078879
Industrial,"Food, Drink & Cold Processing",Other electrical/process loads,SSE (Southern),0.2600200931130383,500.0,0.2600200931130383
Industrial,"Food, Drink & Cold Processing",Other electrical/process loads,UKPN (East),3.779824538734546,500.0,3.779824538734546
Industrial,"Food, Drink & Cold Processing",Other electrical/process loads,UKPN (London),0.5924349994302442,500.0,0.5924349994302442
Industrial,"Food, Drink & Cold Processing",Other electrical/process loads,UKPN (South),0.0,500.0,0.0
Industrial,"Food, Drink & Cold Processing",Other electrical/process loads,WPD (East Midlands),1.8484678823865208,500.0,1.8484678823865208
Industrial,"Food, Drink & Cold Processing",Other electrical/process loads,WPD (Midlands),0.7140591197293168,500.0,0.7140591197293168
Industrial,"Food, Drink & Cold Processing",Other electrical/process loads,WPD (South Wales),0.216003915974047,500.0,0.216003915974047
Industrial,"Food, Drink & Cold Processing",Other electrical/process loads,WPD (South West),0.087728302033466,500.0,0.087728302033466
Industrial,Water & Wastewater,High-temperature process heat,ENWL,0.0,900.0,0.0
Industrial,Water & Wastewater,High-temperature process heat,NPG (Northern Electric),0.0,900.0,0.0
Industrial,Water & Wastewater,High-temperature process heat,NPG (Yorkshire Electric),0.0,900.0,0.0
Industrial,Water & Wastewater,High-temperature process heat,SPEN (SP Distribution),0.0,900.0,0.0
Industrial,Water & Wastewater,High-temperature process heat,SPEN (SP MANWEB),0.0,900.0,0.0
Industrial,Water & Wastewater,High-temperature process heat,SSE,0.0,900.0,0.0
Industrial,Water & Wastewater,High-temperature process heat,SSE (Southern),0.0,900.0,0.0
Industrial,Water & Wastewater,High-temperature process heat,UKPN (East),0.0,900.0,0.0
Industrial,Water & Wastewater,High-temperature process heat,UKPN (London),0.0,900.0,0.0
Industrial,Water & Wastewater,High-temperature process heat,UKPN (South),0.0,900.0,0.0
Industrial,Water & Wastewater,High-temperature process heat,WPD (East Midlands),0.0,900.0,0.0
Industrial,Water & Wastewater,High-temperature process heat,WPD (Midlands),0.0,900.0,0.0
Industrial,Water & Wastewater,High-temperature process heat,WPD (South Wales),0.0,900.0,0.0
Industrial,Water & Wastewater,High-temperature process heat,WPD (South West),0.0,900.0,0.0
Industrial,Water & Wastewater,Low/medium-temperature process heat,ENWL,0.1529749892190982,500.0,0.1529749892190982
Industrial,Water & Wastewater,Low/medium-temperature process heat,NPG (Northern Electric),0.0754785952755274,500.0,0.0754785952755274
Industrial,Water & Wastewater,Low/medium-temperature process heat,NPG (Yorkshire Electric),2.4848753287991543,500.0,2.4848753287991543
Industrial,Water & Wastewater,Low/medium-temperature process heat,SPEN (SP Distribution),1.3083712842560242,500.0,1.3083712842560242
Industrial,Water & Wastewater,Low/medium-temperature process heat,SPEN (SP MANWEB),1.6235859300652775,500.0,1.6235859300652775
Industrial,Water & Wastewater,Low/medium-temperature process heat,SSE,0.0921669740963725,500.0,0.0921669740963725
Industrial,Water & Wastewater,Low/medium-temperature process heat,SSE (Southern),1.8275717401296323,500.0,1.8275717401296323
Industrial,Water & Wastewater,Low/medium-temperature process heat,UKPN (East),0.097592899241595,500.0,0.097592899241595
Industrial,Water & Wastewater,Low/medium-temperature process heat,UKPN (London),0.0,500.0,0.0
Industrial,Water & Wastewater,Low/medium-temperature process heat,UKPN (South),0.1653104446763911,500.0,0.1653104446763911
Industrial,Water & Wastewater,Low/medium-temperature process heat,WPD (East Midlands),0.1997884068786799,500.0,0.1997884068786799
Industrial,Water & Wastewater,Low/medium-temperature process heat,WPD (Midlands),0.1164747898292147,500.0,0.1164747898292147
Industrial,Water & Wastewater,Low/medium-temperature process heat,WPD (South Wales),1.3469614034187134,500.0,1.3469614034187134
Industrial,Water & Wastewater,Low/medium-temperature process heat,WPD (South West),0.0707631597061198,500.0,0.0707631597061198
Industrial,Water & Wastewater,Steam generation,ENWL,0.0,450.0,0.0
Industrial,Water & Wastewater,Steam generation,NPG (Northern Electric),0.0,450.0,0.0
Industrial,Water & Wastewater,Steam generation,NPG (Yorkshire Electric),0.0,450.0,0.0
Industrial,Water & Wastewater,Steam generation,SPEN (SP Distribution),0.0,450.0,0.0
Industrial,Water & Wastewater,Steam generation,SPEN (SP MANWEB),0.0,450.0,0.0
Industrial,Water & Wastewater,Steam generation,SSE,0.0,450.0,0.0
Industrial,Water & Wastewater,Steam generation,SSE (Southern),0.0,450.0,0.0
Industrial,Water & Wastewater,Steam generation,UKPN (East),0.0,450.0,0.0
Industrial,Water & Wastewater,Steam generation,UKPN (London),0.0,450.0,0.0
Industrial,Water & Wastewater,Steam generation,UKPN (South),0.0,450.0,0.0
Industrial,Water & Wastewater,Steam generation,WPD (East Midlands),0.0,450.0,0.0
Industrial,Water & Wastewater,Steam generation,WPD (Midlands),0.0,450.0,0.0
Industrial,Water & Wastewater,Steam generation,WPD (South Wales),0.0,450.0,0.0
Industrial,Water & Wastewater,Steam generation,WPD (South West),0.0,450.0,0.0
Industrial,Water & Wastewater,Drying & evaporation,ENWL,0.0839789271727181,500.0,0.0839789271727181
Industrial,Water & Wastewater,Drying & evaporation,NPG (Northern Electric),0.0414356064876992,500.0,0.0414356064876992
Industrial,Water & Wastewater,Drying & evaporation,NPG (Yorkshire Electric),1.3641260269783744,500.0,1.3641260269783744
Industrial,Water & Wastewater,Drying & evaporation,SPEN (SP Distribution),0.718258699388062,500.0,0.718258699388062
Industrial,Water & Wastewater,Drying & evaporation,SPEN (SP MANWEB),0.8913025931599767,500.0,0.8913025931599767
Industrial,Water & Wastewater,Drying & evaporation,SSE,0.0505970527919654,500.0,0.0505970527919654
Industrial,Water & Wastewater,Drying & evaporation,SSE (Southern),1.0032850131301276,500.0,1.0032850131301276
Industrial,Water & Wastewater,Drying & evaporation,UKPN (East),0.0535757316919694,500.0,0.0535757316919694
Industrial,Water & Wastewater,Drying & evaporation,UKPN (London),0.0,500.0,0.0
Industrial,Water & Wastewater,Drying & evaporation,UKPN (South),0.0907507420999714,500.0,0.0907507420999714
Industrial,Water & Wastewater,Drying & evaporation,WPD (East Midlands),0.1096781647566436,500.0,0.1096781647566436
Industrial,Water & Wastewater,Drying & evaporation,WPD (Midlands),0.0639413536974716,500.0,0.0639413536974716
Industrial,Water & Wastewater,Drying & evaporation,WPD (South Wales),0.7394435795001202,500.0,0.7394435795001202
Industrial,Water & Wastewater,Drying & evaporation,WPD (South West),0.0388469661989016,500.0,0.0388469661989016
Industrial,Water & Wastewater,Refrigeration & process cooling,ENWL,0.0,275.0,0.0
Industrial,Water & Wastewater,Refrigeration & process cooling,NPG (Northern Electric),0.0,275.0,0.0
Industrial,Water & Wastewater,Refrigeration & process cooling,NPG (Yorkshire Electric),0.0,275.0,0.0
Industrial,Water & Wastewater,Refrigeration & process cooling,SPEN (SP Distribution),0.0,275.0,0.0
Industrial,Water & Wastewater,Refrigeration & process cooling,SPEN (SP MANWEB),0.0,275.0,0.0
Industrial,Water & Wastewater,Refrigeration & process cooling,SSE,0.0,275.0,0.0
Industrial,Water & Wastewater,Refrigeration & process cooling,SSE (Southern),0.0,275.0,0.0
Industrial,Water & Wastewater,Refrigeration & process cooling,UKPN (East),0.0,275.0,0.0
Industrial,Water & Wastewater,Refrigeration & process cooling,UKPN (London),0.0,275.0,0.0
Industrial,Water & Wastewater,Refrigeration & process cooling,UKPN (South),0.0,275.0,0.0
Industrial,Water & Wastewater,Refrigeration & process cooling,WPD (East Midlands),0.0,275.0,0.0
Industrial,Water & Wastewater,Refrigeration & process cooling,WPD (Midlands),0.0,275.0,0.0
Industrial,Water & Wastewater,Refrigeration & process cooling,WPD (South Wales),0.0,275.0,0.0
Industrial,Water & Wastewater,Refrigeration & process cooling,WPD (South West),0.0,275.0,0.0
Industrial,Water & Wastewater,Pumping & fluid handling,ENWL,1.4584793485857497,175.0,1.4584793485857497
Industrial,Water & Wastewater,Pumping & fluid handling,NPG (Northern Electric),0.719620723829247,175.0,0.719620723829247
Industrial,Water & Wastewater,Pumping & fluid handling,NPG (Yorkshire Electric),23.6910580570339,175.0,23.6910580570339
Industrial,Water & Wastewater,Pumping & fluid handling,SPEN (SP Distribution),12.47414697076372,175.0,12.47414697076372
Industrial,Water & Wastewater,Pumping & fluid handling,SPEN (SP MANWEB),15.479435963633756,175.0,15.479435963633756
Industrial,Water & Wastewater,Pumping & fluid handling,SSE,0.8787294513135674,175.0,0.8787294513135674
Industrial,Water & Wastewater,Pumping & fluid handling,SSE (Southern),17.42425774726068,175.0,17.42425774726068
Industrial,Water & Wastewater,Pumping & fluid handling,UKPN (East),0.9304607821126498,175.0,0.9304607821126498
Industrial,Water & Wastewater,Pumping & fluid handling,UKPN (London),0.0,175.0,0.0
Industrial,Water & Wastewater,Pumping & fluid handling,UKPN (South),1.576086855091885,175.0,1.576086855091885
Industrial,Water & Wastewater,Pumping & fluid handling,WPD (East Midlands),1.9048033080888984,175.0,1.9048033080888984
Industrial,Water & Wastewater,Pumping & fluid handling,WPD (Midlands),1.110482677357607,175.0,1.110482677357607
Industrial,Water & Wastewater,Pumping & fluid handling,WPD (South Wales),12.842069152981589,175.0,12.842069152981589
Industrial,Water & Wastewater,Pumping & fluid handling,WPD (South West),0.674663274035166,175.0,0.674663274035166
Industrial,Water & Wastewater,Mechanical drives & machinery,ENWL,0.0220981719482689,450.0,0.0220981719482689
Industrial,Water & Wastewater,Mechanical drives & machinery,NPG (Northern Electric),0.0109033443004431,450.0,0.0109033443004431
Industrial,Water & Wastewater,Mechanical drives & machinery,NPG (Yorkshire Electric),0.3589554251065743,450.0,0.3589554251065743
Industrial,Water & Wastewater,Mechanical drives & machinery,SPEN (SP Distribution),0.1890022268297533,450.0,0.1890022268297533
Industrial,Water & Wastewater,Mechanical drives & machinery,SPEN (SP MANWEB),0.2345369085399054,450.0,0.2345369085399054
Industrial,Water & Wastewater,Mechanical drives & machinery,SSE,0.0133140825956601,450.0,0.0133140825956601
Industrial,Water & Wastewater,Mechanical drives & machinery,SSE (Southern),0.2640039052615255,450.0,0.2640039052615255
Industrial,Water & Wastewater,Mechanical drives & machinery,UKPN (East),0.0140978906380704,450.0,0.0140978906380704
Industrial,Water & Wastewater,Mechanical drives & machinery,UKPN (London),0.0,450.0,0.0
Industrial,Water & Wastewater,Mechanical drives & machinery,UKPN (South),0.0238801038650285,450.0,0.0238801038650285
Industrial,Water & Wastewater,Mechanical drives & machinery,WPD (East Midlands),0.0288606561831651,450.0,0.0288606561831651
Industrial,Water & Wastewater,Mechanical drives & machinery,WPD (Midlands),0.0168254951114789,450.0,0.0168254951114789
Industrial,Water & Wastewater,Mechanical drives & machinery,WPD (South Wales),0.1945768053482059,450.0,0.1945768053482059
Industrial,Water & Wastewater,Mechanical drives & machinery,WPD (South West),0.0102221708187146,450.0,0.0102221708187146
Industrial,Water & Wastewater,Compressed air,ENWL,0.3064604877748442,275.0,0.3064604877748442
Industrial,Water & Wastewater,Compressed air,NPG (Northern Electric),0.1512090783125897,275.0,0.1512090783125897
Industrial,Water & Wastewater,Compressed air,NPG (Yorkshire Electric),4.978043203080634,275.0,4.978043203080634
Industrial,Water & Wastewater,Compressed air,SPEN (SP Distribution),2.6211088754477383,275.0,2.6211088754477383
Industrial,Water & Wastewater,Compressed air,SPEN (SP MANWEB),3.2525901038603267,275.0,3.2525901038603267
Industrial,Water & Wastewater,Compressed air,SSE,0.1846415285432779,275.0,0.1846415285432779
Industrial,Water & Wastewater,Compressed air,SSE (Southern),3.6612424670380346,275.0,3.6612424670380346
Industrial,Water & Wastewater,Compressed air,UKPN (East),0.195511486273774,275.0,0.195511486273774
Industrial,Water & Wastewater,Compressed air,UKPN (London),0.0,275.0,0.0
Industrial,Water & Wastewater,Compressed air,UKPN (South),0.3311725646683582,275.0,0.3311725646683582
Industrial,Water & Wastewater,Compressed air,WPD (East Midlands),0.4002435491994488,275.0,0.4002435491994488
Industrial,Water & Wastewater,Compressed air,WPD (Midlands),0.233338280242724,275.0,0.233338280242724
Industrial,Water & Wastewater,Compressed air,WPD (South Wales),2.698417897022166,275.0,2.698417897022166
Industrial,Water & Wastewater,Compressed air,WPD (South West),0.1417624707851214,275.0,0.1417624707851214
Industrial,Water & Wastewater,"Fans, blowers & ventilation",ENWL,0.1325890316896136,225.0,0.1325890316896136
Industrial,Water & Wastewater,"Fans, blowers & ventilation",NPG (Northern Electric),0.0654200658026588,225.0,0.0654200658026588
Industrial,Water & Wastewater,"Fans, blowers & ventilation",NPG (Yorkshire Electric),2.1537325506394454,225.0,2.1537325506394454
Industrial,Water & Wastewater,"Fans, blowers & ventilation",SPEN (SP Distribution),1.13401336097852,225.0,1.13401336097852
Industrial,Water & Wastewater,"Fans, blowers & ventilation",SPEN (SP MANWEB),1.407221451239432,225.0,1.407221451239432
Industrial,Water & Wastewater,"Fans, blowers & ventilation",SSE,0.0798844955739606,225.0,0.0798844955739606
Industrial,Water & Wastewater,"Fans, blowers & ventilation",SSE (Southern),1.5840234315691528,225.0,1.5840234315691528
Industrial,Water & Wastewater,"Fans, blowers & ventilation",UKPN (East),0.0845873438284227,225.0,0.0845873438284227
Industrial,Water & Wastewater,"Fans, blowers & ventilation",UKPN (London),0.0,225.0,0.0
Industrial,Water & Wastewater,"Fans, blowers & ventilation",UKPN (South),0.1432806231901713,225.0,0.1432806231901713
Industrial,Water & Wastewater,"Fans, blowers & ventilation",WPD (East Midlands),0.1731639370989907,225.0,0.1731639370989907
Industrial,Water & Wastewater,"Fans, blowers & ventilation",WPD (Midlands),0.1009529706688733,225.0,0.1009529706688733
Industrial,Water & Wastewater,"Fans, blowers & ventilation",WPD (South Wales),1.1674608320892352,225.0,1.1674608320892352
Industrial,Water & Wastewater,"Fans, blowers & ventilation",WPD (South West),0.0613330249122878,225.0,0.0613330249122878
Industrial,Water & Wastewater,Material handling & conveying,ENWL,0.0220981719482689,275.0,0.0220981719482689
Industrial,Water & Wastewater,Material handling & conveying,NPG (Northern Electric),0.0109033443004431,275.0,0.0109033443004431
Industrial,Water & Wastewater,Material handling & conveying,NPG (Yorkshire Electric),0.3589554251065743,275.0,0.3589554251065743
Industrial,Water & Wastewater,Material handling & conveying,SPEN (SP Distribution),0.1890022268297533,275.0,0.1890022268297533
Industrial,Water & Wastewater,Material handling & conveying,SPEN (SP MANWEB),0.2345369085399054,275.0,0.2345369085399054
Industrial,Water & Wastewater,Material handling & conveying,SSE,0.0133140825956601,275.0,0.0133140825956601
Industrial,Water & Wastewater,Material handling & conveying,SSE (Southern),0.2640039052615255,275.0,0.2640039052615255
Industrial,Water & Wastewater,Material handling & conveying,UKPN (East),0.0140978906380704,275.0,0.0140978906380704
Industrial,Water & Wastewater,Material handling & conveying,UKPN (London),0.0,275.0,0.0
Industrial,Water & Wastewater,Material handling & conveying,UKPN (South),0.0238801038650285,275.0,0.0238801038650285
Industrial,Water & Wastewater,Material handling & conveying,WPD (East Midlands),0.0288606561831651,275.0,0.0288606561831651
Industrial,Water & Wastewater,Material handling & conveying,WPD (Midlands),0.0168254951114789,275.0,0.0168254951114789
Industrial,Water & Wastewater,Material handling & conveying,WPD (South Wales),0.1945768053482059,275.0,0.1945768053482059
Industrial,Water & Wastewater,Material handling & conveying,WPD (South West),0.0102221708187146,275.0,0.0102221708187146
Industrial,Water & Wastewater,Electrochemical processes,ENWL,0.0,300.0,0.0
Industrial,Water & Wastewater,Electrochemical processes,NPG (Northern Electric),0.0,300.0,0.0
Industrial,Water & Wastewater,Electrochemical processes,NPG (Yorkshire Electric),0.0,300.0,0.0
Industrial,Water & Wastewater,Electrochemical processes,SPEN (SP Distribution),0.0,300.0,0.0
Industrial,Water & Wastewater,Electrochemical processes,SPEN (SP MANWEB),0.0,300.0,0.0
Industrial,Water & Wastewater,Electrochemical processes,SSE,0.0,300.0,0.0
Industrial,Water & Wastewater,Electrochemical processes,SSE (Southern),0.0,300.0,0.0
Industrial,Water & Wastewater,Electrochemical processes,UKPN (East),0.0,300.0,0.0
Industrial,Water & Wastewater,Electrochemical processes,UKPN (London),0.0,300.0,0.0
Industrial,Water & Wastewater,Electrochemical processes,UKPN (South),0.0,300.0,0.0
Industrial,Water & Wastewater,Electrochemical processes,WPD (East Midlands),0.0,300.0,0.0
Industrial,Water & Wastewater,Electrochemical processes,WPD (Midlands),0.0,300.0,0.0
Industrial,Water & Wastewater,Electrochemical processes,WPD (South Wales),0.0,300.0,0.0
Industrial,Water & Wastewater,Electrochemical processes,WPD (South West),0.0,300.0,0.0
Industrial,Water & Wastewater,HVAC & space conditioning,ENWL,0.0410622419765319,200.0,0.0410622419765319
Industrial,Water & Wastewater,HVAC & space conditioning,NPG (Northern Electric),0.0202603076429273,200.0,0.0202603076429273
Industrial,Water & Wastewater,HVAC & space conditioning,NPG (Yorkshire Electric),0.6670015311230159,200.0,0.6670015311230159
Industrial,Water & Wastewater,HVAC & space conditioning,SPEN (SP Distribution),0.3511989675143543,200.0,0.3511989675143543
Industrial,Water & Wastewater,HVAC & space conditioning,SPEN (SP MANWEB),0.4358103155970673,200.0,0.4358103155970673
Industrial,Water & Wastewater,HVAC & space conditioning,SSE,0.0247398781455022,200.0,0.0247398781455022
Industrial,Water & Wastewater,HVAC & space conditioning,SSE (Southern),0.4905651139820814,200.0,0.4905651139820814
Industrial,Water & Wastewater,HVAC & space conditioning,UKPN (East),0.0261963296373246,200.0,0.0261963296373246
Industrial,Water & Wastewater,HVAC & space conditioning,UKPN (London),0.0,200.0,0.0
Industrial,Water & Wastewater,HVAC & space conditioning,UKPN (South),0.0443733810030079,200.0,0.0443733810030079
Industrial,Water & Wastewater,HVAC & space conditioning,WPD (East Midlands),0.0536281123420009,200.0,0.0536281123420009
Industrial,Water & Wastewater,HVAC & space conditioning,WPD (Midlands),0.0312646925392678,200.0,0.0312646925392678
Industrial,Water & Wastewater,HVAC & space conditioning,WPD (South Wales),0.361557502717073,200.0,0.361557502717073
Industrial,Water & Wastewater,HVAC & space conditioning,WPD (South West),0.0189945689926802,200.0,0.0189945689926802
Industrial,Water & Wastewater,Lighting,ENWL,0.0,175.0,0.0
Industrial,Water & Wastewater,Lighting,NPG (Northern Electric),0.0,175.0,0.0
Industrial,Water & Wastewater,Lighting,NPG (Yorkshire Electric),0.0,175.0,0.0
Industrial,Water & Wastewater,Lighting,SPEN (SP Distribution),0.0,175.0,0.0
Industrial,Water & Wastewater,Lighting,SPEN (SP MANWEB),0.0,175.0,0.0
Industrial,Water & Wastewater,Lighting,SSE,0.0,175.0,0.0
Industrial,Water & Wastewater,Lighting,SSE (Southern),0.0,175.0,0.0
Industrial,Water & Wastewater,Lighting,UKPN (East),0.0,175.0,0.0
Industrial,Water & Wastewater,Lighting,UKPN (London),0.0,175.0,0.0
Industrial,Water & Wastewater,Lighting,UKPN (South),0.0,175.0,0.0
Industrial,Water & Wastewater,Lighting,WPD (East Midlands),0.0,175.0,0.0
Industrial,Water & Wastewater,Lighting,WPD (Midlands),0.0,175.0,0.0
Industrial,Water & Wastewater,Lighting,WPD (South Wales),0.0,175.0,0.0
Industrial,Water & Wastewater,Lighting,WPD (South West),0.0,175.0,0.0
Industrial,Water & Wastewater,Water & wastewater processes,ENWL,0.2209817194826892,250.0,0.2209817194826892
Industrial,Water & Wastewater,Water & wastewater processes,NPG (Northern Electric),0.1090334430044313,250.0,0.1090334430044313
Industrial,Water & Wastewater,Water & wastewater processes,NPG (Yorkshire Electric),3.5895542510657408,250.0,3.5895542510657408
Industrial,Water & Wastewater,Water & wastewater processes,SPEN (SP Distribution),1.8900222682975325,250.0,1.8900222682975325
Industrial,Water & Wastewater,Water & wastewater processes,SPEN (SP MANWEB),2.3453690853990525,250.0,2.3453690853990525
Industrial,Water & Wastewater,Water & wastewater processes,SSE,0.133140825956601,250.0,0.133140825956601
Industrial,Water & Wastewater,Water & wastewater processes,SSE (Southern),2.6400390526152533,250.0,2.6400390526152533
Industrial,Water & Wastewater,Water & wastewater processes,UKPN (East),0.1409789063807044,250.0,0.1409789063807044
Industrial,Water & Wastewater,Water & wastewater processes,UKPN (London),0.0,250.0,0.0
Industrial,Water & Wastewater,Water & wastewater processes,UKPN (South),0.2388010386502854,250.0,0.2388010386502854
Industrial,Water & Wastewater,Water & wastewater processes,WPD (East Midlands),0.2886065618316511,250.0,0.2886065618316511
Industrial,Water & Wastewater,Water & wastewater processes,WPD (Midlands),0.1682549511147888,250.0,0.1682549511147888
Industrial,Water & Wastewater,Water & wastewater processes,WPD (South Wales),1.9457680534820576,250.0,1.9457680534820576
Industrial,Water & Wastewater,Water & wastewater processes,WPD (South West),0.1022217081871463,250.0,0.1022217081871463
Industrial,Water & Wastewater,Other electrical/process loads,ENWL,0.0223840126278056,500.0,0.0223840126278056
Industrial,Water & Wastewater,Other electrical/process loads,NPG (Northern Electric),0.0110443794662187,500.0,0.0110443794662187
Industrial,Water & Wastewater,Other electrical/process loads,NPG (Yorkshire Electric),0.3635985269376233,500.0,0.3635985269376233
Industrial,Water & Wastewater,Other electrical/process loads,SPEN (SP Distribution),0.1914469776931928,500.0,0.1914469776931928
Industrial,Water & Wastewater,Other electrical/process loads,SPEN (SP MANWEB),0.2375706522120254,500.0,0.2375706522120254
Industrial,Water & Wastewater,Other electrical/process loads,SSE,0.0134863007513274,500.0,0.0134863007513274
Industrial,Water & Wastewater,Other electrical/process loads,SSE (Southern),0.2674188056368574,500.0,0.2674188056368574
Industrial,Water & Wastewater,Other electrical/process loads,UKPN (East),0.0142802473800422,500.0,0.0142802473800422
Industrial,Water & Wastewater,Other electrical/process loads,UKPN (London),0.0,500.0,0.0
Industrial,Water & Wastewater,Other electrical/process loads,UKPN (South),0.0241889939004652,500.0,0.0241889939004652
Industrial,Water & Wastewater,Other electrical/process loads,WPD (East Midlands),0.0292339698488648,500.0,0.0292339698488648
Industrial,Water & Wastewater,Other electrical/process loads,WPD (Midlands),0.0170431335191926,500.0,0.0170431335191926
Industrial,Water & Wastewater,Other electrical/process loads,WPD (South Wales),0.1970936635929968,500.0,0.1970936635929968
Industrial,Water & Wastewater,Other electrical/process loads,WPD (South West),0.0103543949800616,500.0,0.0103543949800616
Industrial,Machinery & Advanced Manufacturing,High-temperature process heat,ENWL,0.0240701324777774,900.0,0.0
Industrial,Machinery & Advanced Manufacturing,High-temperature process heat,NPG (Northern Electric),0.0118763191080629,900.0,0.0
Industrial,Machinery & Advanced Manufacturing,High-temperature process heat,NPG (Yorkshire Electric),0.3909873023052926,900.0,0.0
Industrial,Machinery & Advanced Manufacturing,High-temperature process heat,SPEN (SP Distribution),0.2058680984579576,900.0,0.0
Industrial,Machinery & Advanced Manufacturing,High-temperature process heat,SPEN (SP MANWEB),0.255466129628253,900.0,0.0
Industrial,Machinery & Advanced Manufacturing,High-temperature process heat,SSE,0.0145021829248058,900.0,0.0
Industrial,Machinery & Advanced Manufacturing,High-temperature process heat,SSE (Southern),0.2875626540137097,900.0,0.0
Industrial,Machinery & Advanced Manufacturing,High-temperature process heat,UKPN (East),0.0153559351474842,900.0,0.0
Industrial,Machinery & Advanced Manufacturing,High-temperature process heat,UKPN (London),0.0,900.0,0.0
Industrial,Machinery & Advanced Manufacturing,High-temperature process heat,UKPN (South),0.0260110775207969,900.0,0.0
Industrial,Machinery & Advanced Manufacturing,High-temperature process heat,WPD (East Midlands),0.0314360762216256,900.0,0.0
Industrial,Machinery & Advanced Manufacturing,High-temperature process heat,WPD (Midlands),0.0183269411282329,900.0,0.0
Industrial,Machinery & Advanced Manufacturing,High-temperature process heat,WPD (South Wales),0.2119401320977101,900.0,0.0
Industrial,Machinery & Advanced Manufacturing,High-temperature process heat,WPD (South West),0.0111343601811464,900.0,0.0
Industrial,Machinery & Advanced Manufacturing,Low/medium-temperature process heat,ENWL,0.9594730653112576,500.0,0.9594730653112576
Industrial,Machinery & Advanced Manufacturing,Low/medium-temperature process heat,NPG (Northern Electric),0.4734086241423109,500.0,0.4734086241423109
Industrial,Machinery & Advanced Manufacturing,Low/medium-temperature process heat,NPG (Yorkshire Electric),15.585364384138105,500.0,15.585364384138105
Industrial,Machinery & Advanced Manufacturing,Low/medium-temperature process heat,SPEN (SP Distribution),8.206223861028585,500.0,8.206223861028585
Industrial,Machinery & Advanced Manufacturing,Low/medium-temperature process heat,SPEN (SP MANWEB),10.18327882922628,500.0,10.18327882922628
Industrial,Machinery & Advanced Manufacturing,Low/medium-temperature process heat,SSE,0.5780796560806002,500.0,0.5780796560806002
Industrial,Machinery & Advanced Manufacturing,Low/medium-temperature process heat,SSE (Southern),11.462696408933562,500.0,11.462696408933562
Industrial,Machinery & Advanced Manufacturing,Low/medium-temperature process heat,UKPN (East),0.6121115527835298,500.0,0.6121115527835298
Industrial,Machinery & Advanced Manufacturing,Low/medium-temperature process heat,UKPN (London),0.0,500.0,0.0
Industrial,Machinery & Advanced Manufacturing,Low/medium-temperature process heat,UKPN (South),1.036842165450025,500.0,1.036842165450025
Industrial,Machinery & Advanced Manufacturing,Low/medium-temperature process heat,WPD (East Midlands),1.253091084628153,500.0,1.253091084628153
Industrial,Machinery & Advanced Manufacturing,Low/medium-temperature process heat,WPD (Midlands),0.7305404903076089,500.0,0.7305404903076089
Industrial,Machinery & Advanced Manufacturing,Low/medium-temperature process heat,WPD (South Wales),8.448264603196714,500.0,8.448264603196714
Industrial,Machinery & Advanced Manufacturing,Low/medium-temperature process heat,WPD (South West),0.4438329827701301,500.0,0.4438329827701301
Industrial,Machinery & Advanced Manufacturing,Steam generation,ENWL,0.0533040591839587,450.0,0.0533040591839587
Industrial,Machinery & Advanced Manufacturing,Steam generation,NPG (Northern Electric),0.0263004791190172,450.0,0.0263004791190172
Industrial,Machinery & Advanced Manufacturing,Steam generation,NPG (Yorkshire Electric),0.8658535768965614,450.0,0.8658535768965614
Industrial,Machinery & Advanced Manufacturing,Steam generation,SPEN (SP Distribution),0.4559013256126992,450.0,0.4559013256126992
Industrial,Machinery & Advanced Manufacturing,Steam generation,SPEN (SP MANWEB),0.5657377127347933,450.0,0.5657377127347933
Industrial,Machinery & Advanced Manufacturing,Steam generation,SSE,0.0321155364489222,450.0,0.0321155364489222
Industrial,Machinery & Advanced Manufacturing,Steam generation,SSE (Southern),0.6368164671629757,450.0,0.6368164671629757
Industrial,Machinery & Advanced Manufacturing,Steam generation,UKPN (East),0.0340061973768627,450.0,0.0340061973768627
Industrial,Machinery & Advanced Manufacturing,Steam generation,UKPN (London),0.0,450.0,0.0
Industrial,Machinery & Advanced Manufacturing,Steam generation,UKPN (South),0.0576023425250014,450.0,0.0576023425250014
Industrial,Machinery & Advanced Manufacturing,Steam generation,WPD (East Midlands),0.0696161713682307,450.0,0.0696161713682307
Industrial,Machinery & Advanced Manufacturing,Steam generation,WPD (Midlands),0.0405855827948671,450.0,0.0405855827948671
Industrial,Machinery & Advanced Manufacturing,Steam generation,WPD (South Wales),0.4693480335109286,450.0,0.4693480335109286
Industrial,Machinery & Advanced Manufacturing,Steam generation,WPD (South West),0.0246573879316738,450.0,0.0246573879316738
Industrial,Machinery & Advanced Manufacturing,Drying & evaporation,ENWL,0.0,500.0,0.0
Industrial,Machinery & Advanced Manufacturing,Drying & evaporation,NPG (Northern Electric),0.0,500.0,0.0
Industrial,Machinery & Advanced Manufacturing,Drying & evaporation,NPG (Yorkshire Electric),0.0,500.0,0.0
Industrial,Machinery & Advanced Manufacturing,Drying & evaporation,SPEN (SP Distribution),0.0,500.0,0.0
Industrial,Machinery & Advanced Manufacturing,Drying & evaporation,SPEN (SP MANWEB),0.0,500.0,0.0
Industrial,Machinery & Advanced Manufacturing,Drying & evaporation,SSE,0.0,500.0,0.0
Industrial,Machinery & Advanced Manufacturing,Drying & evaporation,SSE (Southern),0.0,500.0,0.0
Industrial,Machinery & Advanced Manufacturing,Drying & evaporation,UKPN (East),0.0,500.0,0.0
Industrial,Machinery & Advanced Manufacturing,Drying & evaporation,UKPN (London),0.0,500.0,0.0
Industrial,Machinery & Advanced Manufacturing,Drying & evaporation,UKPN (South),0.0,500.0,0.0
Industrial,Machinery & Advanced Manufacturing,Drying & evaporation,WPD (East Midlands),0.0,500.0,0.0
Industrial,Machinery & Advanced Manufacturing,Drying & evaporation,WPD (Midlands),0.0,500.0,0.0
Industrial,Machinery & Advanced Manufacturing,Drying & evaporation,WPD (South Wales),0.0,500.0,0.0
Industrial,Machinery & Advanced Manufacturing,Drying & evaporation,WPD (South West),0.0,500.0,0.0
Industrial,Machinery & Advanced Manufacturing,Refrigeration & process cooling,ENWL,0.0,275.0,0.0
Industrial,Machinery & Advanced Manufacturing,Refrigeration & process cooling,NPG (Northern Electric),0.0,275.0,0.0
Industrial,Machinery & Advanced Manufacturing,Refrigeration & process cooling,NPG (Yorkshire Electric),0.0,275.0,0.0
Industrial,Machinery & Advanced Manufacturing,Refrigeration & process cooling,SPEN (SP Distribution),0.0,275.0,0.0
Industrial,Machinery & Advanced Manufacturing,Refrigeration & process cooling,SPEN (SP MANWEB),0.0,275.0,0.0
Industrial,Machinery & Advanced Manufacturing,Refrigeration & process cooling,SSE,0.0,275.0,0.0
Industrial,Machinery & Advanced Manufacturing,Refrigeration & process cooling,SSE (Southern),0.0,275.0,0.0
Industrial,Machinery & Advanced Manufacturing,Refrigeration & process cooling,UKPN (East),0.0,275.0,0.0
Industrial,Machinery & Advanced Manufacturing,Refrigeration & process cooling,UKPN (London),0.0,275.0,0.0
Industrial,Machinery & Advanced Manufacturing,Refrigeration & process cooling,UKPN (South),0.0,275.0,0.0
Industrial,Machinery & Advanced Manufacturing,Refrigeration & process cooling,WPD (East Midlands),0.0,275.0,0.0
Industrial,Machinery & Advanced Manufacturing,Refrigeration & process cooling,WPD (Midlands),0.0,275.0,0.0
Industrial,Machinery & Advanced Manufacturing,Refrigeration & process cooling,WPD (South Wales),0.0,275.0,0.0
Industrial,Machinery & Advanced Manufacturing,Refrigeration & process cooling,WPD (South West),0.0,275.0,0.0
Industrial,Machinery & Advanced Manufacturing,Pumping & fluid handling,ENWL,0.0073409674300763,225.0,0.0073409674300763
Industrial,Machinery & Advanced Manufacturing,Pumping & fluid handling,NPG (Northern Electric),0.0036220686297416,225.0,0.0036220686297416
Industrial,Machinery & Advanced Manufacturing,Pumping & fluid handling,NPG (Yorkshire Electric),0.1192442565260687,225.0,0.1192442565260687
Industrial,Machinery & Advanced Manufacturing,Pumping & fluid handling,SPEN (SP Distribution),0.0627861523847813,225.0,0.0627861523847813
Industrial,Machinery & Advanced Manufacturing,Pumping & fluid handling,SPEN (SP MANWEB),0.0779126803236366,225.0,0.0779126803236366
Industrial,Machinery & Advanced Manufacturing,Pumping & fluid handling,SSE,0.0044229109505025,225.0,0.0044229109505025
Industrial,Machinery & Advanced Manufacturing,Pumping & fluid handling,SSE (Southern),0.0877015562407019,225.0,0.0877015562407019
Industrial,Machinery & Advanced Manufacturing,Pumping & fluid handling,UKPN (East),0.0046832903757435,225.0,0.0046832903757435
Industrial,Machinery & Advanced Manufacturing,Pumping & fluid handling,UKPN (London),0.0,225.0,0.0
Industrial,Machinery & Advanced Manufacturing,Pumping & fluid handling,UKPN (South),0.0079329215606789,225.0,0.0079329215606789
Industrial,Machinery & Advanced Manufacturing,Pumping & fluid handling,WPD (East Midlands),0.0095874508329111,225.0,0.0095874508329111
Industrial,Machinery & Advanced Manufacturing,Pumping & fluid handling,WPD (Midlands),0.0055893949914689,225.0,0.0055893949914689
Industrial,Machinery & Advanced Manufacturing,Pumping & fluid handling,WPD (South Wales),0.0646380159432767,225.0,0.0646380159432767
Industrial,Machinery & Advanced Manufacturing,Pumping & fluid handling,WPD (South West),0.0033957841952052,225.0,0.0033957841952052
Industrial,Machinery & Advanced Manufacturing,Mechanical drives & machinery,ENWL,0.0330343534353434,525.0,0.0
Industrial,Machinery & Advanced Manufacturing,Mechanical drives & machinery,NPG (Northern Electric),0.0162993088338373,525.0,0.0
Industrial,Machinery & Advanced Manufacturing,Mechanical drives & machinery,NPG (Yorkshire Electric),0.5365991543673095,525.0,0.0
Industrial,Machinery & Advanced Manufacturing,Mechanical drives & machinery,SPEN (SP Distribution),0.2825376857315161,525.0,0.0
Industrial,Machinery & Advanced Manufacturing,Mechanical drives & machinery,SPEN (SP MANWEB),0.3506070614563648,525.0,0.0
Industrial,Machinery & Advanced Manufacturing,Mechanical drives & machinery,SSE,0.0199030992772614,525.0,0.0
Industrial,Machinery & Advanced Manufacturing,Mechanical drives & machinery,SSE (Southern),0.3946570030831589,525.0,0.0
Industrial,Machinery & Advanced Manufacturing,Mechanical drives & machinery,UKPN (East),0.0210748066908457,525.0,0.0
Industrial,Machinery & Advanced Manufacturing,Mechanical drives & machinery,UKPN (London),0.0,525.0,0.0
Industrial,Machinery & Advanced Manufacturing,Mechanical drives & machinery,UKPN (South),0.0356981470230554,525.0,0.0
Industrial,Machinery & Advanced Manufacturing,Mechanical drives & machinery,WPD (East Midlands),0.0431435287481003,525.0,0.0
Industrial,Machinery & Advanced Manufacturing,Mechanical drives & machinery,WPD (Midlands),0.0251522774616104,525.0,0.0
Industrial,Machinery & Advanced Manufacturing,Mechanical drives & machinery,WPD (South Wales),0.2908710717447452,525.0,0.0
Industrial,Machinery & Advanced Manufacturing,Mechanical drives & machinery,WPD (South West),0.0152810288784238,525.0,0.0
Industrial,Machinery & Advanced Manufacturing,Compressed air,ENWL,0.3453035335608913,350.0,0.3453035335608913
Industrial,Machinery & Advanced Manufacturing,Compressed air,NPG (Northern Electric),0.1703744238839153,350.0,0.1703744238839153
Industrial,Machinery & Advanced Manufacturing,Compressed air,NPG (Yorkshire Electric),5.608996842377341,350.0,5.608996842377341
Industrial,Machinery & Advanced Manufacturing,Compressed air,SPEN (SP Distribution),2.9533274031883585,350.0,2.9533274031883585
Industrial,Machinery & Advanced Manufacturing,Compressed air,SPEN (SP MANWEB),3.664847185498573,350.0,3.664847185498573
Industrial,Machinery & Advanced Manufacturing,Compressed air,SSE,0.2080443476123435,350.0,0.2080443476123435
Industrial,Machinery & Advanced Manufacturing,Compressed air,SSE (Southern),4.125295140887013,350.0,4.125295140887013
Industrial,Machinery & Advanced Manufacturing,Compressed air,UKPN (East),0.2202920433634364,350.0,0.2202920433634364
Industrial,Machinery & Advanced Manufacturing,Compressed air,UKPN (London),0.0,350.0,0.0
Industrial,Machinery & Advanced Manufacturing,Compressed air,UKPN (South),0.3731477999944426,350.0,0.3731477999944426
Industrial,Machinery & Advanced Manufacturing,Compressed air,WPD (East Midlands),0.4509733467665215,350.0,0.4509733467665215
Industrial,Machinery & Advanced Manufacturing,Compressed air,WPD (Midlands),0.2629132821260487,350.0,0.2629132821260487
Industrial,Machinery & Advanced Manufacturing,Compressed air,WPD (South Wales),3.0404351361284623,350.0,3.0404351361284623
Industrial,Machinery & Advanced Manufacturing,Compressed air,WPD (South West),0.1597304841607813,350.0,0.1597304841607813
Industrial,Machinery & Advanced Manufacturing,"Fans, blowers & ventilation",ENWL,0.0165171767176716,250.0,0.0165171767176716
Industrial,Machinery & Advanced Manufacturing,"Fans, blowers & ventilation",NPG (Northern Electric),0.0081496544169186,250.0,0.0081496544169186
Industrial,Machinery & Advanced Manufacturing,"Fans, blowers & ventilation",NPG (Yorkshire Electric),0.2682995771836546,250.0,0.2682995771836546
Industrial,Machinery & Advanced Manufacturing,"Fans, blowers & ventilation",SPEN (SP Distribution),0.141268842865758,250.0,0.141268842865758
Industrial,Machinery & Advanced Manufacturing,"Fans, blowers & ventilation",SPEN (SP MANWEB),0.1753035307281823,250.0,0.1753035307281823
Industrial,Machinery & Advanced Manufacturing,"Fans, blowers & ventilation",SSE,0.0099515496386307,250.0,0.0099515496386307
Industrial,Machinery & Advanced Manufacturing,"Fans, blowers & ventilation",SSE (Southern),0.1973285015415793,250.0,0.1973285015415793
Industrial,Machinery & Advanced Manufacturing,"Fans, blowers & ventilation",UKPN (East),0.0105374033454228,250.0,0.0105374033454228
Industrial,Machinery & Advanced Manufacturing,"Fans, blowers & ventilation",UKPN (London),0.0,250.0,0.0
Industrial,Machinery & Advanced Manufacturing,"Fans, blowers & ventilation",UKPN (South),0.0178490735115277,250.0,0.0178490735115277
Industrial,Machinery & Advanced Manufacturing,"Fans, blowers & ventilation",WPD (East Midlands),0.0215717643740501,250.0,0.0215717643740501
Industrial,Machinery & Advanced Manufacturing,"Fans, blowers & ventilation",WPD (Midlands),0.0125761387308052,250.0,0.0125761387308052
Industrial,Machinery & Advanced Manufacturing,"Fans, blowers & ventilation",WPD (South Wales),0.1454355358723725,250.0,0.1454355358723725
Industrial,Machinery & Advanced Manufacturing,"Fans, blowers & ventilation",WPD (South West),0.0076405144392119,250.0,0.0076405144392119
Industrial,Machinery & Advanced Manufacturing,Material handling & conveying,ENWL,0.0220229022902289,300.0,0.0220229022902289
Industrial,Machinery & Advanced Manufacturing,Material handling & conveying,NPG (Northern Electric),0.0108662058892248,300.0,0.0108662058892248
Industrial,Machinery & Advanced Manufacturing,Material handling & conveying,NPG (Yorkshire Electric),0.3577327695782063,300.0,0.3577327695782063
Industrial,Machinery & Advanced Manufacturing,Material handling & conveying,SPEN (SP Distribution),0.188358457154344,300.0,0.188358457154344
Industrial,Machinery & Advanced Manufacturing,Material handling & conveying,SPEN (SP MANWEB),0.2337380409709098,300.0,0.2337380409709098
Industrial,Machinery & Advanced Manufacturing,Material handling & conveying,SSE,0.0132687328515076,300.0,0.0132687328515076
Industrial,Machinery & Advanced Manufacturing,Material handling & conveying,SSE (Southern),0.2631046687221058,300.0,0.2631046687221058
Industrial,Machinery & Advanced Manufacturing,Material handling & conveying,UKPN (East),0.0140498711272305,300.0,0.0140498711272305
Industrial,Machinery & Advanced Manufacturing,Material handling & conveying,UKPN (London),0.0,300.0,0.0
Industrial,Machinery & Advanced Manufacturing,Material handling & conveying,UKPN (South),0.0237987646820369,300.0,0.0237987646820369
Industrial,Machinery & Advanced Manufacturing,Material handling & conveying,WPD (East Midlands),0.0287623524987335,300.0,0.0287623524987335
Industrial,Machinery & Advanced Manufacturing,Material handling & conveying,WPD (Midlands),0.0167681849744069,300.0,0.0167681849744069
Industrial,Machinery & Advanced Manufacturing,Material handling & conveying,WPD (South Wales),0.1939140478298301,300.0,0.1939140478298301
Industrial,Machinery & Advanced Manufacturing,Material handling & conveying,WPD (South West),0.0101873525856158,300.0,0.0101873525856158
Industrial,Machinery & Advanced Manufacturing,Electrochemical processes,ENWL,0.0,300.0,0.0
Industrial,Machinery & Advanced Manufacturing,Electrochemical processes,NPG (Northern Electric),0.0,300.0,0.0
Industrial,Machinery & Advanced Manufacturing,Electrochemical processes,NPG (Yorkshire Electric),0.0,300.0,0.0
Industrial,Machinery & Advanced Manufacturing,Electrochemical processes,SPEN (SP Distribution),0.0,300.0,0.0
Industrial,Machinery & Advanced Manufacturing,Electrochemical processes,SPEN (SP MANWEB),0.0,300.0,0.0
Industrial,Machinery & Advanced Manufacturing,Electrochemical processes,SSE,0.0,300.0,0.0
Industrial,Machinery & Advanced Manufacturing,Electrochemical processes,SSE (Southern),0.0,300.0,0.0
Industrial,Machinery & Advanced Manufacturing,Electrochemical processes,UKPN (East),0.0,300.0,0.0
Industrial,Machinery & Advanced Manufacturing,Electrochemical processes,UKPN (London),0.0,300.0,0.0
Industrial,Machinery & Advanced Manufacturing,Electrochemical processes,UKPN (South),0.0,300.0,0.0
Industrial,Machinery & Advanced Manufacturing,Electrochemical processes,WPD (East Midlands),0.0,300.0,0.0
Industrial,Machinery & Advanced Manufacturing,Electrochemical processes,WPD (Midlands),0.0,300.0,0.0
Industrial,Machinery & Advanced Manufacturing,Electrochemical processes,WPD (South Wales),0.0,300.0,0.0
Industrial,Machinery & Advanced Manufacturing,Electrochemical processes,WPD (South West),0.0,300.0,0.0
Industrial,Machinery & Advanced Manufacturing,HVAC & space conditioning,ENWL,1.3673432241605077,200.0,1.3673432241605077
Industrial,Machinery & Advanced Manufacturing,HVAC & space conditioning,NPG (Northern Electric),0.6746537218010868,200.0,0.6746537218010868
Industrial,Machinery & Advanced Manufacturing,HVAC & space conditioning,NPG (Yorkshire Electric),22.210672875752376,200.0,22.210672875752376
Industrial,Machinery & Advanced Manufacturing,HVAC & space conditioning,SPEN (SP Distribution),11.694673876730096,200.0,11.694673876730096
Industrial,Machinery & Advanced Manufacturing,HVAC & space conditioning,SPEN (SP MANWEB),14.512171117969505,200.0,14.512171117969505
Industrial,Machinery & Advanced Manufacturing,HVAC & space conditioning,SSE,0.8238202085541869,200.0,0.8238202085541869
Industrial,Machinery & Advanced Manufacturing,HVAC & space conditioning,SSE (Southern),16.335466655627012,200.0,16.335466655627012
Industrial,Machinery & Advanced Manufacturing,HVAC & space conditioning,UKPN (East),0.8723189992388274,200.0,0.8723189992388274
Industrial,Machinery & Advanced Manufacturing,HVAC & space conditioning,UKPN (London),0.0,200.0,0.0
Industrial,Machinery & Advanced Manufacturing,HVAC & space conditioning,UKPN (South),1.4776017802981107,200.0,1.4776017802981107
Industrial,Machinery & Advanced Manufacturing,HVAC & space conditioning,WPD (East Midlands),1.7857777000403958,200.0,1.7857777000403958
Industrial,Machinery & Advanced Manufacturing,HVAC & space conditioning,WPD (Midlands),1.04109185084102,200.0,1.04109185084102
Industrial,Machinery & Advanced Manufacturing,HVAC & space conditioning,WPD (South Wales),12.039605673921306,200.0,12.039605673921306
Industrial,Machinery & Advanced Manufacturing,HVAC & space conditioning,WPD (South West),0.6325055320368087,200.0,0.6325055320368087
Industrial,Machinery & Advanced Manufacturing,Lighting,ENWL,0.5191819058735405,175.0,0.5191819058735405
Industrial,Machinery & Advanced Manufacturing,Lighting,NPG (Northern Electric),0.2561668488937119,175.0,0.2561668488937119
Industrial,Machinery & Advanced Manufacturing,Lighting,NPG (Yorkshire Electric),8.433419839738235,175.0,8.433419839738235
Industrial,Machinery & Advanced Manufacturing,Lighting,SPEN (SP Distribution),4.440482071074721,175.0,4.440482071074721
Industrial,Machinery & Advanced Manufacturing,Lighting,SPEN (SP MANWEB),5.510289242860878,175.0,5.510289242860878
Industrial,Machinery & Advanced Manufacturing,Lighting,SSE,0.3128055475880229,175.0,0.3128055475880229
Industrial,Machinery & Advanced Manufacturing,Lighting,SSE (Southern),6.202596803600015,175.0,6.202596803600015
Industrial,Machinery & Advanced Manufacturing,Lighting,UKPN (East),0.3312205981293183,175.0,0.3312205981293183
Industrial,Machinery & Advanced Manufacturing,Lighting,UKPN (London),0.0,175.0,0.0
Industrial,Machinery & Advanced Manufacturing,Lighting,UKPN (South),0.5610472154043872,175.0,0.5610472154043872
Industrial,Machinery & Advanced Manufacturing,Lighting,WPD (East Midlands),0.6780619915988308,175.0,0.6780619915988308
Industrial,Machinery & Advanced Manufacturing,Lighting,WPD (Midlands),0.3953038576988649,175.0,0.3953038576988649
Industrial,Machinery & Advanced Manufacturing,Lighting,WPD (South Wales),4.57145309919538,175.0,4.57145309919538
Industrial,Machinery & Advanced Manufacturing,Lighting,WPD (South West),0.2401631293416056,175.0,0.2401631293416056
Industrial,Machinery & Advanced Manufacturing,Water & wastewater processes,ENWL,0.0,275.0,0.0
Industrial,Machinery & Advanced Manufacturing,Water & wastewater processes,NPG (Northern Electric),0.0,275.0,0.0
Industrial,Machinery & Advanced Manufacturing,Water & wastewater processes,NPG (Yorkshire Electric),0.0,275.0,0.0
Industrial,Machinery & Advanced Manufacturing,Water & wastewater processes,SPEN (SP Distribution),0.0,275.0,0.0
Industrial,Machinery & Advanced Manufacturing,Water & wastewater processes,SPEN (SP MANWEB),0.0,275.0,0.0
Industrial,Machinery & Advanced Manufacturing,Water & wastewater processes,SSE,0.0,275.0,0.0
Industrial,Machinery & Advanced Manufacturing,Water & wastewater processes,SSE (Southern),0.0,275.0,0.0
Industrial,Machinery & Advanced Manufacturing,Water & wastewater processes,UKPN (East),0.0,275.0,0.0
Industrial,Machinery & Advanced Manufacturing,Water & wastewater processes,UKPN (London),0.0,275.0,0.0
Industrial,Machinery & Advanced Manufacturing,Water & wastewater processes,UKPN (South),0.0,275.0,0.0
Industrial,Machinery & Advanced Manufacturing,Water & wastewater processes,WPD (East Midlands),0.0,275.0,0.0
Industrial,Machinery & Advanced Manufacturing,Water & wastewater processes,WPD (Midlands),0.0,275.0,0.0
Industrial,Machinery & Advanced Manufacturing,Water & wastewater processes,WPD (South Wales),0.0,275.0,0.0
Industrial,Machinery & Advanced Manufacturing,Water & wastewater processes,WPD (South West),0.0,275.0,0.0
Industrial,Machinery & Advanced Manufacturing,Other electrical/process loads,ENWL,0.0625725901615169,500.0,0.0625725901615169
Industrial,Machinery & Advanced Manufacturing,Other electrical/process loads,NPG (Northern Electric),0.0308736168719596,500.0,0.0308736168719596
Industrial,Machinery & Advanced Manufacturing,Other electrical/process loads,NPG (Yorkshire Electric),1.0164085406714485,500.0,1.0164085406714485
Industrial,Machinery & Advanced Manufacturing,Other electrical/process loads,SPEN (SP Distribution),0.5351736291453121,500.0,0.5351736291453121
Industrial,Machinery & Advanced Manufacturing,Other electrical/process loads,SPEN (SP MANWEB),0.6641084108754208,500.0,0.6641084108754208
Industrial,Machinery & Advanced Manufacturing,Other electrical/process loads,SSE,0.0376997986795051,500.0,0.0376997986795051
Industrial,Machinery & Advanced Manufacturing,Other electrical/process loads,SSE (Southern),0.7475463673484283,500.0,0.7475463673484283
Industrial,Machinery & Advanced Manufacturing,Other electrical/process loads,UKPN (East),0.0399192084803635,500.0,0.0399192084803635
Industrial,Machinery & Advanced Manufacturing,Other electrical/process loads,UKPN (London),0.0,500.0,0.0
Industrial,Machinery & Advanced Manufacturing,Other electrical/process loads,UKPN (South),0.0676182607167169,500.0,0.0676182607167169
Industrial,Machinery & Advanced Manufacturing,Other electrical/process loads,WPD (East Midlands),0.0817210588898103,500.0,0.0817210588898103
Industrial,Machinery & Advanced Manufacturing,Other electrical/process loads,WPD (Midlands),0.0476426200474763,500.0,0.0476426200474763
Industrial,Machinery & Advanced Manufacturing,Other electrical/process loads,WPD (South Wales),0.550958455952475,500.0,0.550958455952475
Industrial,Machinery & Advanced Manufacturing,Other electrical/process loads,WPD (South West),0.0289448243365014,500.0,0.0289448243365014
Industrial,"Timber, Wood & Building Products",High-temperature process heat,ENWL,0.0,900.0,0.0
Industrial,"Timber, Wood & Building Products",High-temperature process heat,NPG (Northern Electric),0.0,900.0,0.0
Industrial,"Timber, Wood & Building Products",High-temperature process heat,NPG (Yorkshire Electric),0.0,900.0,0.0
Industrial,"Timber, Wood & Building Products",High-temperature process heat,SPEN (SP Distribution),0.0,900.0,0.0
Industrial,"Timber, Wood & Building Products",High-temperature process heat,SPEN (SP MANWEB),0.0,900.0,0.0
Industrial,"Timber, Wood & Building Products",High-temperature process heat,SSE,0.0,900.0,0.0
Industrial,"Timber, Wood & Building Products",High-temperature process heat,SSE (Southern),0.0,900.0,0.0
Industrial,"Timber, Wood & Building Products",High-temperature process heat,UKPN (East),0.0,900.0,0.0
Industrial,"Timber, Wood & Building Products",High-temperature process heat,UKPN (London),0.0,900.0,0.0
Industrial,"Timber, Wood & Building Products",High-temperature process heat,UKPN (South),0.0,900.0,0.0
Industrial,"Timber, Wood & Building Products",High-temperature process heat,WPD (East Midlands),0.0,900.0,0.0
Industrial,"Timber, Wood & Building Products",High-temperature process heat,WPD (Midlands),0.0,900.0,0.0
Industrial,"Timber, Wood & Building Products",High-temperature process heat,WPD (South Wales),0.0,900.0,0.0
Industrial,"Timber, Wood & Building Products",High-temperature process heat,WPD (South West),0.0,900.0,0.0
Industrial,"Timber, Wood & Building Products",Low/medium-temperature process heat,ENWL,0.0238797496405507,500.0,0.0238797496405507
Industrial,"Timber, Wood & Building Products",Low/medium-temperature process heat,NPG (Northern Electric),0.0117823833007012,500.0,0.0117823833007012
Industrial,"Timber, Wood & Building Products",Low/medium-temperature process heat,NPG (Yorkshire Electric),0.3878947862170979,500.0,0.3878947862170979
Industrial,"Timber, Wood & Building Products",Low/medium-temperature process heat,SPEN (SP Distribution),0.204239783669284,500.0,0.204239783669284
Industrial,"Timber, Wood & Building Products",Low/medium-temperature process heat,SPEN (SP MANWEB),0.2534455189557168,500.0,0.2534455189557168
Industrial,"Timber, Wood & Building Products",Low/medium-temperature process heat,SSE,0.0143874778340152,500.0,0.0143874778340152
Industrial,"Timber, Wood & Building Products",Low/medium-temperature process heat,SSE (Southern),0.2852881757156728,500.0,0.2852881757156728
Industrial,"Timber, Wood & Building Products",Low/medium-temperature process heat,UKPN (East),0.0152344772990762,500.0,0.0152344772990762
Industrial,"Timber, Wood & Building Products",Low/medium-temperature process heat,UKPN (London),0.0,500.0,0.0
Industrial,"Timber, Wood & Building Products",Low/medium-temperature process heat,UKPN (South),0.0258053427687216,500.0,0.0258053427687216
Industrial,"Timber, Wood & Building Products",Low/medium-temperature process heat,WPD (East Midlands),0.0311874324142901,500.0,0.0311874324142901
Industrial,"Timber, Wood & Building Products",Low/medium-temperature process heat,WPD (Midlands),0.0181819840926661,500.0,0.0181819840926661
Industrial,"Timber, Wood & Building Products",Low/medium-temperature process heat,WPD (South Wales),0.2102637905275829,500.0,0.2102637905275829
Industrial,"Timber, Wood & Building Products",Low/medium-temperature process heat,WPD (South West),0.0110462929017515,500.0,0.0110462929017515
Industrial,"Timber, Wood & Building Products",Steam generation,ENWL,0.0195379769786324,450.0,0.0195379769786324
Industrial,"Timber, Wood & Building Products",Steam generation,NPG (Northern Electric),0.0096401317914828,450.0,0.0096401317914828
Industrial,"Timber, Wood & Building Products",Steam generation,NPG (Yorkshire Electric),0.3173684614503529,450.0,0.3173684614503529
Industrial,"Timber, Wood & Building Products",Steam generation,SPEN (SP Distribution),0.167105277547596,450.0,0.167105277547596
Industrial,"Timber, Wood & Building Products",Steam generation,SPEN (SP MANWEB),0.2073645155092228,450.0,0.2073645155092228
Industrial,"Timber, Wood & Building Products",Steam generation,SSE,0.0117715727732852,450.0,0.0117715727732852
Industrial,"Timber, Wood & Building Products",Steam generation,SSE (Southern),0.2334175983128232,450.0,0.2334175983128232
Industrial,"Timber, Wood & Building Products",Steam generation,UKPN (East),0.0124645723356078,450.0,0.0124645723356078
Industrial,"Timber, Wood & Building Products",Steam generation,UKPN (London),0.0,450.0,0.0
Industrial,"Timber, Wood & Building Products",Steam generation,UKPN (South),0.0211134622653177,450.0,0.0211134622653177
Industrial,"Timber, Wood & Building Products",Steam generation,WPD (East Midlands),0.0255169901571464,450.0,0.0255169901571464
Industrial,"Timber, Wood & Building Products",Steam generation,WPD (Midlands),0.0148761688030904,450.0,0.0148761688030904
Industrial,"Timber, Wood & Building Products",Steam generation,WPD (South Wales),0.1720340104316587,450.0,0.1720340104316587
Industrial,"Timber, Wood & Building Products",Steam generation,WPD (South West),0.009037876010524,450.0,0.009037876010524
Industrial,"Timber, Wood & Building Products",Drying & evaporation,ENWL,0.0238350995830771,500.0,0.0238350995830771
Industrial,"Timber, Wood & Building Products",Drying & evaporation,NPG (Northern Electric),0.0117603527476397,500.0,0.0117603527476397
Industrial,"Timber, Wood & Building Products",Drying & evaporation,NPG (Yorkshire Electric),0.3871695053930113,500.0,0.3871695053930113
Industrial,"Timber, Wood & Building Products",Drying & evaporation,SPEN (SP Distribution),0.2038578986739853,500.0,0.2038578986739853
Industrial,"Timber, Wood & Building Products",Drying & evaporation,SPEN (SP MANWEB),0.2529716296914605,500.0,0.2529716296914605
Industrial,"Timber, Wood & Building Products",Drying & evaporation,SSE,0.0143605763077489,500.0,0.0143605763077489
Industrial,"Timber, Wood & Building Products",Drying & evaporation,SSE (Southern),0.2847547474497167,500.0,0.2847547474497167
Industrial,"Timber, Wood & Building Products",Drying & evaporation,UKPN (East),0.0152059920637943,500.0,0.0152059920637943
Industrial,"Timber, Wood & Building Products",Drying & evaporation,UKPN (London),0.0,500.0,0.0
Industrial,"Timber, Wood & Building Products",Drying & evaporation,UKPN (South),0.0257570922612795,500.0,0.0257570922612795
Industrial,"Timber, Wood & Building Products",Drying & evaporation,WPD (East Midlands),0.0311291185428839,500.0,0.0311291185428839
Industrial,"Timber, Wood & Building Products",Drying & evaporation,WPD (Midlands),0.018147987646014,500.0,0.018147987646014
Industrial,"Timber, Wood & Building Products",Drying & evaporation,WPD (South Wales),0.2098706419195372,500.0,0.2098706419195372
Industrial,"Timber, Wood & Building Products",Drying & evaporation,WPD (South West),0.0110256386813197,500.0,0.0110256386813197
Industrial,"Timber, Wood & Building Products",Refrigeration & process cooling,ENWL,0.0,275.0,0.0
Industrial,"Timber, Wood & Building Products",Refrigeration & process cooling,NPG (Northern Electric),0.0,275.0,0.0
Industrial,"Timber, Wood & Building Products",Refrigeration & process cooling,NPG (Yorkshire Electric),0.0,275.0,0.0
Industrial,"Timber, Wood & Building Products",Refrigeration & process cooling,SPEN (SP Distribution),0.0,275.0,0.0
Industrial,"Timber, Wood & Building Products",Refrigeration & process cooling,SPEN (SP MANWEB),0.0,275.0,0.0
Industrial,"Timber, Wood & Building Products",Refrigeration & process cooling,SSE,0.0,275.0,0.0
Industrial,"Timber, Wood & Building Products",Refrigeration & process cooling,SSE (Southern),0.0,275.0,0.0
Industrial,"Timber, Wood & Building Products",Refrigeration & process cooling,UKPN (East),0.0,275.0,0.0
Industrial,"Timber, Wood & Building Products",Refrigeration & process cooling,UKPN (London),0.0,275.0,0.0
Industrial,"Timber, Wood & Building Products",Refrigeration & process cooling,UKPN (South),0.0,275.0,0.0
Industrial,"Timber, Wood & Building Products",Refrigeration & process cooling,WPD (East Midlands),0.0,275.0,0.0
Industrial,"Timber, Wood & Building Products",Refrigeration & process cooling,WPD (Midlands),0.0,275.0,0.0
Industrial,"Timber, Wood & Building Products",Refrigeration & process cooling,WPD (South Wales),0.0,275.0,0.0
Industrial,"Timber, Wood & Building Products",Refrigeration & process cooling,WPD (South West),0.0,275.0,0.0
Industrial,"Timber, Wood & Building Products",Pumping & fluid handling,ENWL,0.0250878236587934,225.0,0.0250878236587934
Industrial,"Timber, Wood & Building Products",Pumping & fluid handling,NPG (Northern Electric),0.0123784528304412,225.0,0.0123784528304412
Industrial,"Timber, Wood & Building Products",Pumping & fluid handling,NPG (Yorkshire Electric),0.407518342581564,225.0,0.407518342581564
Industrial,"Timber, Wood & Building Products",Pumping & fluid handling,SPEN (SP Distribution),0.2145722528055343,225.0,0.2145722528055343
Industrial,"Timber, Wood & Building Products",Pumping & fluid handling,SPEN (SP MANWEB),0.2662673010555805,225.0,0.2662673010555805
Industrial,"Timber, Wood & Building Products",Pumping & fluid handling,SSE,0.0151153388217117,225.0,0.0151153388217117
Industrial,"Timber, Wood & Building Products",Pumping & fluid handling,SSE (Southern),0.299720874465944,225.0,0.299720874465944
Industrial,"Timber, Wood & Building Products",Pumping & fluid handling,UKPN (East),0.0160051879004666,225.0,0.0160051879004666
Industrial,"Timber, Wood & Building Products",Pumping & fluid handling,UKPN (London),0.0,225.0,0.0
Industrial,"Timber, Wood & Building Products",Pumping & fluid handling,UKPN (South),0.0271108323404297,225.0,0.0271108323404297
Industrial,"Timber, Wood & Building Products",Pumping & fluid handling,WPD (East Midlands),0.0327652013340875,225.0,0.0327652013340875
Industrial,"Timber, Wood & Building Products",Pumping & fluid handling,WPD (Midlands),0.0191018087521823,225.0,0.0191018087521823
Industrial,"Timber, Wood & Building Products",Pumping & fluid handling,WPD (South Wales),0.2209010135360793,225.0,0.2209010135360793
Industrial,"Timber, Wood & Building Products",Pumping & fluid handling,WPD (South West),0.0116051236957664,225.0,0.0116051236957664
Industrial,"Timber, Wood & Building Products",Mechanical drives & machinery,ENWL,0.2257904129291408,475.0,0.2257904129291408
Industrial,"Timber, Wood & Building Products",Mechanical drives & machinery,NPG (Northern Electric),0.1114060754739715,475.0,0.1114060754739715
Industrial,"Timber, Wood & Building Products",Mechanical drives & machinery,NPG (Yorkshire Electric),3.6676650832340743,475.0,3.6676650832340743
Industrial,"Timber, Wood & Building Products",Mechanical drives & machinery,SPEN (SP Distribution),1.931150275249808,475.0,1.931150275249808
Industrial,"Timber, Wood & Building Products",Mechanical drives & machinery,SPEN (SP MANWEB),2.396405709500224,475.0,2.396405709500224
Industrial,"Timber, Wood & Building Products",Mechanical drives & machinery,SSE,0.1360380493954059,475.0,0.1360380493954059
Industrial,"Timber, Wood & Building Products",Mechanical drives & machinery,SSE (Southern),2.697487870193495,475.0,2.697487870193495
Industrial,"Timber, Wood & Building Products",Mechanical drives & machinery,UKPN (East),0.1440466911042001,475.0,0.1440466911042001
Industrial,"Timber, Wood & Building Products",Mechanical drives & machinery,UKPN (London),0.0,475.0,0.0
Industrial,"Timber, Wood & Building Products",Mechanical drives & machinery,UKPN (South),0.243997491063868,475.0,0.243997491063868
Industrial,"Timber, Wood & Building Products",Mechanical drives & machinery,WPD (East Midlands),0.2948868120067874,475.0,0.2948868120067874
Industrial,"Timber, Wood & Building Products",Mechanical drives & machinery,WPD (Midlands),0.1719162787696408,475.0,0.1719162787696408
Industrial,"Timber, Wood & Building Products",Mechanical drives & machinery,WPD (South Wales),1.9881091218247129,475.0,1.9881091218247129
Industrial,"Timber, Wood & Building Products",Mechanical drives & machinery,WPD (South West),0.1044461132618978,475.0,0.1044461132618978
Industrial,"Timber, Wood & Building Products",Compressed air,ENWL,0.0869803472169719,300.0,0.0869803472169719
Industrial,"Timber, Wood & Building Products",Compressed air,NPG (Northern Electric),0.0429165215701485,300.0,0.0429165215701485
Industrial,"Timber, Wood & Building Products",Compressed air,NPG (Yorkshire Electric),1.4128801053895037,300.0,1.4128801053895037
Industrial,"Timber, Wood & Building Products",Compressed air,SPEN (SP Distribution),0.7439293780914135,300.0,0.7439293780914135
Industrial,"Timber, Wood & Building Products",Compressed air,SPEN (SP MANWEB),0.9231578877995924,300.0,0.9231578877995924
Industrial,"Timber, Wood & Building Products",Compressed air,SSE,0.0524053994039392,300.0,0.0524053994039392
Industrial,"Timber, Wood & Building Products",Compressed air,SSE (Southern),1.0391425770439289,300.0,1.0391425770439289
Industrial,"Timber, Wood & Building Products",Compressed air,UKPN (East),0.0554905367555673,300.0,0.0554905367555673
Industrial,"Timber, Wood & Building Products",Compressed air,UKPN (London),0.0,300.0,0.0
Industrial,"Timber, Wood & Building Products",Compressed air,UKPN (South),0.0939941878730944,300.0,0.0939941878730944
Industrial,"Timber, Wood & Building Products",Compressed air,WPD (East Midlands),0.113598079587665,300.0,0.113598079587665
Industrial,"Timber, Wood & Building Products",Compressed air,WPD (Midlands),0.0662266277192462,300.0,0.0662266277192462
Industrial,"Timber, Wood & Building Products",Compressed air,WPD (South Wales),0.7658714091453107,300.0,0.7658714091453107
Industrial,"Timber, Wood & Building Products",Compressed air,WPD (South West),0.0402353628709386,300.0,0.0402353628709386
Industrial,"Timber, Wood & Building Products","Fans, blowers & ventilation",ENWL,0.0564476032322852,250.0,0.0564476032322852
Industrial,"Timber, Wood & Building Products","Fans, blowers & ventilation",NPG (Northern Electric),0.0278515188684928,250.0,0.0278515188684928
Industrial,"Timber, Wood & Building Products","Fans, blowers & ventilation",NPG (Yorkshire Electric),0.9169162708085188,250.0,0.9169162708085188
Industrial,"Timber, Wood & Building Products","Fans, blowers & ventilation",SPEN (SP Distribution),0.4827875688124521,250.0,0.4827875688124521
Industrial,"Timber, Wood & Building Products","Fans, blowers & ventilation",SPEN (SP MANWEB),0.5991014273750561,250.0,0.5991014273750561
Industrial,"Timber, Wood & Building Products","Fans, blowers & ventilation",SSE,0.0340095123488514,250.0,0.0340095123488514
Industrial,"Timber, Wood & Building Products","Fans, blowers & ventilation",SSE (Southern),0.6743719675483738,250.0,0.6743719675483738
Industrial,"Timber, Wood & Building Products","Fans, blowers & ventilation",UKPN (East),0.03601167277605,250.0,0.03601167277605
Industrial,"Timber, Wood & Building Products","Fans, blowers & ventilation",UKPN (London),0.0,250.0,0.0
Industrial,"Timber, Wood & Building Products","Fans, blowers & ventilation",UKPN (South),0.060999372765967,250.0,0.060999372765967
Industrial,"Timber, Wood & Building Products","Fans, blowers & ventilation",WPD (East Midlands),0.0737217030016968,250.0,0.0737217030016968
Industrial,"Timber, Wood & Building Products","Fans, blowers & ventilation",WPD (Midlands),0.0429790696924102,250.0,0.0429790696924102
Industrial,"Timber, Wood & Building Products","Fans, blowers & ventilation",WPD (South Wales),0.4970272804561783,250.0,0.4970272804561783
Industrial,"Timber, Wood & Building Products","Fans, blowers & ventilation",WPD (South West),0.0261115283154744,250.0,0.0261115283154744
Industrial,"Timber, Wood & Building Products",Material handling & conveying,ENWL,0.0752634709763803,300.0,0.0752634709763803
Industrial,"Timber, Wood & Building Products",Material handling & conveying,NPG (Northern Electric),0.0371353584913238,300.0,0.0371353584913238
Industrial,"Timber, Wood & Building Products",Material handling & conveying,NPG (Yorkshire Electric),1.222555027744692,300.0,1.222555027744692
Industrial,"Timber, Wood & Building Products",Material handling & conveying,SPEN (SP Distribution),0.6437167584166029,300.0,0.6437167584166029
Industrial,"Timber, Wood & Building Products",Material handling & conveying,SPEN (SP MANWEB),0.7988019031667416,300.0,0.7988019031667416
Industrial,"Timber, Wood & Building Products",Material handling & conveying,SSE,0.0453460164651353,300.0,0.0453460164651353
Industrial,"Timber, Wood & Building Products",Material handling & conveying,SSE (Southern),0.8991626233978319,300.0,0.8991626233978319
Industrial,"Timber, Wood & Building Products",Material handling & conveying,UKPN (East),0.0480155637014,300.0,0.0480155637014
Industrial,"Timber, Wood & Building Products",Material handling & conveying,UKPN (London),0.0,300.0,0.0
Industrial,"Timber, Wood & Building Products",Material handling & conveying,UKPN (South),0.0813324970212893,300.0,0.0813324970212893
Industrial,"Timber, Wood & Building Products",Material handling & conveying,WPD (East Midlands),0.0982956040022625,300.0,0.0982956040022625
Industrial,"Timber, Wood & Building Products",Material handling & conveying,WPD (Midlands),0.0573054262565469,300.0,0.0573054262565469
Industrial,"Timber, Wood & Building Products",Material handling & conveying,WPD (South Wales),0.6627030406082379,300.0,0.6627030406082379
Industrial,"Timber, Wood & Building Products",Material handling & conveying,WPD (South West),0.0348153710872992,300.0,0.0348153710872992
Industrial,"Timber, Wood & Building Products",Electrochemical processes,ENWL,0.0,300.0,0.0
Industrial,"Timber, Wood & Building Products",Electrochemical processes,NPG (Northern Electric),0.0,300.0,0.0
Industrial,"Timber, Wood & Building Products",Electrochemical processes,NPG (Yorkshire Electric),0.0,300.0,0.0
Industrial,"Timber, Wood & Building Products",Electrochemical processes,SPEN (SP Distribution),0.0,300.0,0.0
Industrial,"Timber, Wood & Building Products",Electrochemical processes,SPEN (SP MANWEB),0.0,300.0,0.0
Industrial,"Timber, Wood & Building Products",Electrochemical processes,SSE,0.0,300.0,0.0
Industrial,"Timber, Wood & Building Products",Electrochemical processes,SSE (Southern),0.0,300.0,0.0
Industrial,"Timber, Wood & Building Products",Electrochemical processes,UKPN (East),0.0,300.0,0.0
Industrial,"Timber, Wood & Building Products",Electrochemical processes,UKPN (London),0.0,300.0,0.0
Industrial,"Timber, Wood & Building Products",Electrochemical processes,UKPN (South),0.0,300.0,0.0
Industrial,"Timber, Wood & Building Products",Electrochemical processes,WPD (East Midlands),0.0,300.0,0.0
Industrial,"Timber, Wood & Building Products",Electrochemical processes,WPD (Midlands),0.0,300.0,0.0
Industrial,"Timber, Wood & Building Products",Electrochemical processes,WPD (South Wales),0.0,300.0,0.0
Industrial,"Timber, Wood & Building Products",Electrochemical processes,WPD (South West),0.0,300.0,0.0
Industrial,"Timber, Wood & Building Products",HVAC & space conditioning,ENWL,0.0116543835407914,200.0,0.0116543835407914
Industrial,"Timber, Wood & Building Products",HVAC & space conditioning,NPG (Northern Electric),0.0057503288802412,200.0,0.0057503288802412
Industrial,"Timber, Wood & Building Products",HVAC & space conditioning,NPG (Yorkshire Electric),0.1893099668168512,200.0,0.1893099668168512
Industrial,"Timber, Wood & Building Products",HVAC & space conditioning,SPEN (SP Distribution),0.0996781293354975,200.0,0.0996781293354975
Industrial,"Timber, Wood & Building Products",HVAC & space conditioning,SPEN (SP MANWEB),0.1236927241309527,200.0,0.1236927241309527
Industrial,"Timber, Wood & Building Products",HVAC & space conditioning,SSE,0.0070217312738284,200.0,0.0070217312738284
Industrial,"Timber, Wood & Building Products",HVAC & space conditioning,SSE (Southern),0.1392333617182128,200.0,0.1392333617182128
Industrial,"Timber, Wood & Building Products",HVAC & space conditioning,UKPN (East),0.0074351048130511,200.0,0.0074351048130511
Industrial,"Timber, Wood & Building Products",HVAC & space conditioning,UKPN (London),0.0,200.0,0.0
Industrial,"Timber, Wood & Building Products",HVAC & space conditioning,UKPN (South),0.0125941589235747,200.0,0.0125941589235747
Industrial,"Timber, Wood & Building Products",HVAC & space conditioning,WPD (East Midlands),0.0152208588649284,200.0,0.0152208588649284
Industrial,"Timber, Wood & Building Products",HVAC & space conditioning,WPD (Midlands),0.0088736196709813,200.0,0.0088736196709813
Industrial,"Timber, Wood & Building Products",HVAC & space conditioning,WPD (South Wales),0.1026181135244336,200.0,0.1026181135244336
Industrial,"Timber, Wood & Building Products",HVAC & space conditioning,WPD (South West),0.0053910839149805,200.0,0.0053910839149805
Industrial,"Timber, Wood & Building Products",Lighting,ENWL,0.0,175.0,0.0
Industrial,"Timber, Wood & Building Products",Lighting,NPG (Northern Electric),0.0,175.0,0.0
Industrial,"Timber, Wood & Building Products",Lighting,NPG (Yorkshire Electric),0.0,175.0,0.0
Industrial,"Timber, Wood & Building Products",Lighting,SPEN (SP Distribution),0.0,175.0,0.0
Industrial,"Timber, Wood & Building Products",Lighting,SPEN (SP MANWEB),0.0,175.0,0.0
Industrial,"Timber, Wood & Building Products",Lighting,SSE,0.0,175.0,0.0
Industrial,"Timber, Wood & Building Products",Lighting,SSE (Southern),0.0,175.0,0.0
Industrial,"Timber, Wood & Building Products",Lighting,UKPN (East),0.0,175.0,0.0
Industrial,"Timber, Wood & Building Products",Lighting,UKPN (London),0.0,175.0,0.0
Industrial,"Timber, Wood & Building Products",Lighting,UKPN (South),0.0,175.0,0.0
Industrial,"Timber, Wood & Building Products",Lighting,WPD (East Midlands),0.0,175.0,0.0
Industrial,"Timber, Wood & Building Products",Lighting,WPD (Midlands),0.0,175.0,0.0
Industrial,"Timber, Wood & Building Products",Lighting,WPD (South Wales),0.0,175.0,0.0
Industrial,"Timber, Wood & Building Products",Lighting,WPD (South West),0.0,175.0,0.0
Industrial,"Timber, Wood & Building Products",Water & wastewater processes,ENWL,0.0,275.0,0.0
Industrial,"Timber, Wood & Building Products",Water & wastewater processes,NPG (Northern Electric),0.0,275.0,0.0
Industrial,"Timber, Wood & Building Products",Water & wastewater processes,NPG (Yorkshire Electric),0.0,275.0,0.0
Industrial,"Timber, Wood & Building Products",Water & wastewater processes,SPEN (SP Distribution),0.0,275.0,0.0
Industrial,"Timber, Wood & Building Products",Water & wastewater processes,SPEN (SP MANWEB),0.0,275.0,0.0
Industrial,"Timber, Wood & Building Products",Water & wastewater processes,SSE,0.0,275.0,0.0
Industrial,"Timber, Wood & Building Products",Water & wastewater processes,SSE (Southern),0.0,275.0,0.0
Industrial,"Timber, Wood & Building Products",Water & wastewater processes,UKPN (East),0.0,275.0,0.0
Industrial,"Timber, Wood & Building Products",Water & wastewater processes,UKPN (London),0.0,275.0,0.0
Industrial,"Timber, Wood & Building Products",Water & wastewater processes,UKPN (South),0.0,275.0,0.0
Industrial,"Timber, Wood & Building Products",Water & wastewater processes,WPD (East Midlands),0.0,275.0,0.0
Industrial,"Timber, Wood & Building Products",Water & wastewater processes,WPD (Midlands),0.0,275.0,0.0
Industrial,"Timber, Wood & Building Products",Water & wastewater processes,WPD (South Wales),0.0,275.0,0.0
Industrial,"Timber, Wood & Building Products",Water & wastewater processes,WPD (South West),0.0,275.0,0.0
Industrial,"Timber, Wood & Building Products",Other electrical/process loads,ENWL,0.0188969957281146,500.0,0.0188969957281146
Industrial,"Timber, Wood & Building Products",Other electrical/process loads,NPG (Northern Electric),0.0093238685602578,500.0,0.0093238685602578
Industrial,"Timber, Wood & Building Products",Other electrical/process loads,NPG (Yorkshire Electric),0.306956573181787,500.0,0.306956573181787
Industrial,"Timber, Wood & Building Products",Other electrical/process loads,SPEN (SP Distribution),0.1616230646302755,500.0,0.1616230646302755
Industrial,"Timber, Wood & Building Products",Other electrical/process loads,SPEN (SP MANWEB),0.2005615201628025,500.0,0.2005615201628025
Industrial,"Timber, Wood & Building Products",Other electrical/process loads,SSE,0.0113853834843412,500.0,0.0113853834843412
Industrial,"Timber, Wood & Building Products",Other electrical/process loads,SSE (Southern),0.2257598810259708,500.0,0.2257598810259708
Industrial,"Timber, Wood & Building Products",Other electrical/process loads,UKPN (East),0.012055647851175,500.0,0.012055647851175
Industrial,"Timber, Wood & Building Products",Other electrical/process loads,UKPN (London),0.0,500.0,0.0
Industrial,"Timber, Wood & Building Products",Other electrical/process loads,UKPN (South),0.0204207941625564,500.0,0.0204207941625564
Industrial,"Timber, Wood & Building Products",Other electrical/process loads,WPD (East Midlands),0.0246798557763319,500.0,0.0246798557763319
Industrial,"Timber, Wood & Building Products",Other electrical/process loads,WPD (Midlands),0.0143881272165563,500.0,0.0143881272165563
Industrial,"Timber, Wood & Building Products",Other electrical/process loads,WPD (South Wales),0.1663901008672928,500.0,0.1663901008672928
Industrial,"Timber, Wood & Building Products",Other electrical/process loads,WPD (South West),0.0087413709489413,500.0,0.0087413709489413
Industrial,Hydrogen & Electrochemical Processes,High-temperature process heat,ENWL,0.0,900.0,0.0
Industrial,Hydrogen & Electrochemical Processes,High-temperature process heat,NPG (Northern Electric),0.0,900.0,0.0
Industrial,Hydrogen & Electrochemical Processes,High-temperature process heat,NPG (Yorkshire Electric),0.0,900.0,0.0
Industrial,Hydrogen & Electrochemical Processes,High-temperature process heat,SPEN (SP Distribution),0.0,900.0,0.0
Industrial,Hydrogen & Electrochemical Processes,High-temperature process heat,SPEN (SP MANWEB),0.0,900.0,0.0
Industrial,Hydrogen & Electrochemical Processes,High-temperature process heat,SSE,0.0,900.0,0.0
Industrial,Hydrogen & Electrochemical Processes,High-temperature process heat,SSE (Southern),0.0,900.0,0.0
Industrial,Hydrogen & Electrochemical Processes,High-temperature process heat,UKPN (East),0.0,900.0,0.0
Industrial,Hydrogen & Electrochemical Processes,High-temperature process heat,UKPN (London),0.0,900.0,0.0
Industrial,Hydrogen & Electrochemical Processes,High-temperature process heat,UKPN (South),0.0,900.0,0.0
Industrial,Hydrogen & Electrochemical Processes,High-temperature process heat,WPD (East Midlands),0.0,900.0,0.0
Industrial,Hydrogen & Electrochemical Processes,High-temperature process heat,WPD (Midlands),0.0,900.0,0.0
Industrial,Hydrogen & Electrochemical Processes,High-temperature process heat,WPD (South Wales),0.0,900.0,0.0
Industrial,Hydrogen & Electrochemical Processes,High-temperature process heat,WPD (South West),0.0,900.0,0.0
Industrial,Hydrogen & Electrochemical Processes,Low/medium-temperature process heat,ENWL,0.0,500.0,0.0
Industrial,Hydrogen & Electrochemical Processes,Low/medium-temperature process heat,NPG (Northern Electric),0.0,500.0,0.0
Industrial,Hydrogen & Electrochemical Processes,Low/medium-temperature process heat,NPG (Yorkshire Electric),0.0,500.0,0.0
Industrial,Hydrogen & Electrochemical Processes,Low/medium-temperature process heat,SPEN (SP Distribution),0.0,500.0,0.0
Industrial,Hydrogen & Electrochemical Processes,Low/medium-temperature process heat,SPEN (SP MANWEB),0.0,500.0,0.0
Industrial,Hydrogen & Electrochemical Processes,Low/medium-temperature process heat,SSE,0.0,500.0,0.0
Industrial,Hydrogen & Electrochemical Processes,Low/medium-temperature process heat,SSE (Southern),0.0,500.0,0.0
Industrial,Hydrogen & Electrochemical Processes,Low/medium-temperature process heat,UKPN (East),0.0,500.0,0.0
Industrial,Hydrogen & Electrochemical Processes,Low/medium-temperature process heat,UKPN (London),0.0,500.0,0.0
Industrial,Hydrogen & Electrochemical Processes,Low/medium-temperature process heat,UKPN (South),0.0,500.0,0.0
Industrial,Hydrogen & Electrochemical Processes,Low/medium-temperature process heat,WPD (East Midlands),0.0,500.0,0.0
Industrial,Hydrogen & Electrochemical Processes,Low/medium-temperature process heat,WPD (Midlands),0.0,500.0,0.0
Industrial,Hydrogen & Electrochemical Processes,Low/medium-temperature process heat,WPD (South Wales),0.0,500.0,0.0
Industrial,Hydrogen & Electrochemical Processes,Low/medium-temperature process heat,WPD (South West),0.0,500.0,0.0
Industrial,Hydrogen & Electrochemical Processes,Steam generation,ENWL,0.0,450.0,0.0
Industrial,Hydrogen & Electrochemical Processes,Steam generation,NPG (Northern Electric),0.0,450.0,0.0
Industrial,Hydrogen & Electrochemical Processes,Steam generation,NPG (Yorkshire Electric),0.0,450.0,0.0
Industrial,Hydrogen & Electrochemical Processes,Steam generation,SPEN (SP Distribution),0.0,450.0,0.0
Industrial,Hydrogen & Electrochemical Processes,Steam generation,SPEN (SP MANWEB),0.0,450.0,0.0
Industrial,Hydrogen & Electrochemical Processes,Steam generation,SSE,0.0,450.0,0.0
Industrial,Hydrogen & Electrochemical Processes,Steam generation,SSE (Southern),0.0,450.0,0.0
Industrial,Hydrogen & Electrochemical Processes,Steam generation,UKPN (East),0.0,450.0,0.0
Industrial,Hydrogen & Electrochemical Processes,Steam generation,UKPN (London),0.0,450.0,0.0
Industrial,Hydrogen & Electrochemical Processes,Steam generation,UKPN (South),0.0,450.0,0.0
Industrial,Hydrogen & Electrochemical Processes,Steam generation,WPD (East Midlands),0.0,450.0,0.0
Industrial,Hydrogen & Electrochemical Processes,Steam generation,WPD (Midlands),0.0,450.0,0.0
Industrial,Hydrogen & Electrochemical Processes,Steam generation,WPD (South Wales),0.0,450.0,0.0
Industrial,Hydrogen & Electrochemical Processes,Steam generation,WPD (South West),0.0,450.0,0.0
Industrial,Hydrogen & Electrochemical Processes,Drying & evaporation,ENWL,0.0,500.0,0.0
Industrial,Hydrogen & Electrochemical Processes,Drying & evaporation,NPG (Northern Electric),0.0,500.0,0.0
Industrial,Hydrogen & Electrochemical Processes,Drying & evaporation,NPG (Yorkshire Electric),0.0,500.0,0.0
Industrial,Hydrogen & Electrochemical Processes,Drying & evaporation,SPEN (SP Distribution),0.0,500.0,0.0
Industrial,Hydrogen & Electrochemical Processes,Drying & evaporation,SPEN (SP MANWEB),0.0,500.0,0.0
Industrial,Hydrogen & Electrochemical Processes,Drying & evaporation,SSE,0.0,500.0,0.0
Industrial,Hydrogen & Electrochemical Processes,Drying & evaporation,SSE (Southern),0.0,500.0,0.0
Industrial,Hydrogen & Electrochemical Processes,Drying & evaporation,UKPN (East),0.0,500.0,0.0
Industrial,Hydrogen & Electrochemical Processes,Drying & evaporation,UKPN (London),0.0,500.0,0.0
Industrial,Hydrogen & Electrochemical Processes,Drying & evaporation,UKPN (South),0.0,500.0,0.0
Industrial,Hydrogen & Electrochemical Processes,Drying & evaporation,WPD (East Midlands),0.0,500.0,0.0
Industrial,Hydrogen & Electrochemical Processes,Drying & evaporation,WPD (Midlands),0.0,500.0,0.0
Industrial,Hydrogen & Electrochemical Processes,Drying & evaporation,WPD (South Wales),0.0,500.0,0.0
Industrial,Hydrogen & Electrochemical Processes,Drying & evaporation,WPD (South West),0.0,500.0,0.0
Industrial,Hydrogen & Electrochemical Processes,Refrigeration & process cooling,ENWL,0.0,275.0,0.0
Industrial,Hydrogen & Electrochemical Processes,Refrigeration & process cooling,NPG (Northern Electric),0.0,275.0,0.0
Industrial,Hydrogen & Electrochemical Processes,Refrigeration & process cooling,NPG (Yorkshire Electric),0.0,275.0,0.0
Industrial,Hydrogen & Electrochemical Processes,Refrigeration & process cooling,SPEN (SP Distribution),0.0,275.0,0.0
Industrial,Hydrogen & Electrochemical Processes,Refrigeration & process cooling,SPEN (SP MANWEB),0.0,275.0,0.0
Industrial,Hydrogen & Electrochemical Processes,Refrigeration & process cooling,SSE,0.0,275.0,0.0
Industrial,Hydrogen & Electrochemical Processes,Refrigeration & process cooling,SSE (Southern),0.0,275.0,0.0
Industrial,Hydrogen & Electrochemical Processes,Refrigeration & process cooling,UKPN (East),0.0,275.0,0.0
Industrial,Hydrogen & Electrochemical Processes,Refrigeration & process cooling,UKPN (London),0.0,275.0,0.0
Industrial,Hydrogen & Electrochemical Processes,Refrigeration & process cooling,UKPN (South),0.0,275.0,0.0
Industrial,Hydrogen & Electrochemical Processes,Refrigeration & process cooling,WPD (East Midlands),0.0,275.0,0.0
Industrial,Hydrogen & Electrochemical Processes,Refrigeration & process cooling,WPD (Midlands),0.0,275.0,0.0
Industrial,Hydrogen & Electrochemical Processes,Refrigeration & process cooling,WPD (South Wales),0.0,275.0,0.0
Industrial,Hydrogen & Electrochemical Processes,Refrigeration & process cooling,WPD (South West),0.0,275.0,0.0
Industrial,Hydrogen & Electrochemical Processes,Pumping & fluid handling,ENWL,0.0,225.0,0.0
Industrial,Hydrogen & Electrochemical Processes,Pumping & fluid handling,NPG (Northern Electric),0.0,225.0,0.0
Industrial,Hydrogen & Electrochemical Processes,Pumping & fluid handling,NPG (Yorkshire Electric),0.0,225.0,0.0
Industrial,Hydrogen & Electrochemical Processes,Pumping & fluid handling,SPEN (SP Distribution),0.0,225.0,0.0
Industrial,Hydrogen & Electrochemical Processes,Pumping & fluid handling,SPEN (SP MANWEB),0.0,225.0,0.0
Industrial,Hydrogen & Electrochemical Processes,Pumping & fluid handling,SSE,0.0,225.0,0.0
Industrial,Hydrogen & Electrochemical Processes,Pumping & fluid handling,SSE (Southern),0.0,225.0,0.0
Industrial,Hydrogen & Electrochemical Processes,Pumping & fluid handling,UKPN (East),0.0,225.0,0.0
Industrial,Hydrogen & Electrochemical Processes,Pumping & fluid handling,UKPN (London),0.0,225.0,0.0
Industrial,Hydrogen & Electrochemical Processes,Pumping & fluid handling,UKPN (South),0.0,225.0,0.0
Industrial,Hydrogen & Electrochemical Processes,Pumping & fluid handling,WPD (East Midlands),0.0,225.0,0.0
Industrial,Hydrogen & Electrochemical Processes,Pumping & fluid handling,WPD (Midlands),0.0,225.0,0.0
Industrial,Hydrogen & Electrochemical Processes,Pumping & fluid handling,WPD (South Wales),0.0,225.0,0.0
Industrial,Hydrogen & Electrochemical Processes,Pumping & fluid handling,WPD (South West),0.0,225.0,0.0
Industrial,Hydrogen & Electrochemical Processes,Mechanical drives & machinery,ENWL,0.0,450.0,0.0
Industrial,Hydrogen & Electrochemical Processes,Mechanical drives & machinery,NPG (Northern Electric),0.0,450.0,0.0
Industrial,Hydrogen & Electrochemical Processes,Mechanical drives & machinery,NPG (Yorkshire Electric),0.0,450.0,0.0
Industrial,Hydrogen & Electrochemical Processes,Mechanical drives & machinery,SPEN (SP Distribution),0.0,450.0,0.0
Industrial,Hydrogen & Electrochemical Processes,Mechanical drives & machinery,SPEN (SP MANWEB),0.0,450.0,0.0
Industrial,Hydrogen & Electrochemical Processes,Mechanical drives & machinery,SSE,0.0,450.0,0.0
Industrial,Hydrogen & Electrochemical Processes,Mechanical drives & machinery,SSE (Southern),0.0,450.0,0.0
Industrial,Hydrogen & Electrochemical Processes,Mechanical drives & machinery,UKPN (East),0.0,450.0,0.0
Industrial,Hydrogen & Electrochemical Processes,Mechanical drives & machinery,UKPN (London),0.0,450.0,0.0
Industrial,Hydrogen & Electrochemical Processes,Mechanical drives & machinery,UKPN (South),0.0,450.0,0.0
Industrial,Hydrogen & Electrochemical Processes,Mechanical drives & machinery,WPD (East Midlands),0.0,450.0,0.0
Industrial,Hydrogen & Electrochemical Processes,Mechanical drives & machinery,WPD (Midlands),0.0,450.0,0.0
Industrial,Hydrogen & Electrochemical Processes,Mechanical drives & machinery,WPD (South Wales),0.0,450.0,0.0
Industrial,Hydrogen & Electrochemical Processes,Mechanical drives & machinery,WPD (South West),0.0,450.0,0.0
Industrial,Hydrogen & Electrochemical Processes,Compressed air,ENWL,0.0,300.0,0.0
Industrial,Hydrogen & Electrochemical Processes,Compressed air,NPG (Northern Electric),0.0,300.0,0.0
Industrial,Hydrogen & Electrochemical Processes,Compressed air,NPG (Yorkshire Electric),0.0,300.0,0.0
Industrial,Hydrogen & Electrochemical Processes,Compressed air,SPEN (SP Distribution),0.0,300.0,0.0
Industrial,Hydrogen & Electrochemical Processes,Compressed air,SPEN (SP MANWEB),0.0,300.0,0.0
Industrial,Hydrogen & Electrochemical Processes,Compressed air,SSE,0.0,300.0,0.0
Industrial,Hydrogen & Electrochemical Processes,Compressed air,SSE (Southern),0.0,300.0,0.0
Industrial,Hydrogen & Electrochemical Processes,Compressed air,UKPN (East),0.0,300.0,0.0
Industrial,Hydrogen & Electrochemical Processes,Compressed air,UKPN (London),0.0,300.0,0.0
Industrial,Hydrogen & Electrochemical Processes,Compressed air,UKPN (South),0.0,300.0,0.0
Industrial,Hydrogen & Electrochemical Processes,Compressed air,WPD (East Midlands),0.0,300.0,0.0
Industrial,Hydrogen & Electrochemical Processes,Compressed air,WPD (Midlands),0.0,300.0,0.0
Industrial,Hydrogen & Electrochemical Processes,Compressed air,WPD (South Wales),0.0,300.0,0.0
Industrial,Hydrogen & Electrochemical Processes,Compressed air,WPD (South West),0.0,300.0,0.0
Industrial,Hydrogen & Electrochemical Processes,"Fans, blowers & ventilation",ENWL,0.0,250.0,0.0
Industrial,Hydrogen & Electrochemical Processes,"Fans, blowers & ventilation",NPG (Northern Electric),0.0,250.0,0.0
Industrial,Hydrogen & Electrochemical Processes,"Fans, blowers & ventilation",NPG (Yorkshire Electric),0.0,250.0,0.0
Industrial,Hydrogen & Electrochemical Processes,"Fans, blowers & ventilation",SPEN (SP Distribution),0.0,250.0,0.0
Industrial,Hydrogen & Electrochemical Processes,"Fans, blowers & ventilation",SPEN (SP MANWEB),0.0,250.0,0.0
Industrial,Hydrogen & Electrochemical Processes,"Fans, blowers & ventilation",SSE,0.0,250.0,0.0
Industrial,Hydrogen & Electrochemical Processes,"Fans, blowers & ventilation",SSE (Southern),0.0,250.0,0.0
Industrial,Hydrogen & Electrochemical Processes,"Fans, blowers & ventilation",UKPN (East),0.0,250.0,0.0
Industrial,Hydrogen & Electrochemical Processes,"Fans, blowers & ventilation",UKPN (London),0.0,250.0,0.0
Industrial,Hydrogen & Electrochemical Processes,"Fans, blowers & ventilation",UKPN (South),0.0,250.0,0.0
Industrial,Hydrogen & Electrochemical Processes,"Fans, blowers & ventilation",WPD (East Midlands),0.0,250.0,0.0
Industrial,Hydrogen & Electrochemical Processes,"Fans, blowers & ventilation",WPD (Midlands),0.0,250.0,0.0
Industrial,Hydrogen & Electrochemical Processes,"Fans, blowers & ventilation",WPD (South Wales),0.0,250.0,0.0
Industrial,Hydrogen & Electrochemical Processes,"Fans, blowers & ventilation",WPD (South West),0.0,250.0,0.0
Industrial,Hydrogen & Electrochemical Processes,Material handling & conveying,ENWL,0.0,275.0,0.0
Industrial,Hydrogen & Electrochemical Processes,Material handling & conveying,NPG (Northern Electric),0.0,275.0,0.0
Industrial,Hydrogen & Electrochemical Processes,Material handling & conveying,NPG (Yorkshire Electric),0.0,275.0,0.0
Industrial,Hydrogen & Electrochemical Processes,Material handling & conveying,SPEN (SP Distribution),0.0,275.0,0.0
Industrial,Hydrogen & Electrochemical Processes,Material handling & conveying,SPEN (SP MANWEB),0.0,275.0,0.0
Industrial,Hydrogen & Electrochemical Processes,Material handling & conveying,SSE,0.0,275.0,0.0
Industrial,Hydrogen & Electrochemical Processes,Material handling & conveying,SSE (Southern),0.0,275.0,0.0
Industrial,Hydrogen & Electrochemical Processes,Material handling & conveying,UKPN (East),0.0,275.0,0.0
Industrial,Hydrogen & Electrochemical Processes,Material handling & conveying,UKPN (London),0.0,275.0,0.0
Industrial,Hydrogen & Electrochemical Processes,Material handling & conveying,UKPN (South),0.0,275.0,0.0
Industrial,Hydrogen & Electrochemical Processes,Material handling & conveying,WPD (East Midlands),0.0,275.0,0.0
Industrial,Hydrogen & Electrochemical Processes,Material handling & conveying,WPD (Midlands),0.0,275.0,0.0
Industrial,Hydrogen & Electrochemical Processes,Material handling & conveying,WPD (South Wales),0.0,275.0,0.0
Industrial,Hydrogen & Electrochemical Processes,Material handling & conveying,WPD (South West),0.0,275.0,0.0
Industrial,Hydrogen & Electrochemical Processes,Electrochemical processes,ENWL,0.1589349684602104,300.0,0.1589349684602104
Industrial,Hydrogen & Electrochemical Processes,Electrochemical processes,NPG (Northern Electric),2.995982653297456,300.0,2.995982653297456
Industrial,Hydrogen & Electrochemical Processes,Electrochemical processes,NPG (Yorkshire Electric),0.859921949030584,300.0,0.859921949030584
Industrial,Hydrogen & Electrochemical Processes,Electrochemical processes,SPEN (SP Distribution),2.214775040851712,300.0,2.214775040851712
Industrial,Hydrogen & Electrochemical Processes,Electrochemical processes,SPEN (SP MANWEB),1.291255177577864,300.0,1.291255177577864
Industrial,Hydrogen & Electrochemical Processes,Electrochemical processes,SSE,0.0,300.0,0.0
Industrial,Hydrogen & Electrochemical Processes,Electrochemical processes,SSE (Southern),0.058474101824338,300.0,0.058474101824338
Industrial,Hydrogen & Electrochemical Processes,Electrochemical processes,UKPN (East),0.0923845118513248,300.0,0.0923845118513248
Industrial,Hydrogen & Electrochemical Processes,Electrochemical processes,UKPN (London),0.0,300.0,0.0
Industrial,Hydrogen & Electrochemical Processes,Electrochemical processes,UKPN (South),0.0263788306377558,300.0,0.0263788306377558
Industrial,Hydrogen & Electrochemical Processes,Electrochemical processes,WPD (East Midlands),0.0460198782662321,300.0,0.0460198782662321
Industrial,Hydrogen & Electrochemical Processes,Electrochemical processes,WPD (Midlands),0.0277531273192212,300.0,0.0277531273192212
Industrial,Hydrogen & Electrochemical Processes,Electrochemical processes,WPD (South Wales),0.2281197608833079,300.0,0.2281197608833079
Industrial,Hydrogen & Electrochemical Processes,Electrochemical processes,WPD (South West),0.0,300.0,0.0
Industrial,Hydrogen & Electrochemical Processes,HVAC & space conditioning,ENWL,0.0,200.0,0.0
Industrial,Hydrogen & Electrochemical Processes,HVAC & space conditioning,NPG (Northern Electric),0.0,200.0,0.0
Industrial,Hydrogen & Electrochemical Processes,HVAC & space conditioning,NPG (Yorkshire Electric),0.0,200.0,0.0
Industrial,Hydrogen & Electrochemical Processes,HVAC & space conditioning,SPEN (SP Distribution),0.0,200.0,0.0
Industrial,Hydrogen & Electrochemical Processes,HVAC & space conditioning,SPEN (SP MANWEB),0.0,200.0,0.0
Industrial,Hydrogen & Electrochemical Processes,HVAC & space conditioning,SSE,0.0,200.0,0.0
Industrial,Hydrogen & Electrochemical Processes,HVAC & space conditioning,SSE (Southern),0.0,200.0,0.0
Industrial,Hydrogen & Electrochemical Processes,HVAC & space conditioning,UKPN (East),0.0,200.0,0.0
Industrial,Hydrogen & Electrochemical Processes,HVAC & space conditioning,UKPN (London),0.0,200.0,0.0
Industrial,Hydrogen & Electrochemical Processes,HVAC & space conditioning,UKPN (South),0.0,200.0,0.0
Industrial,Hydrogen & Electrochemical Processes,HVAC & space conditioning,WPD (East Midlands),0.0,200.0,0.0
Industrial,Hydrogen & Electrochemical Processes,HVAC & space conditioning,WPD (Midlands),0.0,200.0,0.0
Industrial,Hydrogen & Electrochemical Processes,HVAC & space conditioning,WPD (South Wales),0.0,200.0,0.0
Industrial,Hydrogen & Electrochemical Processes,HVAC & space conditioning,WPD (South West),0.0,200.0,0.0
Industrial,Hydrogen & Electrochemical Processes,Lighting,ENWL,0.0,175.0,0.0
Industrial,Hydrogen & Electrochemical Processes,Lighting,NPG (Northern Electric),0.0,175.0,0.0
Industrial,Hydrogen & Electrochemical Processes,Lighting,NPG (Yorkshire Electric),0.0,175.0,0.0
Industrial,Hydrogen & Electrochemical Processes,Lighting,SPEN (SP Distribution),0.0,175.0,0.0
Industrial,Hydrogen & Electrochemical Processes,Lighting,SPEN (SP MANWEB),0.0,175.0,0.0
Industrial,Hydrogen & Electrochemical Processes,Lighting,SSE,0.0,175.0,0.0
Industrial,Hydrogen & Electrochemical Processes,Lighting,SSE (Southern),0.0,175.0,0.0
Industrial,Hydrogen & Electrochemical Processes,Lighting,UKPN (East),0.0,175.0,0.0
Industrial,Hydrogen & Electrochemical Processes,Lighting,UKPN (London),0.0,175.0,0.0
Industrial,Hydrogen & Electrochemical Processes,Lighting,UKPN (South),0.0,175.0,0.0
Industrial,Hydrogen & Electrochemical Processes,Lighting,WPD (East Midlands),0.0,175.0,0.0
Industrial,Hydrogen & Electrochemical Processes,Lighting,WPD (Midlands),0.0,175.0,0.0
Industrial,Hydrogen & Electrochemical Processes,Lighting,WPD (South Wales),0.0,175.0,0.0
Industrial,Hydrogen & Electrochemical Processes,Lighting,WPD (South West),0.0,175.0,0.0
Industrial,Hydrogen & Electrochemical Processes,Water & wastewater processes,ENWL,0.0,275.0,0.0
Industrial,Hydrogen & Electrochemical Processes,Water & wastewater processes,NPG (Northern Electric),0.0,275.0,0.0
Industrial,Hydrogen & Electrochemical Processes,Water & wastewater processes,NPG (Yorkshire Electric),0.0,275.0,0.0
Industrial,Hydrogen & Electrochemical Processes,Water & wastewater processes,SPEN (SP Distribution),0.0,275.0,0.0
Industrial,Hydrogen & Electrochemical Processes,Water & wastewater processes,SPEN (SP MANWEB),0.0,275.0,0.0
Industrial,Hydrogen & Electrochemical Processes,Water & wastewater processes,SSE,0.0,275.0,0.0
Industrial,Hydrogen & Electrochemical Processes,Water & wastewater processes,SSE (Southern),0.0,275.0,0.0
Industrial,Hydrogen & Electrochemical Processes,Water & wastewater processes,UKPN (East),0.0,275.0,0.0
Industrial,Hydrogen & Electrochemical Processes,Water & wastewater processes,UKPN (London),0.0,275.0,0.0
Industrial,Hydrogen & Electrochemical Processes,Water & wastewater processes,UKPN (South),0.0,275.0,0.0
Industrial,Hydrogen & Electrochemical Processes,Water & wastewater processes,WPD (East Midlands),0.0,275.0,0.0
Industrial,Hydrogen & Electrochemical Processes,Water & wastewater processes,WPD (Midlands),0.0,275.0,0.0
Industrial,Hydrogen & Electrochemical Processes,Water & wastewater processes,WPD (South Wales),0.0,275.0,0.0
Industrial,Hydrogen & Electrochemical Processes,Water & wastewater processes,WPD (South West),0.0,275.0,0.0
Industrial,Hydrogen & Electrochemical Processes,Other electrical/process loads,ENWL,0.0,500.0,0.0
Industrial,Hydrogen & Electrochemical Processes,Other electrical/process loads,NPG (Northern Electric),0.0,500.0,0.0
Industrial,Hydrogen & Electrochemical Processes,Other electrical/process loads,NPG (Yorkshire Electric),0.0,500.0,0.0
Industrial,Hydrogen & Electrochemical Processes,Other electrical/process loads,SPEN (SP Distribution),0.0,500.0,0.0
Industrial,Hydrogen & Electrochemical Processes,Other electrical/process loads,SPEN (SP MANWEB),0.0,500.0,0.0
Industrial,Hydrogen & Electrochemical Processes,Other electrical/process loads,SSE,0.0,500.0,0.0
Industrial,Hydrogen & Electrochemical Processes,Other electrical/process loads,SSE (Southern),0.0,500.0,0.0
Industrial,Hydrogen & Electrochemical Processes,Other electrical/process loads,UKPN (East),0.0,500.0,0.0
Industrial,Hydrogen & Electrochemical Processes,Other electrical/process loads,UKPN (London),0.0,500.0,0.0
Industrial,Hydrogen & Electrochemical Processes,Other electrical/process loads,UKPN (South),0.0,500.0,0.0
Industrial,Hydrogen & Electrochemical Processes,Other electrical/process loads,WPD (East Midlands),0.0,500.0,0.0
Industrial,Hydrogen & Electrochemical Processes,Other electrical/process loads,WPD (Midlands),0.0,500.0,0.0
Industrial,Hydrogen & Electrochemical Processes,Other electrical/process loads,WPD (South Wales),0.0,500.0,0.0
Industrial,Hydrogen & Electrochemical Processes,Other electrical/process loads,WPD (South West),0.0,500.0,0.0
Industrial,Other Industrial & Process Loads,High-temperature process heat,ENWL,0.0386108309102046,900.0,0.0
Industrial,Other Industrial & Process Loads,High-temperature process heat,NPG (Northern Electric),0.0190507696349576,900.0,0.0
Industrial,Other Industrial & Process Loads,High-temperature process heat,NPG (Yorkshire Electric),0.6271816173543832,900.0,0.0
Industrial,Other Industrial & Process Loads,High-temperature process heat,SPEN (SP Distribution),0.3302324300335352,900.0,0.0
Industrial,Other Industrial & Process Loads,High-temperature process heat,SPEN (SP MANWEB),0.4097924904845261,900.0,0.0
Industrial,Other Industrial & Process Loads,High-temperature process heat,SSE,0.0232629102999536,900.0,0.0
Industrial,Other Industrial & Process Loads,High-temperature process heat,SSE (Southern),0.461278433779449,900.0,0.0
Industrial,Other Industrial & Process Loads,High-temperature process heat,UKPN (East),0.0246324118072461,900.0,0.0
Industrial,Other Industrial & Process Loads,High-temperature process heat,UKPN (London),0.0,900.0,0.0
Industrial,Other Industrial & Process Loads,High-temperature process heat,UKPN (South),0.0417242953222187,900.0,0.0
Industrial,Other Industrial & Process Loads,High-temperature process heat,WPD (East Midlands),0.0504265202775305,900.0,0.0
Industrial,Other Industrial & Process Loads,High-temperature process heat,WPD (Midlands),0.029398194033904,900.0,0.0
Industrial,Other Industrial & Process Loads,High-temperature process heat,WPD (South Wales),0.3399725618903919,900.0,0.0
Industrial,Other Industrial & Process Loads,High-temperature process heat,WPD (South West),0.0178605954347973,900.0,0.0
Industrial,Other Industrial & Process Loads,Low/medium-temperature process heat,ENWL,0.4714189417454405,500.0,0.4714189417454405
Industrial,Other Industrial & Process Loads,Low/medium-temperature process heat,NPG (Northern Electric),0.2326003727201394,500.0,0.2326003727201394
Industrial,Other Industrial & Process Loads,Low/medium-temperature process heat,NPG (Yorkshire Electric),7.657573985470853,500.0,7.657573985470853
Industrial,Other Industrial & Process Loads,Low/medium-temperature process heat,SPEN (SP Distribution),4.031972869438806,500.0,4.031972869438806
Industrial,Other Industrial & Process Loads,Low/medium-temperature process heat,SPEN (SP MANWEB),5.003361431115596,500.0,5.003361431115596
Industrial,Other Industrial & Process Loads,Low/medium-temperature process heat,SSE,0.2840285043600246,500.0,0.2840285043600246
Industrial,Other Industrial & Process Loads,Low/medium-temperature process heat,SSE (Southern),5.631979058104903,500.0,5.631979058104903
Industrial,Other Industrial & Process Loads,Low/medium-temperature process heat,UKPN (East),0.3007494330752885,500.0,0.3007494330752885
Industrial,Other Industrial & Process Loads,Low/medium-temperature process heat,UKPN (London),0.0,500.0,0.0
Industrial,Other Industrial & Process Loads,Low/medium-temperature process heat,UKPN (South),0.5094327856248231,500.0,0.5094327856248231
Industrial,Other Industrial & Process Loads,Low/medium-temperature process heat,WPD (East Midlands),0.6156826016105145,500.0,0.6156826016105145
Industrial,Other Industrial & Process Loads,Low/medium-temperature process heat,WPD (Midlands),0.3589372513873396,500.0,0.3589372513873396
Industrial,Other Industrial & Process Loads,Low/medium-temperature process heat,WPD (South Wales),4.150895009785878,500.0,4.150895009785878
Industrial,Other Industrial & Process Loads,Low/medium-temperature process heat,WPD (South West),0.2180689407694226,500.0,0.2180689407694226
Industrial,Other Industrial & Process Loads,Steam generation,ENWL,0.1571396472484801,450.0,0.1571396472484801
Industrial,Other Industrial & Process Loads,Steam generation,NPG (Northern Electric),0.0775334575733798,450.0,0.0775334575733798
Industrial,Other Industrial & Process Loads,Steam generation,NPG (Yorkshire Electric),2.5525246618236177,450.0,2.5525246618236177
Industrial,Other Industrial & Process Loads,Steam generation,SPEN (SP Distribution),1.3439909564796018,450.0,1.3439909564796018
Industrial,Other Industrial & Process Loads,Steam generation,SPEN (SP MANWEB),1.6677871437051983,450.0,1.6677871437051983
Industrial,Other Industrial & Process Loads,Steam generation,SSE,0.0946761681200082,450.0,0.0946761681200082
Industrial,Other Industrial & Process Loads,Steam generation,SSE (Southern),1.8773263527016344,450.0,1.8773263527016344
Industrial,Other Industrial & Process Loads,Steam generation,UKPN (East),0.1002498110250961,450.0,0.1002498110250961
Industrial,Other Industrial & Process Loads,Steam generation,UKPN (London),0.0,450.0,0.0
Industrial,Other Industrial & Process Loads,Steam generation,UKPN (South),0.1698109285416077,450.0,0.1698109285416077
Industrial,Other Industrial & Process Loads,Steam generation,WPD (East Midlands),0.2052275338701714,450.0,0.2052275338701714
Industrial,Other Industrial & Process Loads,Steam generation,WPD (Midlands),0.1196457504624465,450.0,0.1196457504624465
Industrial,Other Industrial & Process Loads,Steam generation,WPD (South Wales),1.383631669928626,450.0,1.383631669928626
Industrial,Other Industrial & Process Loads,Steam generation,WPD (South West),0.0726896469231409,450.0,0.0726896469231409
Industrial,Other Industrial & Process Loads,Drying & evaporation,ENWL,0.2948760222151235,500.0,0.2948760222151235
Industrial,Other Industrial & Process Loads,Drying & evaporation,NPG (Northern Electric),0.1454932473004161,500.0,0.1454932473004161
Industrial,Other Industrial & Process Loads,Drying & evaporation,NPG (Yorkshire Electric),4.78986896091452,500.0,4.78986896091452
Industrial,Other Industrial & Process Loads,Drying & evaporation,SPEN (SP Distribution),2.522028743727101,500.0,2.522028743727101
Industrial,Other Industrial & Process Loads,Drying & evaporation,SPEN (SP MANWEB),3.129639447768762,500.0,3.129639447768762
Industrial,Other Industrial & Process Loads,Drying & evaporation,SSE,0.1776619226442124,500.0,0.1776619226442124
Industrial,Other Industrial & Process Loads,Drying & evaporation,SSE (Southern),3.5228444060901256,500.0,3.5228444060901256
Industrial,Other Industrial & Process Loads,Drying & evaporation,UKPN (East),0.18812098678161,500.0,0.18812098678161
Industrial,Other Industrial & Process Loads,Drying & evaporation,UKPN (London),0.0,500.0,0.0
Industrial,Other Industrial & Process Loads,Drying & evaporation,UKPN (South),0.3186539617072366,500.0,0.3186539617072366
Industrial,Other Industrial & Process Loads,Drying & evaporation,WPD (East Midlands),0.3851140046213958,500.0,0.3851140046213958
Industrial,Other Industrial & Process Loads,Drying & evaporation,WPD (Midlands),0.2245178959548081,500.0,0.2245178959548081
Industrial,Other Industrial & Process Loads,Drying & evaporation,WPD (South Wales),2.596415418918844,500.0,2.596415418918844
Industrial,Other Industrial & Process Loads,Drying & evaporation,WPD (South West),0.1364037295248853,500.0,0.1364037295248853
Industrial,Other Industrial & Process Loads,Refrigeration & process cooling,ENWL,0.0,275.0,0.0
Industrial,Other Industrial & Process Loads,Refrigeration & process cooling,NPG (Northern Electric),0.0,275.0,0.0
Industrial,Other Industrial & Process Loads,Refrigeration & process cooling,NPG (Yorkshire Electric),0.0,275.0,0.0
Industrial,Other Industrial & Process Loads,Refrigeration & process cooling,SPEN (SP Distribution),0.0,275.0,0.0
Industrial,Other Industrial & Process Loads,Refrigeration & process cooling,SPEN (SP MANWEB),0.0,275.0,0.0
Industrial,Other Industrial & Process Loads,Refrigeration & process cooling,SSE,0.0,275.0,0.0
Industrial,Other Industrial & Process Loads,Refrigeration & process cooling,SSE (Southern),0.0,275.0,0.0
Industrial,Other Industrial & Process Loads,Refrigeration & process cooling,UKPN (East),0.0,275.0,0.0
Industrial,Other Industrial & Process Loads,Refrigeration & process cooling,UKPN (London),0.0,275.0,0.0
Industrial,Other Industrial & Process Loads,Refrigeration & process cooling,UKPN (South),0.0,275.0,0.0
Industrial,Other Industrial & Process Loads,Refrigeration & process cooling,WPD (East Midlands),0.0,275.0,0.0
Industrial,Other Industrial & Process Loads,Refrigeration & process cooling,WPD (Midlands),0.0,275.0,0.0
Industrial,Other Industrial & Process Loads,Refrigeration & process cooling,WPD (South Wales),0.0,275.0,0.0
Industrial,Other Industrial & Process Loads,Refrigeration & process cooling,WPD (South West),0.0,275.0,0.0
Industrial,Other Industrial & Process Loads,Pumping & fluid handling,ENWL,0.217032592423887,225.0,0.217032592423887
Industrial,Other Industrial & Process Loads,Pumping & fluid handling,NPG (Northern Electric),0.1070849247238642,225.0,0.1070849247238642
Industrial,Other Industrial & Process Loads,Pumping & fluid handling,NPG (Yorkshire Electric),3.525405932122858,225.0,3.525405932122858
Industrial,Other Industrial & Process Loads,Pumping & fluid handling,SPEN (SP Distribution),1.8562459989348656,225.0,1.8562459989348656
Industrial,Other Industrial & Process Loads,Pumping & fluid handling,SPEN (SP MANWEB),2.303455389824097,225.0,2.303455389824097
Industrial,Other Industrial & Process Loads,Pumping & fluid handling,SSE,0.1307614886989883,225.0,0.1307614886989883
Industrial,Other Industrial & Process Loads,Pumping & fluid handling,SSE (Southern),2.592859359727606,225.0,2.592859359727606
Industrial,Other Industrial & Process Loads,Pumping & fluid handling,UKPN (East),0.1384594961090688,225.0,0.1384594961090688
Industrial,Other Industrial & Process Loads,Pumping & fluid handling,UKPN (London),0.0,225.0,0.0
Industrial,Other Industrial & Process Loads,Pumping & fluid handling,UKPN (South),0.234533465542376,225.0,0.234533465542376
Industrial,Other Industrial & Process Loads,Pumping & fluid handling,WPD (East Midlands),0.2834489226145007,225.0,0.2834489226145007
Industrial,Other Industrial & Process Loads,Pumping & fluid handling,WPD (Midlands),0.1652480952455326,225.0,0.1652480952455326
Industrial,Other Industrial & Process Loads,Pumping & fluid handling,WPD (South Wales),1.91099556058922,225.0,1.91099556058922
Industrial,Other Industrial & Process Loads,Pumping & fluid handling,WPD (South West),0.1003949212712699,225.0,0.1003949212712699
Industrial,Other Industrial & Process Loads,Mechanical drives & machinery,ENWL,0.5064093823224032,500.0,0.5064093823224032
Industrial,Other Industrial & Process Loads,Mechanical drives & machinery,NPG (Northern Electric),0.2498648243556832,500.0,0.2498648243556832
Industrial,Other Industrial & Process Loads,Mechanical drives & machinery,NPG (Yorkshire Electric),8.225947174953337,500.0,8.225947174953337
Industrial,Other Industrial & Process Loads,Mechanical drives & machinery,SPEN (SP Distribution),4.331240664181355,500.0,4.331240664181355
Industrial,Other Industrial & Process Loads,Mechanical drives & machinery,SPEN (SP MANWEB),5.374729242922895,500.0,5.374729242922895
Industrial,Other Industrial & Process Loads,Mechanical drives & machinery,SSE,0.3051101402976394,500.0,0.3051101402976394
Industrial,Other Industrial & Process Loads,Mechanical drives & machinery,SSE (Southern),6.050005172697749,500.0,6.050005172697749
Industrial,Other Industrial & Process Loads,Mechanical drives & machinery,UKPN (East),0.3230721575878273,500.0,0.3230721575878273
Industrial,Other Industrial & Process Loads,Mechanical drives & machinery,UKPN (London),0.0,500.0,0.0
Industrial,Other Industrial & Process Loads,Mechanical drives & machinery,UKPN (South),0.5472447529322108,500.0,0.5472447529322108
Industrial,Other Industrial & Process Loads,Mechanical drives & machinery,WPD (East Midlands),0.6613808194338351,500.0,0.6613808194338351
Industrial,Other Industrial & Process Loads,Mechanical drives & machinery,WPD (Midlands),0.3855788889062429,500.0,0.3855788889062429
Industrial,Other Industrial & Process Loads,Mechanical drives & machinery,WPD (South Wales),4.458989641374847,500.0,4.458989641374847
Industrial,Other Industrial & Process Loads,Mechanical drives & machinery,WPD (South West),0.2342548162996298,500.0,0.2342548162996298
Industrial,Other Industrial & Process Loads,Compressed air,ENWL,0.5607449902276485,300.0,0.5607449902276485
Industrial,Other Industrial & Process Loads,Compressed air,NPG (Northern Electric),0.2766742745740836,300.0,0.2766742745740836
Industrial,Other Industrial & Process Loads,Compressed air,NPG (Yorkshire Electric),9.108556889445095,300.0,9.108556889445095
Industrial,Other Industrial & Process Loads,Compressed air,SPEN (SP Distribution),4.795964665527728,300.0,4.795964665527728
Industrial,Other Industrial & Process Loads,Compressed air,SPEN (SP MANWEB),5.951415202809769,300.0,5.951415202809769
Industrial,Other Industrial & Process Loads,Compressed air,SSE,0.3378471817700906,300.0,0.3378471817700906
Industrial,Other Industrial & Process Loads,Compressed air,SSE (Southern),6.699145414493518,300.0,6.699145414493518
Industrial,Other Industrial & Process Loads,Compressed air,UKPN (East),0.3577364483623966,300.0,0.3577364483623966
Industrial,Other Industrial & Process Loads,Compressed air,UKPN (London),0.0,300.0,0.0
Industrial,Other Industrial & Process Loads,Compressed air,UKPN (South),0.6059618252486098,300.0,0.6059618252486098
Industrial,Other Industrial & Process Loads,Compressed air,WPD (East Midlands),0.7323442141403097,300.0,0.7323442141403097
Industrial,Other Industrial & Process Loads,Compressed air,WPD (Midlands),0.4269498904229795,300.0,0.4269498904229795
Industrial,Other Industrial & Process Loads,Compressed air,WPD (South Wales),4.937420573472086,300.0,4.937420573472086
Industrial,Other Industrial & Process Loads,Compressed air,WPD (South West),0.2593893779659231,300.0,0.2593893779659231
Industrial,Other Industrial & Process Loads,"Fans, blowers & ventilation",ENWL,0.4340651848477742,250.0,0.4340651848477742
Industrial,Other Industrial & Process Loads,"Fans, blowers & ventilation",NPG (Northern Electric),0.2141698494477285,250.0,0.2141698494477285
Industrial,Other Industrial & Process Loads,"Fans, blowers & ventilation",NPG (Yorkshire Electric),7.050811864245718,250.0,7.050811864245718
Industrial,Other Industrial & Process Loads,"Fans, blowers & ventilation",SPEN (SP Distribution),3.712491997869733,250.0,3.712491997869733
Industrial,Other Industrial & Process Loads,"Fans, blowers & ventilation",SPEN (SP MANWEB),4.606910779648196,250.0,4.606910779648196
Industrial,Other Industrial & Process Loads,"Fans, blowers & ventilation",SSE,0.2615229773979767,250.0,0.2615229773979767
Industrial,Other Industrial & Process Loads,"Fans, blowers & ventilation",SSE (Southern),5.185718719455214,250.0,5.185718719455214
Industrial,Other Industrial & Process Loads,"Fans, blowers & ventilation",UKPN (East),0.2769189922181377,250.0,0.2769189922181377
Industrial,Other Industrial & Process Loads,"Fans, blowers & ventilation",UKPN (London),0.0,250.0,0.0
Industrial,Other Industrial & Process Loads,"Fans, blowers & ventilation",UKPN (South),0.4690669310847521,250.0,0.4690669310847521
Industrial,Other Industrial & Process Loads,"Fans, blowers & ventilation",WPD (East Midlands),0.5668978452290017,250.0,0.5668978452290017
Industrial,Other Industrial & Process Loads,"Fans, blowers & ventilation",WPD (Midlands),0.3304961904910654,250.0,0.3304961904910654
Industrial,Other Industrial & Process Loads,"Fans, blowers & ventilation",WPD (South Wales),3.821991121178441,250.0,3.821991121178441
Industrial,Other Industrial & Process Loads,"Fans, blowers & ventilation",WPD (South West),0.2007898425425398,250.0,0.2007898425425398
Industrial,Other Industrial & Process Loads,Material handling & conveying,ENWL,0.144688394949258,275.0,0.144688394949258
Industrial,Other Industrial & Process Loads,Material handling & conveying,NPG (Northern Electric),0.0713899498159095,275.0,0.0713899498159095
Industrial,Other Industrial & Process Loads,Material handling & conveying,NPG (Yorkshire Electric),2.35027062141524,275.0,2.35027062141524
Industrial,Other Industrial & Process Loads,Material handling & conveying,SPEN (SP Distribution),1.237497332623244,275.0,1.237497332623244
Industrial,Other Industrial & Process Loads,Material handling & conveying,SPEN (SP MANWEB),1.5356369265493983,275.0,1.5356369265493983
Industrial,Other Industrial & Process Loads,Material handling & conveying,SSE,0.0871743257993255,275.0,0.0871743257993255
Industrial,Other Industrial & Process Loads,Material handling & conveying,SSE (Southern),1.7285729064850712,275.0,1.7285729064850712
Industrial,Other Industrial & Process Loads,Material handling & conveying,UKPN (East),0.0923063307393792,275.0,0.0923063307393792
Industrial,Other Industrial & Process Loads,Material handling & conveying,UKPN (London),0.0,275.0,0.0
Industrial,Other Industrial & Process Loads,Material handling & conveying,UKPN (South),0.1563556436949174,275.0,0.1563556436949174
Industrial,Other Industrial & Process Loads,Material handling & conveying,WPD (East Midlands),0.1889659484096671,275.0,0.1889659484096671
Industrial,Other Industrial & Process Loads,Material handling & conveying,WPD (Midlands),0.1101653968303551,275.0,0.1101653968303551
Industrial,Other Industrial & Process Loads,Material handling & conveying,WPD (South Wales),1.2739970403928136,275.0,1.2739970403928136
Industrial,Other Industrial & Process Loads,Material handling & conveying,WPD (South West),0.0669299475141799,275.0,0.0669299475141799
Industrial,Other Industrial & Process Loads,Electrochemical processes,ENWL,0.0,300.0,0.0
Industrial,Other Industrial & Process Loads,Electrochemical processes,NPG (Northern Electric),0.0,300.0,0.0
Industrial,Other Industrial & Process Loads,Electrochemical processes,NPG (Yorkshire Electric),0.0,300.0,0.0
Industrial,Other Industrial & Process Loads,Electrochemical processes,SPEN (SP Distribution),0.0,300.0,0.0
Industrial,Other Industrial & Process Loads,Electrochemical processes,SPEN (SP MANWEB),0.0,300.0,0.0
Industrial,Other Industrial & Process Loads,Electrochemical processes,SSE,0.0,300.0,0.0
Industrial,Other Industrial & Process Loads,Electrochemical processes,SSE (Southern),0.0,300.0,0.0
Industrial,Other Industrial & Process Loads,Electrochemical processes,UKPN (East),0.0,300.0,0.0
Industrial,Other Industrial & Process Loads,Electrochemical processes,UKPN (London),0.0,300.0,0.0
Industrial,Other Industrial & Process Loads,Electrochemical processes,UKPN (South),0.0,300.0,0.0
Industrial,Other Industrial & Process Loads,Electrochemical processes,WPD (East Midlands),0.0,300.0,0.0
Industrial,Other Industrial & Process Loads,Electrochemical processes,WPD (Midlands),0.0,300.0,0.0
Industrial,Other Industrial & Process Loads,Electrochemical processes,WPD (South Wales),0.0,300.0,0.0
Industrial,Other Industrial & Process Loads,Electrochemical processes,WPD (South West),0.0,300.0,0.0
Industrial,Other Industrial & Process Loads,HVAC & space conditioning,ENWL,0.7653508906704837,200.0,0.7653508906704837
Industrial,Other Industrial & Process Loads,HVAC & space conditioning,NPG (Northern Electric),0.3776278097195635,200.0,0.3776278097195635
Industrial,Other Industrial & Process Loads,HVAC & space conditioning,NPG (Yorkshire Electric),12.432107730876783,200.0,12.432107730876783
Industrial,Other Industrial & Process Loads,HVAC & space conditioning,SPEN (SP Distribution),6.545927101186663,200.0,6.545927101186663
Industrial,Other Industrial & Process Loads,HVAC & space conditioning,SPEN (SP MANWEB),8.122981044148304,200.0,8.122981044148304
Industrial,Other Industrial & Process Loads,HVAC & space conditioning,SSE,0.4611216256667368,200.0,0.4611216256667368
Industrial,Other Industrial & Process Loads,HVAC & space conditioning,SSE (Southern),9.143544746841496,200.0,9.143544746841496
Industrial,Other Industrial & Process Loads,HVAC & space conditioning,UKPN (East),0.4882681328428851,200.0,0.4882681328428851
Industrial,Other Industrial & Process Loads,HVAC & space conditioning,UKPN (London),0.0,200.0,0.0
Industrial,Other Industrial & Process Loads,HVAC & space conditioning,UKPN (South),0.8270665467346485,200.0,0.8270665467346485
Industrial,Other Industrial & Process Loads,HVAC & space conditioning,WPD (East Midlands),0.9995636275628828,200.0,0.9995636275628828
Industrial,Other Industrial & Process Loads,HVAC & space conditioning,WPD (Midlands),0.5827363322037594,200.0,0.5827363322037594
Industrial,Other Industrial & Process Loads,HVAC & space conditioning,WPD (South Wales),6.738997760795882,200.0,6.738997760795882
Industrial,Other Industrial & Process Loads,HVAC & space conditioning,WPD (South West),0.3540359609384763,200.0,0.3540359609384763
Industrial,Other Industrial & Process Loads,Lighting,ENWL,0.1657275414744486,175.0,0.1657275414744486
Industrial,Other Industrial & Process Loads,Lighting,NPG (Northern Electric),0.081770765880181,175.0,0.081770765880181
Industrial,Other Industrial & Process Loads,Lighting,NPG (Yorkshire Electric),2.6920235864346327,175.0,2.6920235864346327
Industrial,Other Industrial & Process Loads,Lighting,SPEN (SP Distribution),1.4174418797634878,175.0,1.4174418797634878
Industrial,Other Industrial & Process Loads,Lighting,SPEN (SP MANWEB),1.758933966498571,175.0,1.758933966498571
Industrial,Other Industrial & Process Loads,Lighting,SSE,0.0998503487406949,175.0,0.0998503487406949
Industrial,Other Industrial & Process Loads,Lighting,SSE (Southern),1.9799247766317272,175.0,1.9799247766317272
Industrial,Other Industrial & Process Loads,Lighting,UKPN (East),0.1057285987679214,175.0,0.1057285987679214
Industrial,Other Industrial & Process Loads,Lighting,UKPN (London),0.0,175.0,0.0
Industrial,Other Industrial & Process Loads,Lighting,UKPN (South),0.1790913254259332,175.0,0.1790913254259332
Industrial,Other Industrial & Process Loads,Lighting,WPD (East Midlands),0.2164434961304561,175.0,0.2164434961304561
Industrial,Other Industrial & Process Loads,Lighting,WPD (Midlands),0.1261845525251325,175.0,0.1261845525251325
Industrial,Other Industrial & Process Loads,Lighting,WPD (South Wales),1.4592490118096202,175.0,1.4592490118096202
Industrial,Other Industrial & Process Loads,Lighting,WPD (South West),0.0766622344275013,175.0,0.0766622344275013
Industrial,Other Industrial & Process Loads,Water & wastewater processes,ENWL,0.0,275.0,0.0
Industrial,Other Industrial & Process Loads,Water & wastewater processes,NPG (Northern Electric),0.0,275.0,0.0
Industrial,Other Industrial & Process Loads,Water & wastewater processes,NPG (Yorkshire Electric),0.0,275.0,0.0
Industrial,Other Industrial & Process Loads,Water & wastewater processes,SPEN (SP Distribution),0.0,275.0,0.0
Industrial,Other Industrial & Process Loads,Water & wastewater processes,SPEN (SP MANWEB),0.0,275.0,0.0
Industrial,Other Industrial & Process Loads,Water & wastewater processes,SSE,0.0,275.0,0.0
Industrial,Other Industrial & Process Loads,Water & wastewater processes,SSE (Southern),0.0,275.0,0.0
Industrial,Other Industrial & Process Loads,Water & wastewater processes,UKPN (East),0.0,275.0,0.0
Industrial,Other Industrial & Process Loads,Water & wastewater processes,UKPN (London),0.0,275.0,0.0
Industrial,Other Industrial & Process Loads,Water & wastewater processes,UKPN (South),0.0,275.0,0.0
Industrial,Other Industrial & Process Loads,Water & wastewater processes,WPD (East Midlands),0.0,275.0,0.0
Industrial,Other Industrial & Process Loads,Water & wastewater processes,WPD (Midlands),0.0,275.0,0.0
Industrial,Other Industrial & Process Loads,Water & wastewater processes,WPD (South Wales),0.0,275.0,0.0
Industrial,Other Industrial & Process Loads,Water & wastewater processes,WPD (South West),0.0,275.0,0.0
Industrial,Other Industrial & Process Loads,Other electrical/process loads,ENWL,0.2227565610019146,600.0,0.0
Industrial,Other Industrial & Process Loads,Other electrical/process loads,NPG (Northern Electric),0.1099091583445118,600.0,0.0
Industrial,Other Industrial & Process Loads,Other electrical/process loads,NPG (Yorkshire Electric),3.618384192000301,600.0,0.0
Industrial,Other Industrial & Process Loads,Other electrical/process loads,SPEN (SP Distribution),1.9052022116968677,600.0,0.0
Industrial,Other Industrial & Process Loads,Other electrical/process loads,SPEN (SP MANWEB),2.3642062020638086,600.0,0.0
Industrial,Other Industrial & Process Loads,Other electrical/process loads,SSE,0.1342101626708094,600.0,0.0
Industrial,Other Industrial & Process Loads,Other electrical/process loads,SSE (Southern),2.661242846910668,600.0,0.0
Industrial,Other Industrial & Process Loads,Other electrical/process loads,UKPN (East),0.1421111955898082,600.0,0.0
Industrial,Other Industrial & Process Loads,Other electrical/process loads,UKPN (London),0.0,600.0,0.0
Industrial,Other Industrial & Process Loads,Other electrical/process loads,UKPN (South),0.2407189981956399,600.0,0.0
Industrial,Other Industrial & Process Loads,Other electrical/process loads,WPD (East Midlands),0.2909245404855362,600.0,0.0
Industrial,Other Industrial & Process Loads,Other electrical/process loads,WPD (Midlands),0.1696063111899699,600.0,0.0
Industrial,Other Industrial & Process Loads,Other electrical/process loads,WPD (South Wales),1.961395725925673,600.0,0.0
Industrial,Other Industrial & Process Loads,Other electrical/process loads,WPD (South West),0.1030427142517266,600.0,0.0
Commercial,Data Centres,Heating,ENWL,0.0,225.0,0.0
Commercial,Data Centres,Heating,NPG (Northern Electric),0.0,225.0,0.0
Commercial,Data Centres,Heating,NPG (Yorkshire Electric),0.0,225.0,0.0
Commercial,Data Centres,Heating,SPEN (SP Distribution),0.0,225.0,0.0
Commercial,Data Centres,Heating,SPEN (SP MANWEB),0.0,225.0,0.0
Commercial,Data Centres,Heating,SSE,0.0,225.0,0.0
Commercial,Data Centres,Heating,SSE (Southern),0.0,225.0,0.0
Commercial,Data Centres,Heating,UKPN (East),0.0,225.0,0.0
Commercial,Data Centres,Heating,UKPN (London),0.0,225.0,0.0
Commercial,Data Centres,Heating,UKPN (South),0.0,225.0,0.0
Commercial,Data Centres,Heating,WPD (East Midlands),0.0,225.0,0.0
Commercial,Data Centres,Heating,WPD (Midlands),0.0,225.0,0.0
Commercial,Data Centres,Heating,WPD (South Wales),0.0,225.0,0.0
Commercial,Data Centres,Heating,WPD (South West),0.0,225.0,0.0
Commercial,Data Centres,Hot Water,ENWL,0.0,250.0,0.0
Commercial,Data Centres,Hot Water,NPG (Northern Electric),0.0,250.0,0.0
Commercial,Data Centres,Hot Water,NPG (Yorkshire Electric),0.0,250.0,0.0
Commercial,Data Centres,Hot Water,SPEN (SP Distribution),0.0,250.0,0.0
Commercial,Data Centres,Hot Water,SPEN (SP MANWEB),0.0,250.0,0.0
Commercial,Data Centres,Hot Water,SSE,0.0,250.0,0.0
Commercial,Data Centres,Hot Water,SSE (Southern),0.0,250.0,0.0
Commercial,Data Centres,Hot Water,UKPN (East),0.0,250.0,0.0
Commercial,Data Centres,Hot Water,UKPN (London),0.0,250.0,0.0
Commercial,Data Centres,Hot Water,UKPN (South),0.0,250.0,0.0
Commercial,Data Centres,Hot Water,WPD (East Midlands),0.0,250.0,0.0
Commercial,Data Centres,Hot Water,WPD (Midlands),0.0,250.0,0.0
Commercial,Data Centres,Hot Water,WPD (South Wales),0.0,250.0,0.0
Commercial,Data Centres,Hot Water,WPD (South West),0.0,250.0,0.0
Commercial,Data Centres,Cooling & humidification,ENWL,5.274937287941473,275.0,5.274937287941473
Commercial,Data Centres,Cooling & humidification,NPG (Northern Electric),3.0524909269672293,275.0,3.0524909269672293
Commercial,Data Centres,Cooling & humidification,NPG (Yorkshire Electric),4.631626334057127,275.0,4.631626334057127
Commercial,Data Centres,Cooling & humidification,SPEN (SP Distribution),4.593794045928861,275.0,4.593794045928861
Commercial,Data Centres,Cooling & humidification,SPEN (SP MANWEB),2.727957831771648,275.0,2.727957831771648
Commercial,Data Centres,Cooling & humidification,SSE,1.829215161234814,275.0,1.829215161234814
Commercial,Data Centres,Cooling & humidification,SSE (Southern),8.921791461178104,275.0,8.921791461178104
Commercial,Data Centres,Cooling & humidification,UKPN (East),6.650930298265663,275.0,6.650930298265663
Commercial,Data Centres,Cooling & humidification,UKPN (London),15.527216310256817,275.0,15.527216310256817
Commercial,Data Centres,Cooling & humidification,UKPN (South),4.163111928954232,275.0,4.163111928954232
Commercial,Data Centres,Cooling & humidification,WPD (East Midlands),5.381879311082868,275.0,5.381879311082868
Commercial,Data Centres,Cooling & humidification,WPD (Midlands),4.832519537479775,275.0,4.832519537479775
Commercial,Data Centres,Cooling & humidification,WPD (South Wales),2.2580236686550363,275.0,2.2580236686550363
Commercial,Data Centres,Cooling & humidification,WPD (South West),2.452831619209905,275.0,2.452831619209905
Commercial,Data Centres,Fans,ENWL,1.0549874575882945,200.0,1.0549874575882945
Commercial,Data Centres,Fans,NPG (Northern Electric),0.6104981853934458,200.0,0.6104981853934458
Commercial,Data Centres,Fans,NPG (Yorkshire Electric),0.9263252668114252,200.0,0.9263252668114252
Commercial,Data Centres,Fans,SPEN (SP Distribution),0.918758809185772,200.0,0.918758809185772
Commercial,Data Centres,Fans,SPEN (SP MANWEB),0.5455915663543295,200.0,0.5455915663543295
Commercial,Data Centres,Fans,SSE,0.3658430322469628,200.0,0.3658430322469628
Commercial,Data Centres,Fans,SSE (Southern),1.784358292235621,200.0,1.784358292235621
Commercial,Data Centres,Fans,UKPN (East),1.3301860596531323,200.0,1.3301860596531323
Commercial,Data Centres,Fans,UKPN (London),3.105443262051363,200.0,3.105443262051363
Commercial,Data Centres,Fans,UKPN (South),0.8326223857908465,200.0,0.8326223857908465
Commercial,Data Centres,Fans,WPD (East Midlands),1.0763758622165736,200.0,1.0763758622165736
Commercial,Data Centres,Fans,WPD (Midlands),0.9665039074959548,200.0,0.9665039074959548
Commercial,Data Centres,Fans,WPD (South Wales),0.4516047337310072,200.0,0.4516047337310072
Commercial,Data Centres,Fans,WPD (South West),0.4905663238419809,200.0,0.4905663238419809
Commercial,Data Centres,Lighting,ENWL,0.1582481186382442,175.0,0.1582481186382442
Commercial,Data Centres,Lighting,NPG (Northern Electric),0.0915747278090168,175.0,0.0915747278090168
Commercial,Data Centres,Lighting,NPG (Yorkshire Electric),0.1389487900217138,175.0,0.1389487900217138
Commercial,Data Centres,Lighting,SPEN (SP Distribution),0.1378138213778658,175.0,0.1378138213778658
Commercial,Data Centres,Lighting,SPEN (SP MANWEB),0.0818387349531494,175.0,0.0818387349531494
Commercial,Data Centres,Lighting,SSE,0.0548764548370444,175.0,0.0548764548370444
Commercial,Data Centres,Lighting,SSE (Southern),0.2676537438353432,175.0,0.2676537438353432
Commercial,Data Centres,Lighting,UKPN (East),0.1995279089479698,175.0,0.1995279089479698
Commercial,Data Centres,Lighting,UKPN (London),0.4658164893077045,175.0,0.4658164893077045
Commercial,Data Centres,Lighting,UKPN (South),0.1248933578686269,175.0,0.1248933578686269
Commercial,Data Centres,Lighting,WPD (East Midlands),0.161456379332486,175.0,0.161456379332486
Commercial,Data Centres,Lighting,WPD (Midlands),0.1449755861243932,175.0,0.1449755861243932
Commercial,Data Centres,Lighting,WPD (South Wales),0.0677407100596511,175.0,0.0677407100596511
Commercial,Data Centres,Lighting,WPD (South West),0.0735849485762971,175.0,0.0735849485762971
Commercial,Data Centres,Catering,ENWL,0.0,300.0,0.0
Commercial,Data Centres,Catering,NPG (Northern Electric),0.0,300.0,0.0
Commercial,Data Centres,Catering,NPG (Yorkshire Electric),0.0,300.0,0.0
Commercial,Data Centres,Catering,SPEN (SP Distribution),0.0,300.0,0.0
Commercial,Data Centres,Catering,SPEN (SP MANWEB),0.0,300.0,0.0
Commercial,Data Centres,Catering,SSE,0.0,300.0,0.0
Commercial,Data Centres,Catering,SSE (Southern),0.0,300.0,0.0
Commercial,Data Centres,Catering,UKPN (East),0.0,300.0,0.0
Commercial,Data Centres,Catering,UKPN (London),0.0,300.0,0.0
Commercial,Data Centres,Catering,UKPN (South),0.0,300.0,0.0
Commercial,Data Centres,Catering,WPD (East Midlands),0.0,300.0,0.0
Commercial,Data Centres,Catering,WPD (Midlands),0.0,300.0,0.0
Commercial,Data Centres,Catering,WPD (South Wales),0.0,300.0,0.0
Commercial,Data Centres,Catering,WPD (South West),0.0,300.0,0.0
Commercial,Data Centres,Small power,ENWL,0.2637468643970736,350.0,0.2637468643970736
Commercial,Data Centres,Small power,NPG (Northern Electric),0.1526245463483614,350.0,0.1526245463483614
Commercial,Data Centres,Small power,NPG (Yorkshire Electric),0.2315813167028563,350.0,0.2315813167028563
Commercial,Data Centres,Small power,SPEN (SP Distribution),0.229689702296443,350.0,0.229689702296443
Commercial,Data Centres,Small power,SPEN (SP MANWEB),0.1363978915885823,350.0,0.1363978915885823
Commercial,Data Centres,Small power,SSE,0.0914607580617407,350.0,0.0914607580617407
Commercial,Data Centres,Small power,SSE (Southern),0.4460895730589052,350.0,0.4460895730589052
Commercial,Data Centres,Small power,UKPN (East),0.3325465149132831,350.0,0.3325465149132831
Commercial,Data Centres,Small power,UKPN (London),0.7763608155128408,350.0,0.7763608155128408
Commercial,Data Centres,Small power,UKPN (South),0.2081555964477116,350.0,0.2081555964477116
Commercial,Data Centres,Small power,WPD (East Midlands),0.2690939655541434,350.0,0.2690939655541434
Commercial,Data Centres,Small power,WPD (Midlands),0.2416259768739887,350.0,0.2416259768739887
Commercial,Data Centres,Small power,WPD (South Wales),0.1129011834327518,350.0,0.1129011834327518
Commercial,Data Centres,Small power,WPD (South West),0.1226415809604952,350.0,0.1226415809604952
Commercial,Data Centres,ICT equipment,ENWL,2.373721779573663,400.0,2.373721779573663
Commercial,Data Centres,ICT equipment,NPG (Northern Electric),1.3736209171352534,400.0,1.3736209171352534
Commercial,Data Centres,ICT equipment,NPG (Yorkshire Electric),2.0842318503257067,400.0,2.0842318503257067
Commercial,Data Centres,ICT equipment,SPEN (SP Distribution),2.067207320667987,400.0,2.067207320667987
Commercial,Data Centres,ICT equipment,SPEN (SP MANWEB),1.2275810242972416,400.0,1.2275810242972416
Commercial,Data Centres,ICT equipment,SSE,0.8231468225556663,400.0,0.8231468225556663
Commercial,Data Centres,ICT equipment,SSE (Southern),4.014806157530147,400.0,4.014806157530147
Commercial,Data Centres,ICT equipment,UKPN (East),2.9929186342195484,400.0,2.9929186342195484
Commercial,Data Centres,ICT equipment,UKPN (London),6.987247339615567,400.0,6.987247339615567
Commercial,Data Centres,ICT equipment,UKPN (South),1.873400368029405,400.0,1.873400368029405
Commercial,Data Centres,ICT equipment,WPD (East Midlands),2.4218456899872907,400.0,2.4218456899872907
Commercial,Data Centres,ICT equipment,WPD (Midlands),2.1746337918658987,400.0,2.1746337918658987
Commercial,Data Centres,ICT equipment,WPD (South Wales),1.0161106508947664,400.0,1.0161106508947664
Commercial,Data Centres,ICT equipment,WPD (South West),1.1037742286444572,400.0,1.1037742286444572
Commercial,Data Centres,Cooled storage,ENWL,0.0,200.0,0.0
Commercial,Data Centres,Cooled storage,NPG (Northern Electric),0.0,200.0,0.0
Commercial,Data Centres,Cooled storage,NPG (Yorkshire Electric),0.0,200.0,0.0
Commercial,Data Centres,Cooled storage,SPEN (SP Distribution),0.0,200.0,0.0
Commercial,Data Centres,Cooled storage,SPEN (SP MANWEB),0.0,200.0,0.0
Commercial,Data Centres,Cooled storage,SSE,0.0,200.0,0.0
Commercial,Data Centres,Cooled storage,SSE (Southern),0.0,200.0,0.0
Commercial,Data Centres,Cooled storage,UKPN (East),0.0,200.0,0.0
Commercial,Data Centres,Cooled storage,UKPN (London),0.0,200.0,0.0
Commercial,Data Centres,Cooled storage,UKPN (South),0.0,200.0,0.0
Commercial,Data Centres,Cooled storage,WPD (East Midlands),0.0,200.0,0.0
Commercial,Data Centres,Cooled storage,WPD (Midlands),0.0,200.0,0.0
Commercial,Data Centres,Cooled storage,WPD (South Wales),0.0,200.0,0.0
Commercial,Data Centres,Cooled storage,WPD (South West),0.0,200.0,0.0
Commercial,Data Centres,Other,ENWL,0.2637468643970736,400.0,0.2637468643970736
Commercial,Data Centres,Other,NPG (Northern Electric),0.1526245463483614,400.0,0.1526245463483614
Commercial,Data Centres,Other,NPG (Yorkshire Electric),0.2315813167028563,400.0,0.2315813167028563
Commercial,Data Centres,Other,SPEN (SP Distribution),0.229689702296443,400.0,0.229689702296443
Commercial,Data Centres,Other,SPEN (SP MANWEB),0.1363978915885823,400.0,0.1363978915885823
Commercial,Data Centres,Other,SSE,0.0914607580617407,400.0,0.0914607580617407
Commercial,Data Centres,Other,SSE (Southern),0.4460895730589052,400.0,0.4460895730589052
Commercial,Data Centres,Other,UKPN (East),0.3325465149132831,400.0,0.3325465149132831
Commercial,Data Centres,Other,UKPN (London),0.7763608155128408,400.0,0.7763608155128408
Commercial,Data Centres,Other,UKPN (South),0.2081555964477116,400.0,0.2081555964477116
Commercial,Data Centres,Other,WPD (East Midlands),0.2690939655541434,400.0,0.2690939655541434
Commercial,Data Centres,Other,WPD (Midlands),0.2416259768739887,400.0,0.2416259768739887
Commercial,Data Centres,Other,WPD (South Wales),0.1129011834327518,400.0,0.1129011834327518
Commercial,Data Centres,Other,WPD (South West),0.1226415809604952,400.0,0.1226415809604952
Commercial,Retail - Food,Heating,ENWL,12.133040315889309,225.0,12.133040315889309
Commercial,Retail - Food,Heating,NPG (Northern Electric),9.039273457398478,225.0,9.039273457398478
Commercial,Retail - Food,Heating,NPG (Yorkshire Electric),11.527786033732038,225.0,11.527786033732038
Commercial,Retail - Food,Heating,SPEN (SP Distribution),7.37059339702177,225.0,7.37059339702177
Commercial,Retail - Food,Heating,SPEN (SP MANWEB),8.069992183203231,225.0,8.069992183203231
Commercial,Retail - Food,Heating,SSE,2.45213505447288,225.0,2.45213505447288
Commercial,Retail - Food,Heating,SSE (Southern),15.231664854602933,225.0,15.231664854602933
Commercial,Retail - Food,Heating,UKPN (East),17.058358199406044,225.0,17.058358199406044
Commercial,Retail - Food,Heating,UKPN (London),12.285651221440826,225.0,12.285651221440826
Commercial,Retail - Food,Heating,UKPN (South),9.862957409239971,225.0,9.862957409239971
Commercial,Retail - Food,Heating,WPD (East Midlands),12.237544310633773,225.0,12.237544310633773
Commercial,Retail - Food,Heating,WPD (Midlands),11.549960789162094,225.0,11.549960789162094
Commercial,Retail - Food,Heating,WPD (South Wales),7.343222597959153,225.0,7.343222597959153
Commercial,Retail - Food,Heating,WPD (South West),7.289444899174473,225.0,7.289444899174473
Commercial,Retail - Food,Hot Water,ENWL,0.2922864487742765,250.0,0.2922864487742765
Commercial,Retail - Food,Hot Water,NPG (Northern Electric),0.2177572207439685,250.0,0.2177572207439685
Commercial,Retail - Food,Hot Water,NPG (Yorkshire Electric),0.2777057979125551,250.0,0.2777057979125551
Commercial,Retail - Food,Hot Water,SPEN (SP Distribution),0.1775585107512865,250.0,0.1775585107512865
Commercial,Retail - Food,Hot Water,SPEN (SP MANWEB),0.194407114412671,250.0,0.194407114412671
Commercial,Retail - Food,Hot Water,SSE,0.059072238146953,250.0,0.059072238146953
Commercial,Retail - Food,Hot Water,SSE (Southern),0.366932698924732,250.0,0.366932698924732
Commercial,Retail - Food,Hot Water,UKPN (East),0.4109379685728428,250.0,0.4109379685728428
Commercial,Retail - Food,Hot Water,UKPN (London),0.2959628644513483,250.0,0.2959628644513483
Commercial,Retail - Food,Hot Water,UKPN (South),0.2375998694888858,250.0,0.2375998694888858
Commercial,Retail - Food,Hot Water,WPD (East Midlands),0.294803962992587,250.0,0.294803962992587
Commercial,Retail - Food,Hot Water,WPD (Midlands),0.2782399905261411,250.0,0.2782399905261411
Commercial,Retail - Food,Hot Water,WPD (South Wales),0.176899144800969,250.0,0.176899144800969
Commercial,Retail - Food,Hot Water,WPD (South West),0.1756036333552152,250.0,0.1756036333552152
Commercial,Retail - Food,Cooling & humidification,ENWL,1.47229346926212,200.0,1.47229346926212
Commercial,Retail - Food,Cooling & humidification,NPG (Northern Electric),1.0968778584518153,200.0,1.0968778584518153
Commercial,Retail - Food,Cooling & humidification,NPG (Yorkshire Electric),1.3988484049037588,200.0,1.3988484049037588
Commercial,Retail - Food,Cooling & humidification,SPEN (SP Distribution),0.8943905435482984,200.0,0.8943905435482984
Commercial,Retail - Food,Cooling & humidification,SPEN (SP MANWEB),0.979259647952106,200.0,0.979259647952106
Commercial,Retail - Food,Cooling & humidification,SSE,0.2975562870026213,200.0,0.2975562870026213
Commercial,Retail - Food,Cooling & humidification,SSE (Southern),1.8482985391594773,200.0,1.8482985391594773
Commercial,Retail - Food,Cooling & humidification,UKPN (East),2.069960102286087,200.0,2.069960102286087
Commercial,Retail - Food,Cooling & humidification,UKPN (London),1.4908121615051042,200.0,1.4908121615051042
Commercial,Retail - Food,Cooling & humidification,UKPN (South),1.196828445564272,200.0,1.196828445564272
Commercial,Retail - Food,Cooling & humidification,WPD (East Midlands),1.4849745899843996,200.0,1.4849745899843996
Commercial,Retail - Food,Cooling & humidification,WPD (Midlands),1.401539218315085,200.0,1.401539218315085
Commercial,Retail - Food,Cooling & humidification,WPD (South Wales),0.8910692120716689,200.0,0.8910692120716689
Commercial,Retail - Food,Cooling & humidification,WPD (South West),0.8845435142538728,200.0,0.8845435142538728
Commercial,Retail - Food,Fans,ENWL,0.7991010831421839,200.0,0.7991010831421839
Commercial,Retail - Food,Fans,NPG (Northern Electric),0.5953407408665712,200.0,0.5953407408665712
Commercial,Retail - Food,Fans,NPG (Yorkshire Electric),0.7592380859167545,200.0,0.7592380859167545
Commercial,Retail - Food,Fans,SPEN (SP Distribution),0.4854388523911387,200.0,0.4854388523911387
Commercial,Retail - Food,Fans,SPEN (SP MANWEB),0.5315023544512132,200.0,0.5315023544512132
Commercial,Retail - Food,Fans,SSE,0.1615014643505346,200.0,0.1615014643505346
Commercial,Retail - Food,Fans,SSE (Southern),1.0031813598634531,200.0,1.0031813598634531
Commercial,Retail - Food,Fans,UKPN (East),1.1234902513198808,200.0,1.1234902513198808
Commercial,Retail - Food,Fans,UKPN (London),0.8091522769691607,200.0,0.8091522769691607
Commercial,Retail - Food,Fans,UKPN (South),0.6495898590551419,200.0,0.6495898590551419
Commercial,Retail - Food,Fans,WPD (East Midlands),0.8059838802992678,200.0,0.8059838802992678
Commercial,Retail - Food,Fans,WPD (Midlands),0.7606985501220341,200.0,0.7606985501220341
Commercial,Retail - Food,Fans,WPD (South Wales),0.4836361685948308,200.0,0.4836361685948308
Commercial,Retail - Food,Fans,WPD (South West),0.4800942849260315,200.0,0.4800942849260315
Commercial,Retail - Food,Lighting,ENWL,5.708374473436514,175.0,5.708374473436514
Commercial,Retail - Food,Lighting,NPG (Northern Electric),4.252813517404325,175.0,4.252813517404325
Commercial,Retail - Food,Lighting,NPG (Yorkshire Electric),5.423613357982209,175.0,5.423613357982209
Commercial,Retail - Food,Lighting,SPEN (SP Distribution),3.4677299428848816,175.0,3.4677299428848816
Commercial,Retail - Food,Lighting,SPEN (SP MANWEB),3.796784332703589,175.0,3.796784332703589
Commercial,Retail - Food,Lighting,SSE,1.1536848791345884,175.0,1.1536848791345884
Commercial,Retail - Food,Lighting,SSE (Southern),7.16622087953414,175.0,7.16622087953414
Commercial,Retail - Food,Lighting,UKPN (East),8.025646826270242,175.0,8.025646826270242
Commercial,Retail - Food,Lighting,UKPN (London),5.780175124793243,175.0,5.780175124793243
Commercial,Retail - Food,Lighting,UKPN (South),4.640341813895168,175.0,4.640341813895168
Commercial,Retail - Food,Lighting,WPD (East Midlands),5.757541699493631,175.0,5.757541699493631
Commercial,Retail - Food,Lighting,WPD (Midlands),5.434046176513756,175.0,5.434046176513756
Commercial,Retail - Food,Lighting,WPD (South Wales),3.454852480466662,175.0,3.454852480466662
Commercial,Retail - Food,Lighting,WPD (South West),3.4295510527131743,175.0,3.4295510527131743
Commercial,Retail - Food,Catering,ENWL,1.3009482551862377,300.0,1.3009482551862377
Commercial,Retail - Food,Catering,NPG (Northern Electric),0.9692234366973568,300.0,0.9692234366973568
Commercial,Retail - Food,Catering,NPG (Yorkshire Electric),1.2360507124586064,300.0,1.2360507124586064
Commercial,Retail - Food,Catering,SPEN (SP Distribution),0.7903015542596799,300.0,0.7903015542596799
Commercial,Retail - Food,Catering,SPEN (SP MANWEB),0.8652936095791178,300.0,0.8652936095791178
Commercial,Retail - Food,Catering,SSE,0.2629267469275429,300.0,0.2629267469275429
Commercial,Retail - Food,Catering,SSE (Southern),1.6331939316336812,300.0,1.6331939316336812
Commercial,Retail - Food,Catering,UKPN (East),1.82905856719166,300.0,1.82905856719166
Commercial,Retail - Food,Catering,UKPN (London),1.317311745797872,300.0,1.317311745797872
Commercial,Retail - Food,Catering,UKPN (South),1.057541794839609,300.0,1.057541794839609
Commercial,Retail - Food,Catering,WPD (East Midlands),1.31215354966175,300.0,1.31215354966175
Commercial,Retail - Food,Catering,WPD (Midlands),1.2384283695531877,300.0,1.2384283695531877
Commercial,Retail - Food,Catering,WPD (South Wales),0.7873667586638113,300.0,0.7873667586638113
Commercial,Retail - Food,Catering,WPD (South West),0.7816005202288958,300.0,0.7816005202288958
Commercial,Retail - Food,Small power,ENWL,0.2451537107749236,350.0,0.2451537107749236
Commercial,Retail - Food,Small power,NPG (Northern Electric),0.1826427155185863,350.0,0.1826427155185863
Commercial,Retail - Food,Small power,NPG (Yorkshire Electric),0.2329242670930337,350.0,0.2329242670930337
Commercial,Retail - Food,Small power,SPEN (SP Distribution),0.1489262604301002,350.0,0.1489262604301002
Commercial,Retail - Food,Small power,SPEN (SP MANWEB),0.1630579375101903,350.0,0.1630579375101903
Commercial,Retail - Food,Small power,SSE,0.0495465268616997,350.0,0.0495465268616997
Commercial,Retail - Food,Small power,SSE (Southern),0.3077628577147112,350.0,0.3077628577147112
Commercial,Retail - Food,Small power,UKPN (East),0.3446720445522327,350.0,0.3446720445522327
Commercial,Retail - Food,Small power,UKPN (London),0.2482372849514373,350.0,0.2482372849514373
Commercial,Retail - Food,Small power,UKPN (South),0.199285632054127,350.0,0.199285632054127
Commercial,Retail - Food,Small power,WPD (East Midlands),0.2472652624911787,350.0,0.2472652624911787
Commercial,Retail - Food,Small power,WPD (Midlands),0.2333723183182559,350.0,0.2333723183182559
Commercial,Retail - Food,Small power,WPD (South Wales),0.1483732207316919,350.0,0.1483732207316919
Commercial,Retail - Food,Small power,WPD (South West),0.1472866173684165,350.0,0.1472866173684165
Commercial,Retail - Food,ICT equipment,ENWL,0.0474104717719284,300.0,0.0474104717719284
Commercial,Retail - Food,ICT equipment,NPG (Northern Electric),0.0353214205123426,300.0,0.0353214205123426
Commercial,Retail - Food,ICT equipment,NPG (Yorkshire Electric),0.0450454098985679,300.0,0.0450454098985679
Commercial,Retail - Food,ICT equipment,SPEN (SP Distribution),0.0288009683553293,300.0,0.0288009683553293
Commercial,Retail - Food,ICT equipment,SPEN (SP MANWEB),0.0315339046636471,300.0,0.0315339046636471
Commercial,Retail - Food,ICT equipment,SSE,0.0095818423704398,300.0,0.0095818423704398
Commercial,Retail - Food,ICT equipment,SSE (Southern),0.0595185046639068,300.0,0.0595185046639068
Commercial,Retail - Food,ICT equipment,UKPN (East),0.0666564017618289,300.0,0.0666564017618289
Commercial,Retail - Food,ICT equipment,UKPN (London),0.0480068066427739,300.0,0.0480068066427739
Commercial,Retail - Food,ICT equipment,UKPN (South),0.0385400074230471,300.0,0.0385400074230471
Commercial,Retail - Food,ICT equipment,WPD (East Midlands),0.047818826443461,300.0,0.047818826443461
Commercial,Retail - Food,ICT equipment,WPD (Midlands),0.0451320588825814,300.0,0.0451320588825814
Commercial,Retail - Food,ICT equipment,WPD (South Wales),0.0286940155667002,300.0,0.0286940155667002
Commercial,Retail - Food,ICT equipment,WPD (South West),0.0284838764751115,300.0,0.0284838764751115
Commercial,Retail - Food,Cooled storage,ENWL,26.125301079462066,200.0,26.125301079462066
Commercial,Retail - Food,Cooled storage,NPG (Northern Electric),19.463690424308627,200.0,19.463690424308627
Commercial,Retail - Food,Cooled storage,NPG (Yorkshire Electric),24.822045676091776,200.0,24.822045676091776
Commercial,Retail - Food,Cooled storage,SPEN (SP Distribution),15.8706281870106,200.0,15.8706281870106
Commercial,Retail - Food,Cooled storage,SPEN (SP MANWEB),17.376598940249764,200.0,17.376598940249764
Commercial,Retail - Food,Cooled storage,SSE,5.280025856479777,200.0,5.280025856479777
Commercial,Retail - Food,Cooled storage,SSE (Southern),32.79737146730114,200.0,32.79737146730114
Commercial,Retail - Food,Cooled storage,UKPN (East),36.73067362161225,200.0,36.73067362161225
Commercial,Retail - Food,Cooled storage,UKPN (London),26.453908398958188,200.0,26.453908398958188
Commercial,Retail - Food,Cooled storage,UKPN (South),21.237276489789604,200.0,21.237276489789604
Commercial,Retail - Food,Cooled storage,WPD (East Midlands),26.35032285929826,200.0,26.35032285929826
Commercial,Retail - Food,Cooled storage,WPD (Midlands),24.869793161214275,200.0,24.869793161214275
Commercial,Retail - Food,Cooled storage,WPD (South Wales),15.811692392874988,200.0,15.811692392874988
Commercial,Retail - Food,Cooled storage,WPD (South West),15.695896307513722,200.0,15.695896307513722
Commercial,Retail - Food,Other,ENWL,0.9553294098113398,400.0,0.9553294098113398
Commercial,Retail - Food,Other,NPG (Northern Electric),0.7117328841206316,400.0,0.7117328841206316
Commercial,Retail - Food,Other,NPG (Yorkshire Electric),0.9076729938508766,400.0,0.9076729938508766
Commercial,Retail - Food,Other,SPEN (SP Distribution),0.5803446173927974,400.0,0.5803446173927974
Commercial,Retail - Food,Other,SPEN (SP MANWEB),0.635413768424175,400.0,0.635413768424175
Commercial,Retail - Food,Other,SSE,0.1930758221663067,400.0,0.1930758221663067
Commercial,Retail - Food,Other,SSE (Southern),1.1993084187592915,400.0,1.1993084187592915
Commercial,Retail - Food,Other,UKPN (East),1.3431383104898669,400.0,1.3431383104898669
Commercial,Retail - Food,Other,UKPN (London),0.9673456631605004,400.0,0.9673456631605004
Commercial,Retail - Food,Other,UKPN (South),0.7765879808727049,400.0,0.7765879808727049
Commercial,Retail - Food,Other,WPD (East Midlands),0.9635578288244552,400.0,0.9635578288244552
Commercial,Retail - Food,Other,WPD (Midlands),0.9094189862374644,400.0,0.9094189862374644
Commercial,Retail - Food,Other,WPD (South Wales),0.5781894997443122,400.0,0.5781894997443122
Commercial,Retail - Food,Other,WPD (South West),0.5739551598011984,400.0,0.5739551598011984
Commercial,Hospitality,Heating,ENWL,8.156093562821404,225.0,8.156093562821404
Commercial,Hospitality,Heating,NPG (Northern Electric),5.6078541724260935,225.0,5.6078541724260935
Commercial,Hospitality,Heating,NPG (Yorkshire Electric),7.969557770665915,225.0,7.969557770665915
Commercial,Hospitality,Heating,SPEN (SP Distribution),6.36139831122559,225.0,6.36139831122559
Commercial,Hospitality,Heating,SPEN (SP MANWEB),5.046843105712127,225.0,5.046843105712127
Commercial,Hospitality,Heating,SSE,4.701671503246066,225.0,4.701671503246066
Commercial,Hospitality,Heating,SSE (Southern),11.229199277737145,225.0,11.229199277737145
Commercial,Hospitality,Heating,UKPN (East),10.064487658487826,225.0,10.064487658487826
Commercial,Hospitality,Heating,UKPN (London),7.844718062969465,225.0,7.844718062969465
Commercial,Hospitality,Heating,UKPN (South),5.770086021962446,225.0,5.770086021962446
Commercial,Hospitality,Heating,WPD (East Midlands),8.383811061898587,225.0,8.383811061898587
Commercial,Hospitality,Heating,WPD (Midlands),6.915658039102151,225.0,6.915658039102151
Commercial,Hospitality,Heating,WPD (South Wales),5.048540358551591,225.0,5.048540358551591
Commercial,Hospitality,Heating,WPD (South West),4.8721780099008765,225.0,4.8721780099008765
Commercial,Hospitality,Hot Water,ENWL,3.5690357721222647,250.0,3.5690357721222647
Commercial,Hospitality,Hot Water,NPG (Northern Electric),2.453948326128599,250.0,2.453948326128599
Commercial,Hospitality,Hot Water,NPG (Yorkshire Electric),3.487409328058545,250.0,3.487409328058545
Commercial,Hospitality,Hot Water,SPEN (SP Distribution),2.783692702714456,250.0,2.783692702714456
Commercial,Hospitality,Hot Water,SPEN (SP MANWEB),2.208454751265049,250.0,2.208454751265049
Commercial,Hospitality,Hot Water,SSE,2.05741065310294,250.0,2.05741065310294
Commercial,Hospitality,Hot Water,SSE (Southern),4.913800167425929,250.0,4.913800167425929
Commercial,Hospitality,Hot Water,UKPN (East),4.404132469122909,250.0,4.404132469122909
Commercial,Hospitality,Hot Water,UKPN (London),3.432780555213057,250.0,3.432780555213057
Commercial,Hospitality,Hot Water,UKPN (South),2.524939575789117,250.0,2.524939575789117
Commercial,Hospitality,Hot Water,WPD (East Midlands),3.668682973798497,250.0,3.668682973798497
Commercial,Hospitality,Hot Water,WPD (Midlands),3.026231950284576,250.0,3.026231950284576
Commercial,Hospitality,Hot Water,WPD (South Wales),2.209197454380422,250.0,2.209197454380422
Commercial,Hospitality,Hot Water,WPD (South West),2.1320228209187437,250.0,2.1320228209187437
Commercial,Hospitality,Cooling & humidification,ENWL,0.293978470504575,225.0,0.293978470504575
Commercial,Hospitality,Cooling & humidification,NPG (Northern Electric),0.202129656768213,225.0,0.202129656768213
Commercial,Hospitality,Cooling & humidification,NPG (Yorkshire Electric),0.2872549690574852,225.0,0.2872549690574852
Commercial,Hospitality,Cooling & humidification,SPEN (SP Distribution),0.2292904233381016,225.0,0.2292904233381016
Commercial,Hospitality,Cooling & humidification,SPEN (SP MANWEB),0.1819085577753687,225.0,0.1819085577753687
Commercial,Hospitality,Cooling & humidification,SSE,0.1694671826276952,225.0,0.1694671826276952
Commercial,Hospitality,Cooling & humidification,SSE (Southern),0.4047455811085979,225.0,0.4047455811085979
Commercial,Hospitality,Cooling & humidification,UKPN (East),0.3627646820705324,225.0,0.3627646820705324
Commercial,Hospitality,Cooling & humidification,UKPN (London),0.2827552430496652,225.0,0.2827552430496652
Commercial,Hospitality,Cooling & humidification,UKPN (South),0.2079771462098774,225.0,0.2079771462098774
Commercial,Hospitality,Cooling & humidification,WPD (East Midlands),0.3021863265780994,225.0,0.3021863265780994
Commercial,Hospitality,Cooling & humidification,WPD (Midlands),0.2492681768800887,225.0,0.2492681768800887
Commercial,Hospitality,Cooling & humidification,WPD (South Wales),0.1819697336054351,225.0,0.1819697336054351
Commercial,Hospitality,Cooling & humidification,WPD (South West),0.175612924048067,225.0,0.175612924048067
Commercial,Hospitality,Fans,ENWL,0.5046597661018608,200.0,0.5046597661018608
Commercial,Hospitality,Fans,NPG (Northern Electric),0.3469869923869419,200.0,0.3469869923869419
Commercial,Hospitality,Fans,NPG (Yorkshire Electric),0.4931178301844103,200.0,0.4931178301844103
Commercial,Hospitality,Fans,SPEN (SP Distribution),0.3936126724266436,200.0,0.3936126724266436
Commercial,Hospitality,Fans,SPEN (SP MANWEB),0.312274331046347,200.0,0.312274331046347
Commercial,Hospitality,Fans,SSE,0.2909167756402184,200.0,0.2909167756402184
Commercial,Hospitality,Fans,SSE (Southern),0.6948087386890734,200.0,0.6948087386890734
Commercial,Hospitality,Fans,UKPN (East),0.6227419963424896,200.0,0.6227419963424896
Commercial,Hospitality,Fans,UKPN (London),0.4853933506647662,200.0,0.4853933506647662
Commercial,Hospitality,Fans,UKPN (South),0.3570251174538846,200.0,0.3570251174538846
Commercial,Hospitality,Fans,WPD (East Midlands),0.5187498275922586,200.0,0.5187498275922586
Commercial,Hospitality,Fans,WPD (Midlands),0.4279075934541442,200.0,0.4279075934541442
Commercial,Hospitality,Fans,WPD (South Wales),0.3123793488731267,200.0,0.3123793488731267
Commercial,Hospitality,Fans,WPD (South West),0.3014668966147374,200.0,0.3014668966147374
Commercial,Hospitality,Lighting,ENWL,0.5535858332299475,175.0,0.5535858332299475
Commercial,Hospitality,Lighting,NPG (Northern Electric),0.3806269019308104,175.0,0.3806269019308104
Commercial,Hospitality,Lighting,NPG (Yorkshire Electric),0.5409249225706682,175.0,0.5409249225706682
Commercial,Hospitality,Lighting,SPEN (SP Distribution),0.4317728772362431,175.0,0.4317728772362431
Commercial,Hospitality,Lighting,SPEN (SP MANWEB),0.3425488960293382,175.0,0.3425488960293382
Commercial,Hospitality,Lighting,SSE,0.3191207551323877,175.0,0.3191207551323877
Commercial,Hospitality,Lighting,SSE (Southern),0.7621694860156623,175.0,0.7621694860156623
Commercial,Hospitality,Lighting,UKPN (East),0.6831159725599273,175.0,0.6831159725599273
Commercial,Hospitality,Lighting,UKPN (London),0.5324515654330858,175.0,0.5324515654330858
Commercial,Hospitality,Lighting,UKPN (South),0.3916382093551639,175.0,0.3916382093551639
Commercial,Hospitality,Lighting,WPD (East Midlands),0.5690419067161955,175.0,0.5690419067161955
Commercial,Hospitality,Lighting,WPD (Midlands),0.4693926434783813,175.0,0.4693926434783813
Commercial,Hospitality,Lighting,WPD (South Wales),0.3426640951893404,175.0,0.3426640951893404
Commercial,Hospitality,Lighting,WPD (South West),0.3306936957602266,175.0,0.3306936957602266
Commercial,Hospitality,Catering,ENWL,8.343368472424263,275.0,8.343368472424263
Commercial,Hospitality,Catering,NPG (Northern Electric),5.736618068416004,275.0,5.736618068416004
Commercial,Hospitality,Catering,NPG (Yorkshire Electric),8.152549566870853,275.0,8.152549566870853
Commercial,Hospitality,Catering,SPEN (SP Distribution),6.507464597065306,275.0,6.507464597065306
Commercial,Hospitality,Catering,SPEN (SP MANWEB),5.162725430886815,275.0,5.162725430886815
Commercial,Hospitality,Catering,SSE,4.8096282228411456,275.0,4.8096282228411456
Commercial,Hospitality,Catering,SSE (Southern),11.487036839733335,275.0,11.487036839733335
Commercial,Hospitality,Catering,UKPN (East),10.29558187067712,275.0,10.29558187067712
Commercial,Hospitality,Catering,UKPN (London),8.02484337109483,275.0,8.02484337109483
Commercial,Hospitality,Catering,UKPN (South),5.902574980045209,275.0,5.902574980045209
Commercial,Hospitality,Catering,WPD (East Midlands),8.576314672438505,275.0,8.576314672438505
Commercial,Hospitality,Catering,WPD (Midlands),7.074450875910795,275.0,7.074450875910795
Commercial,Hospitality,Catering,WPD (South Wales),5.164461654940824,275.0,5.164461654940824
Commercial,Hospitality,Catering,WPD (South West),4.984049788877574,275.0,4.984049788877574
Commercial,Hospitality,Small power,ENWL,0.0111041073787521,350.0,0.0111041073787521
Commercial,Hospitality,Small power,NPG (Northern Electric),0.0076348087985226,350.0,0.0076348087985226
Commercial,Hospitality,Small power,NPG (Yorkshire Electric),0.0108501483663743,350.0,0.0108501483663743
Commercial,Hospitality,Small power,SPEN (SP Distribution),0.0086607208932539,350.0,0.0086607208932539
Commercial,Hospitality,Small power,SPEN (SP MANWEB),0.0068710207083691,350.0,0.0068710207083691
Commercial,Hospitality,Small power,SSE,0.0064010870926796,350.0,0.0064010870926796
Commercial,Hospitality,Small power,SSE (Southern),0.0152879848173622,350.0,0.0152879848173622
Commercial,Hospitality,Small power,UKPN (East),0.0137022890690472,350.0,0.0137022890690472
Commercial,Hospitality,Small power,UKPN (London),0.0106801854412661,350.0,0.0106801854412661
Commercial,Hospitality,Small power,UKPN (South),0.0078556792267036,350.0,0.0078556792267036
Commercial,Hospitality,Small power,WPD (East Midlands),0.0114141331947016,350.0,0.0114141331947016
Commercial,Hospitality,Small power,WPD (Midlands),0.0094153173782813,350.0,0.0094153173782813
Commercial,Hospitality,Small power,WPD (South Wales),0.0068733314319567,350.0,0.0068733314319567
Commercial,Hospitality,Small power,WPD (South West),0.006633223046502,350.0,0.006633223046502
Commercial,Hospitality,ICT equipment,ENWL,0.0,300.0,0.0
Commercial,Hospitality,ICT equipment,NPG (Northern Electric),0.0,300.0,0.0
Commercial,Hospitality,ICT equipment,NPG (Yorkshire Electric),0.0,300.0,0.0
Commercial,Hospitality,ICT equipment,SPEN (SP Distribution),0.0,300.0,0.0
Commercial,Hospitality,ICT equipment,SPEN (SP MANWEB),0.0,300.0,0.0
Commercial,Hospitality,ICT equipment,SSE,0.0,300.0,0.0
Commercial,Hospitality,ICT equipment,SSE (Southern),0.0,300.0,0.0
Commercial,Hospitality,ICT equipment,UKPN (East),0.0,300.0,0.0
Commercial,Hospitality,ICT equipment,UKPN (London),0.0,300.0,0.0
Commercial,Hospitality,ICT equipment,UKPN (South),0.0,300.0,0.0
Commercial,Hospitality,ICT equipment,WPD (East Midlands),0.0,300.0,0.0
Commercial,Hospitality,ICT equipment,WPD (Midlands),0.0,300.0,0.0
Commercial,Hospitality,ICT equipment,WPD (South Wales),0.0,300.0,0.0
Commercial,Hospitality,ICT equipment,WPD (South West),0.0,300.0,0.0
Commercial,Hospitality,Cooled storage,ENWL,1.4399302341611824,200.0,1.4399302341611824
Commercial,Hospitality,Cooled storage,NPG (Northern Electric),0.9900473442889176,200.0,0.9900473442889176
Commercial,Hospitality,Cooled storage,NPG (Yorkshire Electric),1.4069979823657557,200.0,1.4069979823657557
Commercial,Hospitality,Cooled storage,SPEN (SP Distribution),1.1230829672712757,200.0,1.1230829672712757
Commercial,Hospitality,Cooled storage,SPEN (SP MANWEB),0.89100277222285,200.0,0.89100277222285
Commercial,Hospitality,Cooled storage,SSE,0.8300639143570736,200.0,0.8300639143570736
Commercial,Hospitality,Cooled storage,SSE (Southern),1.9824764663245549,200.0,1.9824764663245549
Commercial,Hospitality,Cooled storage,UKPN (East),1.7768506404658615,200.0,1.7768506404658615
Commercial,Hospitality,Cooled storage,UKPN (London),1.3849579618398289,200.0,1.3849579618398289
Commercial,Hospitality,Cooled storage,UKPN (South),1.018688818702126,200.0,1.018688818702126
Commercial,Hospitality,Cooled storage,WPD (East Midlands),1.4801329745102494,200.0,1.4801329745102494
Commercial,Hospitality,Cooled storage,WPD (Midlands),1.2209356137128802,200.0,1.2209356137128802
Commercial,Hospitality,Cooled storage,WPD (South Wales),0.891302416367407,200.0,0.891302416367407
Commercial,Hospitality,Cooled storage,WPD (South West),0.8601662509919339,200.0,0.8601662509919339
Commercial,Hospitality,Other,ENWL,0.5456846578648671,400.0,0.5456846578648671
Commercial,Hospitality,Other,NPG (Northern Electric),0.3751943208922465,400.0,0.3751943208922465
Commercial,Hospitality,Other,NPG (Yorkshire Electric),0.533204452833145,400.0,0.533204452833145
Commercial,Hospitality,Other,SPEN (SP Distribution),0.4256103040341362,400.0,0.4256103040341362
Commercial,Hospitality,Other,SPEN (SP MANWEB),0.3376597916914419,400.0,0.3376597916914419
Commercial,Hospitality,Other,SSE,0.3145660340799606,400.0,0.3145660340799606
Commercial,Hospitality,Other,SSE (Southern),0.751291254663919,400.0,0.751291254663919
Commercial,Hospitality,Other,UKPN (East),0.6733660498381125,400.0,0.6733660498381125
Commercial,Hospitality,Other,UKPN (London),0.5248520335459487,400.0,0.5248520335459487
Commercial,Hospitality,Other,UKPN (South),0.386048467013445,400.0,0.386048467013445
Commercial,Hospitality,Other,WPD (East Midlands),0.5609201311483284,400.0,0.5609201311483284
Commercial,Hospitality,Other,WPD (Midlands),0.4626931339017683,400.0,0.4626931339017683
Commercial,Hospitality,Other,WPD (South Wales),0.3377733466461367,400.0,0.3377733466461367
Commercial,Hospitality,Other,WPD (South West),0.3259737973714202,400.0,0.3259737973714202
Commercial,Storage - Non cold,Heating,ENWL,17.205815528662523,225.0,17.205815528662523
Commercial,Storage - Non cold,Heating,NPG (Northern Electric),9.637555955849264,225.0,9.637555955849264
Commercial,Storage - Non cold,Heating,NPG (Yorkshire Electric),19.700871552912847,225.0,19.700871552912847
Commercial,Storage - Non cold,Heating,SPEN (SP Distribution),3.1175779732873825,225.0,3.1175779732873825
Commercial,Storage - Non cold,Heating,SPEN (SP MANWEB),11.956616547863153,225.0,11.956616547863153
Commercial,Storage - Non cold,Heating,SSE,0.8764379299267598,225.0,0.8764379299267598
Commercial,Storage - Non cold,Heating,SSE (Southern),19.858248170211773,225.0,19.858248170211773
Commercial,Storage - Non cold,Heating,UKPN (East),23.30523654188473,225.0,23.30523654188473
Commercial,Storage - Non cold,Heating,UKPN (London),6.731567031736725,225.0,6.731567031736725
Commercial,Storage - Non cold,Heating,UKPN (South),8.838628574900262,225.0,8.838628574900262
Commercial,Storage - Non cold,Heating,WPD (East Midlands),27.944049080337216,225.0,27.944049080337216
Commercial,Storage - Non cold,Heating,WPD (Midlands),19.55139384144904,225.0,19.55139384144904
Commercial,Storage - Non cold,Heating,WPD (South Wales),7.843370112141941,225.0,7.843370112141941
Commercial,Storage - Non cold,Heating,WPD (South West),8.949585864379285,225.0,8.949585864379285
Commercial,Storage - Non cold,Hot Water,ENWL,0.5561751422352847,250.0,0.5561751422352847
Commercial,Storage - Non cold,Hot Water,NPG (Northern Electric),0.3115324028445891,250.0,0.3115324028445891
Commercial,Storage - Non cold,Hot Water,NPG (Yorkshire Electric),0.6368274156983317,250.0,0.6368274156983317
Commercial,Storage - Non cold,Hot Water,SPEN (SP Distribution),0.1007751925408144,250.0,0.1007751925408144
Commercial,Storage - Non cold,Hot Water,SPEN (SP MANWEB),0.3864956530588513,250.0,0.3864956530588513
Commercial,Storage - Non cold,Hot Water,SSE,0.0283307111787514,250.0,0.0283307111787514
Commercial,Storage - Non cold,Hot Water,SSE (Southern),0.6419145888326085,250.0,0.6419145888326085
Commercial,Storage - Non cold,Hot Water,UKPN (East),0.7533379180380686,250.0,0.7533379180380686
Commercial,Storage - Non cold,Hot Water,UKPN (London),0.2175967913352118,250.0,0.2175967913352118
Commercial,Storage - Non cold,Hot Water,UKPN (South),0.2857072073463135,250.0,0.2857072073463135
Commercial,Storage - Non cold,Hot Water,WPD (East Midlands),0.9032867663840666,250.0,0.9032867663840666
Commercial,Storage - Non cold,Hot Water,WPD (Midlands),0.6319955733892069,250.0,0.6319955733892069
Commercial,Storage - Non cold,Hot Water,WPD (South Wales),0.2535356420890108,250.0,0.2535356420890108
Commercial,Storage - Non cold,Hot Water,WPD (South West),0.2892938833835659,250.0,0.2892938833835659
Commercial,Storage - Non cold,Cooling & humidification,ENWL,0.153660531653588,225.0,0.153660531653588
Commercial,Storage - Non cold,Cooling & humidification,NPG (Northern Electric),0.0860704317996439,225.0,0.0860704317996439
Commercial,Storage - Non cold,Cooling & humidification,NPG (Yorkshire Electric),0.175943208958428,225.0,0.175943208958428
Commercial,Storage - Non cold,Cooling & humidification,SPEN (SP Distribution),0.0278422541523141,225.0,0.0278422541523141
Commercial,Storage - Non cold,Cooling & humidification,SPEN (SP MANWEB),0.1067813410217096,225.0,0.1067813410217096
Commercial,Storage - Non cold,Cooling & humidification,SSE,0.0078272324871534,225.0,0.0078272324871534
Commercial,Storage - Non cold,Cooling & humidification,SSE (Southern),0.1773486973901569,225.0,0.1773486973901569
Commercial,Storage - Non cold,Cooling & humidification,UKPN (East),0.208132827611282,225.0,0.208132827611282
Commercial,Storage - Non cold,Cooling & humidification,UKPN (London),0.0601178227928401,225.0,0.0601178227928401
Commercial,Storage - Non cold,Cooling & humidification,UKPN (South),0.0789354252720704,225.0,0.0789354252720704
Commercial,Storage - Non cold,Cooling & humidification,WPD (East Midlands),0.2495608203566713,225.0,0.2495608203566713
Commercial,Storage - Non cold,Cooling & humidification,WPD (Midlands),0.1746082635397917,225.0,0.1746082635397917
Commercial,Storage - Non cold,Cooling & humidification,WPD (South Wales),0.0700470384202288,225.0,0.0700470384202288
Commercial,Storage - Non cold,Cooling & humidification,WPD (South West),0.0799263551157494,225.0,0.0799263551157494
Commercial,Storage - Non cold,Fans,ENWL,0.2477365686054514,200.0,0.2477365686054514
Commercial,Storage - Non cold,Fans,NPG (Northern Electric),0.1387655841286777,200.0,0.1387655841286777
Commercial,Storage - Non cold,Fans,NPG (Yorkshire Electric),0.2836614346425444,200.0,0.2836614346425444
Commercial,Storage - Non cold,Fans,SPEN (SP Distribution),0.0448881988869138,200.0,0.0448881988869138
Commercial,Storage - Non cold,Fans,SPEN (SP MANWEB),0.1721563939102066,200.0,0.1721563939102066
Commercial,Storage - Non cold,Fans,SSE,0.0126193219376331,200.0,0.0126193219376331
Commercial,Storage - Non cold,Fans,SSE (Southern),0.2859274093697185,200.0,0.2859274093697185
Commercial,Storage - Non cold,Fans,UKPN (East),0.3355585977198782,200.0,0.3355585977198782
Commercial,Storage - Non cold,Fans,UKPN (London),0.0969239333643881,200.0,0.0969239333643881
Commercial,Storage - Non cold,Fans,UKPN (South),0.1272622916755224,200.0,0.1272622916755224
Commercial,Storage - Non cold,Fans,WPD (East Midlands),0.402350171694721,200.0,0.402350171694721
Commercial,Storage - Non cold,Fans,WPD (Midlands),0.2815091916837989,200.0,0.2815091916837989
Commercial,Storage - Non cold,Fans,WPD (South Wales),0.1129321417312465,200.0,0.1129321417312465
Commercial,Storage - Non cold,Fans,WPD (South West),0.12885990139716,200.0,0.12885990139716
Commercial,Storage - Non cold,Lighting,ENWL,4.31377377135599,175.0,4.31377377135599
Commercial,Storage - Non cold,Lighting,NPG (Northern Electric),2.4162897732491264,175.0,2.4162897732491264
Commercial,Storage - Non cold,Lighting,NPG (Yorkshire Electric),4.939324313702848,175.0,4.939324313702848
Commercial,Storage - Non cold,Lighting,SPEN (SP Distribution),0.7816267743264411,175.0,0.7816267743264411
Commercial,Storage - Non cold,Lighting,SPEN (SP MANWEB),2.9977154394344745,175.0,2.9977154394344745
Commercial,Storage - Non cold,Lighting,SSE,0.2197370387960616,175.0,0.2197370387960616
Commercial,Storage - Non cold,Lighting,SSE (Southern),4.978781154490074,175.0,4.978781154490074
Commercial,Storage - Non cold,Lighting,UKPN (East),5.842996396314637,175.0,5.842996396314637
Commercial,Storage - Non cold,Lighting,UKPN (London),1.6877117654351523,175.0,1.6877117654351523
Commercial,Storage - Non cold,Lighting,UKPN (South),2.215985871616872,175.0,2.215985871616872
Commercial,Storage - Non cold,Lighting,WPD (East Midlands),7.006021062322384,175.0,7.006021062322384
Commercial,Storage - Non cold,Lighting,WPD (Midlands),4.901847855232122,175.0,4.901847855232122
Commercial,Storage - Non cold,Lighting,WPD (South Wales),1.966458620483972,175.0,1.966458620483972
Commercial,Storage - Non cold,Lighting,WPD (South West),2.2438046427932807,175.0,2.2438046427932807
Commercial,Storage - Non cold,Catering,ENWL,0.0,300.0,0.0
Commercial,Storage - Non cold,Catering,NPG (Northern Electric),0.0,300.0,0.0
Commercial,Storage - Non cold,Catering,NPG (Yorkshire Electric),0.0,300.0,0.0
Commercial,Storage - Non cold,Catering,SPEN (SP Distribution),0.0,300.0,0.0
Commercial,Storage - Non cold,Catering,SPEN (SP MANWEB),0.0,300.0,0.0
Commercial,Storage - Non cold,Catering,SSE,0.0,300.0,0.0
Commercial,Storage - Non cold,Catering,SSE (Southern),0.0,300.0,0.0
Commercial,Storage - Non cold,Catering,UKPN (East),0.0,300.0,0.0
Commercial,Storage - Non cold,Catering,UKPN (London),0.0,300.0,0.0
Commercial,Storage - Non cold,Catering,UKPN (South),0.0,300.0,0.0
Commercial,Storage - Non cold,Catering,WPD (East Midlands),0.0,300.0,0.0
Commercial,Storage - Non cold,Catering,WPD (Midlands),0.0,300.0,0.0
Commercial,Storage - Non cold,Catering,WPD (South Wales),0.0,300.0,0.0
Commercial,Storage - Non cold,Catering,WPD (South West),0.0,300.0,0.0
Commercial,Storage - Non cold,Small power,ENWL,0.1801283109948634,350.0,0.1801283109948634
Commercial,Storage - Non cold,Small power,NPG (Northern Electric),0.1008959251919029,350.0,0.1008959251919029
Commercial,Storage - Non cold,Small power,NPG (Yorkshire Electric),0.2062491436131768,350.0,0.2062491436131768
Commercial,Storage - Non cold,Small power,SPEN (SP Distribution),0.032638037632541,350.0,0.032638037632541
Commercial,Storage - Non cold,Small power,SPEN (SP MANWEB),0.1251742552041206,350.0,0.1251742552041206
Commercial,Storage - Non cold,Small power,SSE,0.009175460689239,350.0,0.009175460689239
Commercial,Storage - Non cold,Small power,SSE (Southern),0.2078967251658743,350.0,0.2078967251658743
Commercial,Storage - Non cold,Small power,UKPN (East),0.243983372286672,350.0,0.243983372286672
Commercial,Storage - Non cold,Small power,UKPN (London),0.0704730210407933,350.0,0.0704730210407933
Commercial,Storage - Non cold,Small power,UKPN (South),0.0925319252700067,350.0,0.0925319252700067
Commercial,Storage - Non cold,Small power,WPD (East Midlands),0.2925472701258227,350.0,0.2925472701258227
Commercial,Storage - Non cold,Small power,WPD (Midlands),0.204684255994075,350.0,0.204684255994075
Commercial,Storage - Non cold,Small power,WPD (South Wales),0.0821125280841334,350.0,0.0821125280841334
Commercial,Storage - Non cold,Small power,WPD (South West),0.0936935411848774,350.0,0.0936935411848774
Commercial,Storage - Non cold,ICT equipment,ENWL,0.1353324090490253,300.0,0.1353324090490253
Commercial,Storage - Non cold,ICT equipment,NPG (Northern Electric),0.0758042339043518,300.0,0.0758042339043518
Commercial,Storage - Non cold,ICT equipment,NPG (Yorkshire Electric),0.1549572819248028,300.0,0.1549572819248028
Commercial,Storage - Non cold,ICT equipment,SPEN (SP Distribution),0.0245213216903503,300.0,0.0245213216903503
Commercial,Storage - Non cold,ICT equipment,SPEN (SP MANWEB),0.0940448140224565,300.0,0.0940448140224565
Commercial,Storage - Non cold,ICT equipment,SSE,0.0068936259511407,300.0,0.0068936259511407
Commercial,Storage - Non cold,ICT equipment,SSE (Southern),0.1561951283210733,300.0,0.1561951283210733
Commercial,Storage - Non cold,ICT equipment,UKPN (East),0.1833074287828196,300.0,0.1833074287828196
Commercial,Storage - Non cold,ICT equipment,UKPN (London),0.0529471667043232,300.0,0.0529471667043232
Commercial,Storage - Non cold,ICT equipment,UKPN (South),0.0695202674780617,300.0,0.0695202674780617
Commercial,Storage - Non cold,ICT equipment,WPD (East Midlands),0.219794026869949,300.0,0.219794026869949
Commercial,Storage - Non cold,ICT equipment,WPD (Midlands),0.1537815644031408,300.0,0.1537815644031408
Commercial,Storage - Non cold,ICT equipment,WPD (South Wales),0.0616920581631857,300.0,0.0616920581631857
Commercial,Storage - Non cold,ICT equipment,WPD (South West),0.0703930024705839,300.0,0.0703930024705839
Commercial,Storage - Non cold,Cooled storage,ENWL,1.0513858148249626,200.0,1.0513858148249626
Commercial,Storage - Non cold,Cooled storage,NPG (Northern Electric),0.5889165558401993,200.0,0.5889165558401993
Commercial,Storage - Non cold,Cooled storage,NPG (Yorkshire Electric),1.2038497597463969,200.0,1.2038497597463969
Commercial,Storage - Non cold,Cooled storage,SPEN (SP Distribution),0.1905040334917449,200.0,0.1905040334917449
Commercial,Storage - Non cold,Cooled storage,SPEN (SP MANWEB),0.730626049708783,200.0,0.730626049708783
Commercial,Storage - Non cold,Cooled storage,SSE,0.0535559855076035,200.0,0.0535559855076035
Commercial,Storage - Non cold,Cooled storage,SSE (Southern),1.2134664816470582,200.0,1.2134664816470582
Commercial,Storage - Non cold,Cooled storage,UKPN (East),1.4240996057675783,200.0,1.4240996057675783
Commercial,Storage - Non cold,Cooled storage,UKPN (London),0.4113419719583343,200.0,0.4113419719583343
Commercial,Storage - Non cold,Cooled storage,UKPN (South),0.5400969626040782,200.0,0.5400969626040782
Commercial,Storage - Non cold,Cooled storage,WPD (East Midlands),1.7075608396995825,200.0,1.7075608396995825
Commercial,Storage - Non cold,Cooled storage,WPD (Midlands),1.1947157117145708,200.0,1.1947157117145708
Commercial,Storage - Non cold,Cooled storage,WPD (South Wales),0.4792802795421543,200.0,0.4792802795421543
Commercial,Storage - Non cold,Cooled storage,WPD (South West),0.5468771654962535,200.0,0.5468771654962535
Commercial,Storage - Non cold,Other,ENWL,0.4435605351543134,400.0,0.4435605351543134
Commercial,Storage - Non cold,Other,NPG (Northern Electric),0.2484531738838444,400.0,0.2484531738838444
Commercial,Storage - Non cold,Other,NPG (Yorkshire Electric),0.5078822979625247,400.0,0.5078822979625247
Commercial,Storage - Non cold,Other,SPEN (SP Distribution),0.0803701836691808,400.0,0.0803701836691808
Commercial,Storage - Non cold,Other,SPEN (SP MANWEB),0.3082378295739731,400.0,0.3082378295739731
Commercial,Storage - Non cold,Other,SSE,0.0225942953171991,400.0,0.0225942953171991
Commercial,Storage - Non cold,Other,SSE (Southern),0.5119394178632698,400.0,0.5119394178632698
Commercial,Storage - Non cold,Other,UKPN (East),0.6008016984254981,400.0,0.6008016984254981
Commercial,Storage - Non cold,Other,UKPN (London),0.1735376896288494,400.0,0.1735376896288494
Commercial,Storage - Non cold,Other,UKPN (South),0.227857076241577,400.0,0.227857076241577
Commercial,Storage - Non cold,Other,WPD (East Midlands),0.7203888327062797,400.0,0.7203888327062797
Commercial,Storage - Non cold,Other,WPD (Midlands),0.5040288093801277,400.0,0.5040288093801277
Commercial,Storage - Non cold,Other,WPD (South Wales),0.2021996248047339,400.0,0.2021996248047339
Commercial,Storage - Non cold,Other,WPD (South West),0.2307175204105035,400.0,0.2307175204105035
Commercial,Health,Heating,ENWL,2.6484723534617465,300.0,2.6484723534617465
Commercial,Health,Heating,NPG (Northern Electric),2.5241479516456464,300.0,2.5241479516456464
Commercial,Health,Heating,NPG (Yorkshire Electric),3.655781387448642,300.0,3.655781387448642
Commercial,Health,Heating,SPEN (SP Distribution),3.9917160381991392,300.0,3.9917160381991392
Commercial,Health,Heating,SPEN (SP MANWEB),1.989357262884155,300.0,1.989357262884155
Commercial,Health,Heating,SSE,1.2354342857966931,300.0,1.2354342857966931
Commercial,Health,Heating,SSE (Southern),3.998113874561059,300.0,3.998113874561059
Commercial,Health,Heating,UKPN (East),4.469857157551861,300.0,4.469857157551861
Commercial,Health,Heating,UKPN (London),1.819965168760737,300.0,1.819965168760737
Commercial,Health,Heating,UKPN (South),2.674296995414688,300.0,2.674296995414688
Commercial,Health,Heating,WPD (East Midlands),3.368259471300499,300.0,3.368259471300499
Commercial,Health,Heating,WPD (Midlands),3.0335090450093265,300.0,3.0335090450093265
Commercial,Health,Heating,WPD (South Wales),1.6701203049407842,300.0,1.6701203049407842
Commercial,Health,Heating,WPD (South West),1.7542096048687614,300.0,1.7542096048687614
Commercial,Health,Hot Water,ENWL,1.3093691835469954,300.0,1.3093691835469954
Commercial,Health,Hot Water,NPG (Northern Electric),1.2479048679810272,300.0,1.2479048679810272
Commercial,Health,Hot Water,NPG (Yorkshire Electric),1.8073692497689384,300.0,1.8073692497689384
Commercial,Health,Hot Water,SPEN (SP Distribution),1.973450832158647,300.0,1.973450832158647
Commercial,Health,Hot Water,SPEN (SP MANWEB),0.9835115294600844,300.0,0.9835115294600844
Commercial,Health,Hot Water,SSE,0.6107821288016122,300.0,0.6107821288016122
Commercial,Health,Hot Water,SSE (Southern),1.9766138365837167,300.0,1.9766138365837167
Commercial,Health,Hot Water,UKPN (East),2.209837383918876,300.0,2.209837383918876
Commercial,Health,Hot Water,UKPN (London),0.8997663517194933,300.0,0.8997663517194933
Commercial,Health,Hot Water,UKPN (South),1.3221365399081515,300.0,1.3221365399081515
Commercial,Health,Hot Water,WPD (East Midlands),1.6652222735670967,300.0,1.6652222735670967
Commercial,Health,Hot Water,WPD (Midlands),1.499726155855324,300.0,1.499726155855324
Commercial,Health,Hot Water,WPD (South Wales),0.825685062276471,300.0,0.825685062276471
Commercial,Health,Hot Water,WPD (South West),0.8672576835076573,300.0,0.8672576835076573
Commercial,Health,Cooling & humidification,ENWL,0.1602401710978834,275.0,0.1602401710978834
Commercial,Health,Cooling & humidification,NPG (Northern Electric),0.15271818832445,275.0,0.15271818832445
Commercial,Health,Cooling & humidification,NPG (Yorkshire Electric),0.2211852558156935,275.0,0.2211852558156935
Commercial,Health,Cooling & humidification,SPEN (SP Distribution),0.2415102653796436,275.0,0.2415102653796436
Commercial,Health,Cooling & humidification,SPEN (SP MANWEB),0.1203618182997878,275.0,0.1203618182997878
Commercial,Health,Cooling & humidification,SSE,0.0747473165341889,275.0,0.0747473165341889
Commercial,Health,Cooling & humidification,SSE (Southern),0.2418973528234488,275.0,0.2418973528234488
Commercial,Health,Cooling & humidification,UKPN (East),0.2704391740291407,275.0,0.2704391740291407
Commercial,Health,Cooling & humidification,UKPN (London),0.1101131109234443,275.0,0.1101131109234443
Commercial,Health,Cooling & humidification,UKPN (South),0.1618026359805816,275.0,0.1618026359805816
Commercial,Health,Cooling & humidification,WPD (East Midlands),0.2037893555044255,275.0,0.2037893555044255
Commercial,Health,Cooling & humidification,WPD (Midlands),0.183535994915679,275.0,0.183535994915679
Commercial,Health,Cooling & humidification,WPD (South Wales),0.1010470670263789,275.0,0.1010470670263789
Commercial,Health,Cooling & humidification,WPD (South West),0.1061347107732914,275.0,0.1061347107732914
Commercial,Health,Fans,ENWL,0.346542971018288,250.0,0.346542971018288
Commercial,Health,Fans,NPG (Northern Electric),0.3302755753933689,250.0,0.3302755753933689
Commercial,Health,Fans,NPG (Yorkshire Electric),0.4783456930346658,250.0,0.4783456930346658
Commercial,Health,Fans,SPEN (SP Distribution),0.5223015197915146,250.0,0.5223015197915146
Commercial,Health,Fans,SPEN (SP MANWEB),0.2603001595978871,250.0,0.2603001595978871
Commercial,Health,Fans,SSE,0.1616520811849307,250.0,0.1616520811849307
Commercial,Health,Fans,SSE (Southern),0.5231386534010276,250.0,0.5231386534010276
Commercial,Health,Fans,UKPN (East),0.5848645455485798,250.0,0.5848645455485798
Commercial,Health,Fans,UKPN (London),0.2381358204127673,250.0,0.2381358204127673
Commercial,Health,Fans,UKPN (South),0.3499220314552068,250.0,0.3499220314552068
Commercial,Health,Fans,WPD (East Midlands),0.4407244964514303,250.0,0.4407244964514303
Commercial,Health,Fans,WPD (Midlands),0.3969236211562989,250.0,0.3969236211562989
Commercial,Health,Fans,WPD (South Wales),0.2185291651905129,250.0,0.2185291651905129
Commercial,Health,Fans,WPD (South West),0.2295319441282655,250.0,0.2295319441282655
Commercial,Health,Lighting,ENWL,0.2982434226551434,175.0,0.2982434226551434
Commercial,Health,Lighting,NPG (Northern Electric),0.2842433010119168,175.0,0.2842433010119168
Commercial,Health,Lighting,NPG (Yorkshire Electric),0.4116760939741484,175.0,0.4116760939741484
Commercial,Health,Lighting,SPEN (SP Distribution),0.4495055619303958,175.0,0.4495055619303958
Commercial,Health,Lighting,SPEN (SP MANWEB),0.2240207333827499,175.0,0.2240207333827499
Commercial,Health,Lighting,SSE,0.1391217655641804,175.0,0.1391217655641804
Commercial,Health,Lighting,SSE (Southern),0.4502260197489087,175.0,0.4502260197489087
Commercial,Health,Lighting,UKPN (East),0.5033488439875128,175.0,0.5033488439875128
Commercial,Health,Lighting,UKPN (London),0.2049455567602502,175.0,0.2049455567602502
Commercial,Health,Lighting,UKPN (South),0.3011515253562427,175.0,0.3011515253562427
Commercial,Health,Lighting,WPD (East Midlands),0.3792983648850364,175.0,0.3792983648850364
Commercial,Health,Lighting,WPD (Midlands),0.3416022519760784,175.0,0.3416022519760784
Commercial,Health,Lighting,WPD (South Wales),0.1880715859995046,175.0,0.1880715859995046
Commercial,Health,Lighting,WPD (South West),0.1975408487563593,175.0,0.1975408487563593
Commercial,Health,Catering,ENWL,0.1147436290685684,300.0,0.1147436290685684
Commercial,Health,Catering,NPG (Northern Electric),0.1093573417518394,300.0,0.1093573417518394
Commercial,Health,Catering,NPG (Yorkshire Electric),0.1583847469387005,300.0,0.1583847469387005
Commercial,Health,Catering,SPEN (SP Distribution),0.172938933583923,300.0,0.172938933583923
Commercial,Health,Catering,SPEN (SP MANWEB),0.0861878250527635,300.0,0.0861878250527635
Commercial,Health,Catering,SSE,0.0535245207459912,300.0,0.0535245207459912
Commercial,Health,Catering,SSE (Southern),0.1732161163762576,300.0,0.1732161163762576
Commercial,Health,Catering,UKPN (East),0.1936541383961341,300.0,0.1936541383961341
Commercial,Health,Catering,UKPN (London),0.0788490043964556,300.0,0.0788490043964556
Commercial,Health,Catering,UKPN (South),0.1158624676825353,300.0,0.1158624676825353
Commercial,Health,Catering,WPD (East Midlands),0.1459280157772577,300.0,0.1459280157772577
Commercial,Health,Catering,WPD (Midlands),0.1314251350148083,300.0,0.1314251350148083
Commercial,Health,Catering,WPD (South Wales),0.0723570568971686,300.0,0.0723570568971686
Commercial,Health,Catering,WPD (South West),0.0760001802346502,300.0,0.0760001802346502
Commercial,Health,Small power,ENWL,0.1030833823133151,350.0,0.1030833823133151
Commercial,Health,Small power,NPG (Northern Electric),0.0982444494747177,350.0,0.0982444494747177
Commercial,Health,Small power,NPG (Yorkshire Electric),0.1422896901014274,350.0,0.1422896901014274
Commercial,Health,Small power,SPEN (SP Distribution),0.1553648804051285,350.0,0.1553648804051285
Commercial,Health,Small power,SPEN (SP MANWEB),0.0774294188948646,350.0,0.0774294188948646
Commercial,Health,Small power,SSE,0.0480853593352781,350.0,0.0480853593352781
Commercial,Health,Small power,SSE (Southern),0.1556138958841127,350.0,0.1556138958841127
Commercial,Health,Small power,UKPN (East),0.1739750062542918,350.0,0.1739750062542918
Commercial,Health,Small power,UKPN (London),0.0708363691405207,350.0,0.0708363691405207
Commercial,Health,Small power,UKPN (South),0.1040885245554306,350.0,0.1040885245554306
Commercial,Health,Small power,WPD (East Midlands),0.131098811870429,350.0,0.131098811870429
Commercial,Health,Small power,WPD (Midlands),0.1180697137460651,350.0,0.1180697137460651
Commercial,Health,Small power,WPD (South Wales),0.0650041332991124,350.0,0.0650041332991124
Commercial,Health,Small power,WPD (South West),0.0682770424694138,350.0,0.0682770424694138
Commercial,Health,ICT equipment,ENWL,0.0068489385916541,300.0,0.0068489385916541
Commercial,Health,ICT equipment,NPG (Northern Electric),0.0065274362009006,300.0,0.0065274362009006
Commercial,Health,ICT equipment,NPG (Yorkshire Electric),0.0094538356024072,300.0,0.0094538356024072
Commercial,Health,ICT equipment,SPEN (SP Distribution),0.0103225612248558,300.0,0.0103225612248558
Commercial,Health,ICT equipment,SPEN (SP MANWEB),0.0051444696836446,300.0,0.0051444696836446
Commercial,Health,ICT equipment,SSE,0.0031948279718253,300.0,0.0031948279718253
Commercial,Health,ICT equipment,SSE (Southern),0.0103391060033222,300.0,0.0103391060033222
Commercial,Health,ICT equipment,UKPN (East),0.0115590321890746,300.0,0.0115590321890746
Commercial,Health,ICT equipment,UKPN (London),0.004706422426309,300.0,0.004706422426309
Commercial,Health,ICT equipment,UKPN (South),0.0069157210093207,300.0,0.0069157210093207
Commercial,Health,ICT equipment,WPD (East Midlands),0.0087103051121307,300.0,0.0087103051121307
Commercial,Health,ICT equipment,WPD (Midlands),0.0078446418892537,300.0,0.0078446418892537
Commercial,Health,ICT equipment,WPD (South Wales),0.0043189242259837,300.0,0.0043189242259837
Commercial,Health,ICT equipment,WPD (South West),0.0045363788090641,300.0,0.0045363788090641
Commercial,Health,Cooled storage,ENWL,0.0122672234114065,200.0,0.0122672234114065
Commercial,Health,Cooled storage,NPG (Northern Electric),0.0116913762780302,200.0,0.0116913762780302
Commercial,Health,Cooled storage,NPG (Yorkshire Electric),0.0169328884873867,200.0,0.0169328884873867
Commercial,Health,Cooled storage,SPEN (SP Distribution),0.0184888743020027,200.0,0.0184888743020027
Commercial,Health,Cooled storage,SPEN (SP MANWEB),0.0092143268767773,200.0,0.0092143268767773
Commercial,Health,Cooled storage,SSE,0.0057222981293991,200.0,0.0057222981293991
Commercial,Health,Cooled storage,SSE (Southern),0.018518507870916,200.0,0.018518507870916
Commercial,Health,Cooled storage,UKPN (East),0.0207035336038502,200.0,0.0207035336038502
Commercial,Health,Cooled storage,UKPN (London),0.0084297347098921,200.0,0.0084297347098921
Commercial,Health,Cooled storage,UKPN (South),0.0123868382723819,200.0,0.0123868382723819
Commercial,Health,Cooled storage,WPD (East Midlands),0.0156011413100168,200.0,0.0156011413100168
Commercial,Health,Cooled storage,WPD (Midlands),0.014050640599292,200.0,0.014050640599292
Commercial,Health,Cooled storage,WPD (South Wales),0.0077356816195782,200.0,0.0077356816195782
Commercial,Health,Cooled storage,WPD (South West),0.0081251673649653,200.0,0.0081251673649653
Commercial,Health,Other,ENWL,0.6438118207140845,400.0,0.6438118207140845
Commercial,Health,Other,NPG (Northern Electric),0.6135900517808378,400.0,0.6135900517808378
Commercial,Health,Other,NPG (Yorkshire Electric),0.888676548996103,400.0,0.888676548996103
Commercial,Health,Other,SPEN (SP Distribution),0.970338227985478,400.0,0.970338227985478
Commercial,Health,Other,SPEN (SP MANWEB),0.4835888582314908,400.0,0.4835888582314908
Commercial,Health,Other,SSE,0.3003192371903541,400.0,0.3003192371903541
Commercial,Health,Other,SSE (Southern),0.9718934651664192,400.0,0.9718934651664192
Commercial,Health,Other,UKPN (East),1.0865685915784322,400.0,1.0865685915784322
Commercial,Health,Other,UKPN (London),0.4424116745657356,400.0,0.4424116745657356
Commercial,Health,Other,UKPN (South),0.6500894810163643,400.0,0.6500894810163643
Commercial,Health,Other,WPD (East Midlands),0.8187834243468742,400.0,0.8187834243468742
Commercial,Health,Other,WPD (Midlands),0.7374096161009093,400.0,0.7374096161009093
Commercial,Health,Other,WPD (South Wales),0.4059861878226016,400.0,0.4059861878226016
Commercial,Health,Other,WPD (South West),0.4264272867143615,400.0,0.4264272867143615
Commercial,Retail - Other,Heating,ENWL,3.517689036166851,225.0,3.517689036166851
Commercial,Retail - Other,Heating,NPG (Northern Electric),2.620724262686505,225.0,2.620724262686505
Commercial,Retail - Other,Heating,NPG (Yorkshire Electric),3.3422098242788447,225.0,3.3422098242788447
Commercial,Retail - Other,Heating,SPEN (SP Distribution),2.1369298137741235,225.0,2.1369298137741235
Commercial,Retail - Other,Heating,SPEN (SP MANWEB),2.3397040054033216,225.0,2.3397040054033216
Commercial,Retail - Other,Heating,SSE,0.710938756629971,225.0,0.710938756629971
Commercial,Retail - Other,Heating,SSE (Southern),4.416062179521196,225.0,4.416062179521196
Commercial,Retail - Other,Heating,UKPN (East),4.945668855519609,225.0,4.945668855519609
Commercial,Retail - Other,Heating,UKPN (London),3.561934970844496,225.0,3.561934970844496
Commercial,Retail - Other,Heating,UKPN (South),2.8595320084140883,225.0,2.8595320084140883
Commercial,Retail - Other,Heating,WPD (East Midlands),3.547987506045569,225.0,3.547987506045569
Commercial,Retail - Other,Heating,WPD (Midlands),3.3486388719062425,225.0,3.3486388719062425
Commercial,Retail - Other,Heating,WPD (South Wales),2.1289942957780603,225.0,2.1289942957780603
Commercial,Retail - Other,Heating,WPD (South West),2.1134027196784237,225.0,2.1134027196784237
Commercial,Retail - Other,Hot Water,ENWL,0.3078512938489453,250.0,0.3078512938489453
Commercial,Retail - Other,Hot Water,NPG (Northern Electric),0.2293532335560021,250.0,0.2293532335560021
Commercial,Retail - Other,Hot Water,NPG (Yorkshire Electric),0.2924941938131268,250.0,0.2924941938131268
Commercial,Retail - Other,Hot Water,SPEN (SP Distribution),0.1870138608816888,250.0,0.1870138608816888
Commercial,Retail - Other,Hot Water,SPEN (SP MANWEB),0.2047596867947846,250.0,0.2047596867947846
Commercial,Retail - Other,Hot Water,SSE,0.0622179544086101,250.0,0.0622179544086101
Commercial,Retail - Other,Hot Water,SSE (Southern),0.3864726079268225,250.0,0.3864726079268225
Commercial,Retail - Other,Hot Water,UKPN (East),0.4328212472638605,250.0,0.4328212472638605
Commercial,Retail - Other,Hot Water,UKPN (London),0.3117234861030143,250.0,0.3117234861030143
Commercial,Retail - Other,Hot Water,UKPN (South),0.2502525435141946,250.0,0.2502525435141946
Commercial,Retail - Other,Hot Water,WPD (East Midlands),0.3105028707956018,250.0,0.3105028707956018
Commercial,Retail - Other,Hot Water,WPD (Midlands),0.293056833264756,250.0,0.293056833264756
Commercial,Retail - Other,Hot Water,WPD (South Wales),0.1863193823597579,250.0,0.1863193823597579
Commercial,Retail - Other,Hot Water,WPD (South West),0.1849548823070052,250.0,0.1849548823070052
Commercial,Retail - Other,Cooling & humidification,ENWL,0.5296271620622698,200.0,0.5296271620622698
Commercial,Retail - Other,Cooling & humidification,NPG (Northern Electric),0.3945791511198696,200.0,0.3945791511198696
Commercial,Retail - Other,Cooling & humidification,NPG (Yorkshire Electric),0.503206817330934,200.0,0.503206817330934
Commercial,Retail - Other,Cooling & humidification,SPEN (SP Distribution),0.3217385224103593,200.0,0.3217385224103593
Commercial,Retail - Other,Cooling & humidification,SPEN (SP MANWEB),0.3522684295590221,200.0,0.3522684295590221
Commercial,Retail - Other,Cooling & humidification,SSE,0.1070397275605433,200.0,0.1070397275605433
Commercial,Retail - Other,Cooling & humidification,SSE (Southern),0.6648872187346454,200.0,0.6648872187346454
Commercial,Retail - Other,Cooling & humidification,UKPN (East),0.7446253871555583,200.0,0.7446253871555583
Commercial,Retail - Other,Cooling & humidification,UKPN (London),0.536288879051799,200.0,0.536288879051799
Commercial,Retail - Other,Cooling & humidification,UKPN (South),0.4305343101313123,200.0,0.4305343101313123
Commercial,Retail - Other,Cooling & humidification,WPD (East Midlands),0.5341889332852828,200.0,0.5341889332852828
Commercial,Retail - Other,Cooling & humidification,WPD (Midlands),0.5041747818709071,200.0,0.5041747818709071
Commercial,Retail - Other,Cooling & humidification,WPD (South Wales),0.3205437420211499,200.0,0.3205437420211499
Commercial,Retail - Other,Cooling & humidification,WPD (South West),0.3181962570340383,200.0,0.3181962570340383
Commercial,Retail - Other,Fans,ENWL,0.2483184108953015,200.0,0.2483184108953015
Commercial,Retail - Other,Fans,NPG (Northern Electric),0.1850004584300061,200.0,0.1850004584300061
Commercial,Retail - Other,Fans,NPG (Yorkshire Electric),0.235931096782775,200.0,0.235931096782775
Commercial,Retail - Other,Fans,SPEN (SP Distribution),0.1508487561280882,200.0,0.1508487561280882
Commercial,Retail - Other,Fans,SPEN (SP MANWEB),0.1651628596540809,200.0,0.1651628596540809
Commercial,Retail - Other,Fans,SSE,0.0501861251734197,200.0,0.0501861251734197
Commercial,Retail - Other,Fans,SSE (Southern),0.3117357820884802,200.0,0.3117357820884802
Commercial,Retail - Other,Fans,UKPN (East),0.3491214312551198,200.0,0.3491214312551198
Commercial,Retail - Other,Fans,UKPN (London),0.2514417910675587,200.0,0.2514417910675587
Commercial,Retail - Other,Fans,UKPN (South),0.2018582191129063,200.0,0.2018582191129063
Commercial,Retail - Other,Fans,WPD (East Midlands),0.2504572207262697,200.0,0.2504572207262697
Commercial,Retail - Other,Fans,WPD (Midlands),0.2363849319211263,200.0,0.2363849319211263
Commercial,Retail - Other,Fans,WPD (South Wales),0.1502885772156961,200.0,0.1502885772156961
Commercial,Retail - Other,Fans,WPD (South West),0.1491879468414337,200.0,0.1491879468414337
Commercial,Retail - Other,Lighting,ENWL,3.237985961508007,175.0,3.237985961508007
Commercial,Retail - Other,Lighting,NPG (Northern Electric),2.412341819960639,175.0,2.412341819960639
Commercial,Retail - Other,Lighting,NPG (Yorkshire Electric),3.076459681388316,175.0,3.076459681388316
Commercial,Retail - Other,Lighting,SPEN (SP Distribution),1.9670154657184808,175.0,1.9670154657184808
Commercial,Retail - Other,Lighting,SPEN (SP MANWEB),2.153666411581205,175.0,2.153666411581205
Commercial,Retail - Other,Lighting,SSE,0.6544096677653615,175.0,0.6544096677653615
Commercial,Retail - Other,Lighting,SSE (Southern),4.064926488788661,175.0,4.064926488788661
Commercial,Retail - Other,Lighting,UKPN (East),4.552422388617381,175.0,4.552422388617381
Commercial,Retail - Other,Lighting,UKPN (London),3.2787137557692447,175.0,3.2787137557692447
Commercial,Retail - Other,Lighting,UKPN (South),2.6321611730117795,175.0,2.6321611730117795
Commercial,Retail - Other,Lighting,WPD (East Midlands),3.265875299966806,175.0,3.265875299966806
Commercial,Retail - Other,Lighting,WPD (Midlands),3.0823775342028625,175.0,3.0823775342028625
Commercial,Retail - Other,Lighting,WPD (South Wales),1.9597109269703523,175.0,1.9597109269703523
Commercial,Retail - Other,Lighting,WPD (South West),1.9453590885874403,175.0,1.9453590885874403
Commercial,Retail - Other,Catering,ENWL,0.0,300.0,0.0
Commercial,Retail - Other,Catering,NPG (Northern Electric),0.0,300.0,0.0
Commercial,Retail - Other,Catering,NPG (Yorkshire Electric),0.0,300.0,0.0
Commercial,Retail - Other,Catering,SPEN (SP Distribution),0.0,300.0,0.0
Commercial,Retail - Other,Catering,SPEN (SP MANWEB),0.0,300.0,0.0
Commercial,Retail - Other,Catering,SSE,0.0,300.0,0.0
Commercial,Retail - Other,Catering,SSE (Southern),0.0,300.0,0.0
Commercial,Retail - Other,Catering,UKPN (East),0.0,300.0,0.0
Commercial,Retail - Other,Catering,UKPN (London),0.0,300.0,0.0
Commercial,Retail - Other,Catering,UKPN (South),0.0,300.0,0.0
Commercial,Retail - Other,Catering,WPD (East Midlands),0.0,300.0,0.0
Commercial,Retail - Other,Catering,WPD (Midlands),0.0,300.0,0.0
Commercial,Retail - Other,Catering,WPD (South Wales),0.0,300.0,0.0
Commercial,Retail - Other,Catering,WPD (South West),0.0,300.0,0.0
Commercial,Retail - Other,Small power,ENWL,0.0523712979189336,350.0,0.0523712979189336
Commercial,Retail - Other,Small power,NPG (Northern Electric),0.0390173007657583,350.0,0.0390173007657583
Commercial,Retail - Other,Small power,NPG (Yorkshire Electric),0.0497587662284177,350.0,0.0497587662284177
Commercial,Retail - Other,Small power,SPEN (SP Distribution),0.0318145767742353,350.0,0.0318145767742353
Commercial,Retail - Other,Small power,SPEN (SP MANWEB),0.034833475685111,350.0,0.034833475685111
Commercial,Retail - Other,Small power,SSE,0.0105844447996336,350.0,0.0105844447996336
Commercial,Retail - Other,Small power,SSE (Southern),0.0657462628601917,350.0,0.0657462628601917
Commercial,Retail - Other,Small power,UKPN (East),0.0736310385533816,350.0,0.0736310385533816
Commercial,Retail - Other,Small power,UKPN (London),0.0530300306843601,350.0,0.0530300306843601
Commercial,Retail - Other,Small power,UKPN (South),0.042572666651788,350.0,0.042572666651788
Commercial,Retail - Other,Small power,WPD (East Midlands),0.0528223810522612,350.0,0.0528223810522612
Commercial,Retail - Other,Small power,WPD (Midlands),0.0498544817863217,350.0,0.0498544817863217
Commercial,Retail - Other,Small power,WPD (South Wales),0.0316964329096583,350.0,0.0316964329096583
Commercial,Retail - Other,Small power,WPD (South West),0.0314643057748989,350.0,0.0314643057748989
Commercial,Retail - Other,ICT equipment,ENWL,0.0044163297463038,300.0,0.0044163297463038
Commercial,Retail - Other,ICT equipment,NPG (Northern Electric),0.0032902233253609,300.0,0.0032902233253609
Commercial,Retail - Other,ICT equipment,NPG (Yorkshire Electric),0.0041960220228663,300.0,0.0041960220228663
Commercial,Retail - Other,ICT equipment,SPEN (SP Distribution),0.0026828371141691,300.0,0.0026828371141691
Commercial,Retail - Other,ICT equipment,SPEN (SP MANWEB),0.0029374126849678,300.0,0.0029374126849678
Commercial,Retail - Other,ICT equipment,SSE,0.0008925575701616,300.0,0.0008925575701616
Commercial,Retail - Other,ICT equipment,SSE (Southern),0.0055442043240407,300.0,0.0055442043240407
Commercial,Retail - Other,ICT equipment,UKPN (East),0.006209106108424,300.0,0.006209106108424
Commercial,Retail - Other,ICT equipment,UKPN (London),0.0044718788967434,300.0,0.0044718788967434
Commercial,Retail - Other,ICT equipment,UKPN (South),0.003590037703568,300.0,0.003590037703568
Commercial,Retail - Other,ICT equipment,WPD (East Midlands),0.0044543683655271,300.0,0.0044543683655271
Commercial,Retail - Other,ICT equipment,WPD (Midlands),0.0042040934566927,300.0,0.0042040934566927
Commercial,Retail - Other,ICT equipment,WPD (South Wales),0.0026728743619707,300.0,0.0026728743619707
Commercial,Retail - Other,ICT equipment,WPD (South West),0.0026532997092334,300.0,0.0026532997092334
Commercial,Retail - Other,Cooled storage,ENWL,0.0456902171829897,200.0,0.0456902171829897
Commercial,Retail - Other,Cooled storage,NPG (Northern Electric),0.0340398083820839,200.0,0.0340398083820839
Commercial,Retail - Other,Cooled storage,NPG (Yorkshire Electric),0.0434109698646993,200.0,0.0434109698646993
Commercial,Retail - Other,Cooled storage,SPEN (SP Distribution),0.0277559461033366,200.0,0.0277559461033366
Commercial,Retail - Other,Cooled storage,SPEN (SP MANWEB),0.0303897197994729,200.0,0.0303897197994729
Commercial,Retail - Other,Cooled storage,SSE,0.0092341721682209,200.0,0.0092341721682209
Commercial,Retail - Other,Cooled storage,SSE (Southern),0.057358918881521,200.0,0.057358918881521
Commercial,Retail - Other,Cooled storage,UKPN (East),0.0642378225592312,200.0,0.0642378225592312
Commercial,Retail - Other,Cooled storage,UKPN (London),0.0462649144754738,200.0,0.0462649144754738
Commercial,Retail - Other,Cooled storage,UKPN (South),0.0371416112006648,200.0,0.0371416112006648
Commercial,Retail - Other,Cooled storage,WPD (East Midlands),0.0460837550013807,200.0,0.0460837550013807
Commercial,Retail - Other,Cooled storage,WPD (Midlands),0.0434944748531606,200.0,0.0434944748531606
Commercial,Retail - Other,Cooled storage,WPD (South Wales),0.0276528740190871,200.0,0.0276528740190871
Commercial,Retail - Other,Cooled storage,WPD (South West),0.027450359672056,200.0,0.027450359672056
Commercial,Retail - Other,Other,ENWL,0.2191903570765349,400.0,0.2191903570765349
Commercial,Retail - Other,Other,NPG (Northern Electric),0.1632996780077371,400.0,0.1632996780077371
Commercial,Retail - Other,Other,NPG (Yorkshire Electric),0.2082560900853986,400.0,0.2082560900853986
Commercial,Retail - Other,Other,SPEN (SP Distribution),0.1331540122258909,400.0,0.1331540122258909
Commercial,Retail - Other,Other,SPEN (SP MANWEB),0.1457890538717385,400.0,0.1457890538717385
Commercial,Retail - Other,Other,SSE,0.0442992312063708,400.0,0.0442992312063708
Commercial,Retail - Other,Other,SSE (Southern),0.275168792934635,400.0,0.275168792934635
Commercial,Retail - Other,Other,UKPN (East),0.3081690596519864,400.0,0.3081690596519864
Commercial,Retail - Other,Other,UKPN (London),0.2219473609280595,400.0,0.2219473609280595
Commercial,Retail - Other,Other,UKPN (South),0.1781800027096924,400.0,0.1781800027096924
Commercial,Retail - Other,Other,WPD (East Midlands),0.221078281894024,400.0,0.221078281894024
Commercial,Retail - Other,Other,WPD (Midlands),0.2086566898060172,400.0,0.2086566898060172
Commercial,Retail - Other,Other,WPD (South Wales),0.1326595429862108,400.0,0.1326595429862108
Commercial,Retail - Other,Other,WPD (South West),0.1316880179032577,400.0,0.1316880179032577
Commercial,"Arts, leisure and community",Heating,ENWL,0.8977442910946778,225.0,0.8977442910946778
Commercial,"Arts, leisure and community",Heating,NPG (Northern Electric),0.7375530217643732,225.0,0.7375530217643732
Commercial,"Arts, leisure and community",Heating,NPG (Yorkshire Electric),0.9990145257016588,225.0,0.9990145257016588
Commercial,"Arts, leisure and community",Heating,SPEN (SP Distribution),1.9954068077889155,225.0,1.9954068077889155
Commercial,"Arts, leisure and community",Heating,SPEN (SP MANWEB),0.6563014624113036,225.0,0.6563014624113036
Commercial,"Arts, leisure and community",Heating,SSE,0.7493526791641849,225.0,0.7493526791641849
Commercial,"Arts, leisure and community",Heating,SSE (Southern),1.3962622319222169,225.0,1.3962622319222169
Commercial,"Arts, leisure and community",Heating,UKPN (East),1.7084686700105212,225.0,1.7084686700105212
Commercial,"Arts, leisure and community",Heating,UKPN (London),1.047917567661428,225.0,1.047917567661428
Commercial,"Arts, leisure and community",Heating,UKPN (South),0.8866960998043005,225.0,0.8866960998043005
Commercial,"Arts, leisure and community",Heating,WPD (East Midlands),1.062048559757609,225.0,1.062048559757609
Commercial,"Arts, leisure and community",Heating,WPD (Midlands),0.8447206988682265,225.0,0.8447206988682265
Commercial,"Arts, leisure and community",Heating,WPD (South Wales),0.689646751289516,225.0,0.689646751289516
Commercial,"Arts, leisure and community",Heating,WPD (South West),0.5470039715301687,225.0,0.5470039715301687
Commercial,"Arts, leisure and community",Hot Water,ENWL,0.053017993444193,250.0,0.053017993444193
Commercial,"Arts, leisure and community",Hot Water,NPG (Northern Electric),0.0435575939168232,250.0,0.0435575939168232
Commercial,"Arts, leisure and community",Hot Water,NPG (Yorkshire Electric),0.05899869940662,250.0,0.05899869940662
Commercial,"Arts, leisure and community",Hot Water,SPEN (SP Distribution),0.1178425372383613,250.0,0.1178425372383613
Commercial,"Arts, leisure and community",Hot Water,SPEN (SP MANWEB),0.038759128826214,250.0,0.038759128826214
Commercial,"Arts, leisure and community",Hot Water,SSE,0.0442544450857725,250.0,0.0442544450857725
Commercial,"Arts, leisure and community",Hot Water,SSE (Southern),0.0824589168572272,250.0,0.0824589168572272
Commercial,"Arts, leisure and community",Hot Water,UKPN (East),0.1008968607706515,250.0,0.1008968607706515
Commercial,"Arts, leisure and community",Hot Water,UKPN (London),0.0618867613901306,250.0,0.0618867613901306
Commercial,"Arts, leisure and community",Hot Water,UKPN (South),0.0523655215329663,250.0,0.0523655215329663
Commercial,"Arts, leisure and community",Hot Water,WPD (East Midlands),0.0627212939555248,250.0,0.0627212939555248
Commercial,"Arts, leisure and community",Hot Water,WPD (Midlands),0.0498865845419747,250.0,0.0498865845419747
Commercial,"Arts, leisure and community",Hot Water,WPD (South Wales),0.0407283981656871,250.0,0.0407283981656871
Commercial,"Arts, leisure and community",Hot Water,WPD (South West),0.0323043580050742,250.0,0.0323043580050742
Commercial,"Arts, leisure and community",Cooling & humidification,ENWL,0.0324906194140626,225.0,0.0324906194140626
Commercial,"Arts, leisure and community",Cooling & humidification,NPG (Northern Electric),0.0266930737021093,225.0,0.0266930737021093
Commercial,"Arts, leisure and community",Cooling & humidification,NPG (Yorkshire Electric),0.0361557306080042,225.0,0.0361557306080042
Commercial,"Arts, leisure and community",Cooling & humidification,SPEN (SP Distribution),0.0722165585581675,225.0,0.0722165585581675
Commercial,"Arts, leisure and community",Cooling & humidification,SPEN (SP MANWEB),0.0237524663176606,225.0,0.0237524663176606
Commercial,"Arts, leisure and community",Cooling & humidification,SSE,0.0271201197792569,225.0,0.0271201197792569
Commercial,"Arts, leisure and community",Cooling & humidification,SSE (Southern),0.0505326797726527,225.0,0.0505326797726527
Commercial,"Arts, leisure and community",Cooling & humidification,UKPN (East),0.0618318667005676,225.0,0.0618318667005676
Commercial,"Arts, leisure and community",Cooling & humidification,UKPN (London),0.0379255999797909,225.0,0.0379255999797909
Commercial,"Arts, leisure and community",Cooling & humidification,UKPN (South),0.0320907699446868,225.0,0.0320907699446868
Commercial,"Arts, leisure and community",Cooling & humidification,WPD (East Midlands),0.0384370203148401,225.0,0.0384370203148401
Commercial,"Arts, leisure and community",Cooling & humidification,WPD (Midlands),0.030571621574605,225.0,0.030571621574605
Commercial,"Arts, leisure and community",Cooling & humidification,WPD (South Wales),0.0249592788821525,225.0,0.0249592788821525
Commercial,"Arts, leisure and community",Cooling & humidification,WPD (South West),0.0197968375107084,225.0,0.0197968375107084
Commercial,"Arts, leisure and community",Fans,ENWL,0.0334886501844234,200.0,0.0334886501844234
Commercial,"Arts, leisure and community",Fans,NPG (Northern Electric),0.0275130183319947,200.0,0.0275130183319947
Commercial,"Arts, leisure and community",Fans,NPG (Yorkshire Electric),0.0372663444504736,200.0,0.0372663444504736
Commercial,"Arts, leisure and community",Fans,SPEN (SP Distribution),0.0744348710702218,200.0,0.0744348710702218
Commercial,"Arts, leisure and community",Fans,SPEN (SP MANWEB),0.024482082824963,200.0,0.024482082824963
Commercial,"Arts, leisure and community",Fans,SSE,0.0279531821992319,200.0,0.0279531821992319
Commercial,"Arts, leisure and community",Fans,SSE (Southern),0.0520849176256517,200.0,0.0520849176256517
Commercial,"Arts, leisure and community",Fans,UKPN (East),0.0637311873866269,200.0,0.0637311873866269
Commercial,"Arts, leisure and community",Fans,UKPN (London),0.0390905797938674,200.0,0.0390905797938674
Commercial,"Arts, leisure and community",Fans,UKPN (South),0.0330765183368982,200.0,0.0330765183368982
Commercial,"Arts, leisure and community",Fans,WPD (East Midlands),0.0396177096857109,200.0,0.0396177096857109
Commercial,"Arts, leisure and community",Fans,WPD (Midlands),0.0315107055188796,200.0,0.0315107055188796
Commercial,"Arts, leisure and community",Fans,WPD (South Wales),0.0257259656606638,200.0,0.0257259656606638
Commercial,"Arts, leisure and community",Fans,WPD (South West),0.0204049469696179,200.0,0.0204049469696179
Commercial,"Arts, leisure and community",Lighting,ENWL,0.0602784681702297,175.0,0.0602784681702297
Commercial,"Arts, leisure and community",Lighting,NPG (Northern Electric),0.0495225275028698,175.0,0.0495225275028698
Commercial,"Arts, leisure and community",Lighting,NPG (Yorkshire Electric),0.0670781935195328,175.0,0.0670781935195328
Commercial,"Arts, leisure and community",Lighting,SPEN (SP Distribution),0.1339803181630914,175.0,0.1339803181630914
Commercial,"Arts, leisure and community",Lighting,SPEN (SP MANWEB),0.0440669433428486,175.0,0.0440669433428486
Commercial,"Arts, leisure and community",Lighting,SSE,0.0503148079774433,175.0,0.0503148079774433
Commercial,"Arts, leisure and community",Lighting,SSE (Southern),0.0937511375333726,175.0,0.0937511375333726
Commercial,"Arts, leisure and community",Lighting,UKPN (East),0.1147140398069132,175.0,0.1147140398069132
Commercial,"Arts, leisure and community",Lighting,UKPN (London),0.0703617570993189,175.0,0.0703617570993189
Commercial,"Arts, leisure and community",Lighting,UKPN (South),0.0595366444085619,175.0,0.0595366444085619
Commercial,"Arts, leisure and community",Lighting,WPD (East Midlands),0.0713105735560014,175.0,0.0713105735560014
Commercial,"Arts, leisure and community",Lighting,WPD (Midlands),0.056718232869378,175.0,0.056718232869378
Commercial,"Arts, leisure and community",Lighting,WPD (South Wales),0.0463058915090592,175.0,0.0463058915090592
Commercial,"Arts, leisure and community",Lighting,WPD (South West),0.0367282329878867,175.0,0.0367282329878867
Commercial,"Arts, leisure and community",Catering,ENWL,0.0851493217079937,300.0,0.0851493217079937
Commercial,"Arts, leisure and community",Catering,NPG (Northern Electric),0.0699554874922555,300.0,0.0699554874922555
Commercial,"Arts, leisure and community",Catering,NPG (Yorkshire Electric),0.0947546089501761,300.0,0.0947546089501761
Commercial,"Arts, leisure and community",Catering,SPEN (SP Distribution),0.1892605031300839,300.0,0.1892605031300839
Commercial,"Arts, leisure and community",Catering,SPEN (SP MANWEB),0.0622489331479282,300.0,0.0622489331479282
Commercial,"Arts, leisure and community",Catering,SSE,0.0710746623329616,300.0,0.0710746623329616
Commercial,"Arts, leisure and community",Catering,SSE (Southern),0.1324327908893689,300.0,0.1324327908893689
Commercial,"Arts, leisure and community",Catering,UKPN (East),0.1620449718854431,300.0,0.1620449718854431
Commercial,"Arts, leisure and community",Catering,UKPN (London),0.099392968551722,300.0,0.099392968551722
Commercial,"Arts, leisure and community",Catering,UKPN (South),0.0841014219844225,300.0,0.0841014219844225
Commercial,"Arts, leisure and community",Catering,WPD (East Midlands),0.1007332660105714,300.0,0.1007332660105714
Commercial,"Arts, leisure and community",Catering,WPD (Midlands),0.0801201358280164,300.0,0.0801201358280164
Commercial,"Arts, leisure and community",Catering,WPD (South Wales),0.0654116697515492,300.0,0.0654116697515492
Commercial,"Arts, leisure and community",Catering,WPD (South West),0.051882276066137,300.0,0.051882276066137
Commercial,"Arts, leisure and community",Small power,ENWL,0.0013218803233202,350.0,0.0013218803233202
Commercial,"Arts, leisure and community",Small power,NPG (Northern Electric),0.0010860072701625,350.0,0.0010860072701625
Commercial,"Arts, leisure and community",Small power,NPG (Yorkshire Electric),0.0014709953127364,350.0,0.0014709953127364
Commercial,"Arts, leisure and community",Small power,SPEN (SP Distribution),0.0029381295123795,350.0,0.0029381295123795
Commercial,"Arts, leisure and community",Small power,SPEN (SP MANWEB),0.000966368706472,350.0,0.000966368706472
Commercial,"Arts, leisure and community",Small power,SSE,0.0011033816328774,350.0,0.0011033816328774
Commercial,"Arts, leisure and community",Small power,SSE (Southern),0.0020559212560657,350.0,0.0020559212560657
Commercial,"Arts, leisure and community",Small power,UKPN (East),0.0025156284927663,350.0,0.0025156284927663
Commercial,"Arts, leisure and community",Small power,UKPN (London),0.0015430024193907,350.0,0.0015430024193907
Commercial,"Arts, leisure and community",Small power,UKPN (South),0.0013056124541509,350.0,0.0013056124541509
Commercial,"Arts, leisure and community",Small power,WPD (East Midlands),0.0015638095474184,350.0,0.0015638095474184
Commercial,"Arts, leisure and community",Small power,WPD (Midlands),0.0012438059273801,350.0,0.0012438059273801
Commercial,"Arts, leisure and community",Small power,WPD (South Wales),0.0010154678560637,350.0,0.0010154678560637
Commercial,"Arts, leisure and community",Small power,WPD (South West),0.0008054340126876,350.0,0.0008054340126876
Commercial,"Arts, leisure and community",ICT equipment,ENWL,0.0002415878134752,300.0,0.0002415878134752
Commercial,"Arts, leisure and community",ICT equipment,NPG (Northern Electric),0.0001984794819834,300.0,0.0001984794819834
Commercial,"Arts, leisure and community",ICT equipment,NPG (Yorkshire Electric),0.0002688401778639,300.0,0.0002688401778639
Commercial,"Arts, leisure and community",ICT equipment,SPEN (SP Distribution),0.0005369746958785,300.0,0.0005369746958785
Commercial,"Arts, leisure and community",ICT equipment,SPEN (SP MANWEB),0.0001766142506918,300.0,0.0001766142506918
Commercial,"Arts, leisure and community",ICT equipment,SSE,0.0002016548332046,300.0,0.0002016548332046
Commercial,"Arts, leisure and community",ICT equipment,SSE (Southern),0.0003757416705338,300.0,0.0003757416705338
Commercial,"Arts, leisure and community",ICT equipment,UKPN (East),0.0004597581009125,300.0,0.0004597581009125
Commercial,"Arts, leisure and community",ICT equipment,UKPN (London),0.0002820002492746,300.0,0.0002820002492746
Commercial,"Arts, leisure and community",ICT equipment,UKPN (South),0.0002386146858227,300.0,0.0002386146858227
Commercial,"Arts, leisure and community",ICT equipment,WPD (East Midlands),0.0002858029751918,300.0,0.0002858029751918
Commercial,"Arts, leisure and community",ICT equipment,WPD (Midlands),0.0002273188798427,300.0,0.0002273188798427
Commercial,"Arts, leisure and community",ICT equipment,WPD (South Wales),0.0001855876471363,300.0,0.0001855876471363
Commercial,"Arts, leisure and community",ICT equipment,WPD (South West),0.0001472017084988,300.0,0.0001472017084988
Commercial,"Arts, leisure and community",Cooled storage,ENWL,0.0252727819549987,200.0,0.0252727819549987
Commercial,"Arts, leisure and community",Cooled storage,NPG (Northern Electric),0.0207631692946467,200.0,0.0207631692946467
Commercial,"Arts, leisure and community",Cooled storage,NPG (Yorkshire Electric),0.0281236834679819,200.0,0.0281236834679819
Commercial,"Arts, leisure and community",Cooled storage,SPEN (SP Distribution),0.0561735470389652,200.0,0.0561735470389652
Commercial,"Arts, leisure and community",Cooled storage,SPEN (SP MANWEB),0.0184758220361865,200.0,0.0184758220361865
Commercial,"Arts, leisure and community",Cooled storage,SSE,0.0210953464764648,200.0,0.0210953464764648
Commercial,"Arts, leisure and community",Cooled storage,SSE (Southern),0.0393067728632858,200.0,0.0393067728632858
Commercial,"Arts, leisure and community",Cooled storage,UKPN (East),0.0480958292939665,200.0,0.0480958292939665
Commercial,"Arts, leisure and community",Cooled storage,UKPN (London),0.029500373833652,200.0,0.029500373833652
Commercial,"Arts, leisure and community",Cooled storage,UKPN (South),0.0249617596157329,200.0,0.0249617596157329
Commercial,"Arts, leisure and community",Cooled storage,WPD (East Midlands),0.0298981814115973,200.0,0.0298981814115973
Commercial,"Arts, leisure and community",Cooled storage,WPD (Midlands),0.0237800922235209,200.0,0.0237800922235209
Commercial,"Arts, leisure and community",Cooled storage,WPD (South Wales),0.0194145394676478,200.0,0.0194145394676478
Commercial,"Arts, leisure and community",Cooled storage,WPD (South West),0.0153989418124212,200.0,0.0153989418124212
Commercial,"Arts, leisure and community",Other,ENWL,0.1377341523920667,400.0,0.1377341523920667
Commercial,"Arts, leisure and community",Other,NPG (Northern Electric),0.1131572111397699,400.0,0.1131572111397699
Commercial,"Arts, leisure and community",Other,NPG (Yorkshire Electric),0.153271282579918,400.0,0.153271282579918
Commercial,"Arts, leisure and community",Other,SPEN (SP Distribution),0.3061402540505615,400.0,0.3061402540505615
Commercial,"Arts, leisure and community",Other,SPEN (SP MANWEB),0.1006913956853684,400.0,0.1006913956853684
Commercial,"Arts, leisure and community",Other,SSE,0.1149675437997505,400.0,0.1149675437997505
Commercial,"Arts, leisure and community",Other,SSE (Southern),0.2142180094471691,400.0,0.2142180094471691
Commercial,"Arts, leisure and community",Other,UKPN (East),0.2621174943539507,400.0,0.2621174943539507
Commercial,"Arts, leisure and community",Other,UKPN (London),0.1607741083851474,400.0,0.1607741083851474
Commercial,"Arts, leisure and community",Other,UKPN (South),0.1360391115235918,400.0,0.1360391115235918
Commercial,"Arts, leisure and community",Other,WPD (East Midlands),0.1629421201877657,400.0,0.1629421201877657
Commercial,"Arts, leisure and community",Other,WPD (Midlands),0.1295991415604327,400.0,0.1295991415604327
Commercial,"Arts, leisure and community",Other,WPD (South Wales),0.1058073124842476,400.0,0.1058073124842476
Commercial,"Arts, leisure and community",Other,WPD (South West),0.0839227039605383,400.0,0.0839227039605383
Commercial,Emergency Services & Military,Heating,ENWL,0.1301358656691886,300.0,0.1301358656691886
Commercial,Emergency Services & Military,Heating,NPG (Northern Electric),0.0780510388183951,300.0,0.0780510388183951
Commercial,Emergency Services & Military,Heating,NPG (Yorkshire Electric),0.1511923957661292,300.0,0.1511923957661292
Commercial,Emergency Services & Military,Heating,SPEN (SP Distribution),0.3362642797472326,300.0,0.3362642797472326
Commercial,Emergency Services & Military,Heating,SPEN (SP MANWEB),0.0836279888336315,300.0,0.0836279888336315
Commercial,Emergency Services & Military,Heating,SSE,0.1761080139574141,300.0,0.1761080139574141
Commercial,Emergency Services & Military,Heating,SSE (Southern),0.1732154517552973,300.0,0.1732154517552973
Commercial,Emergency Services & Military,Heating,UKPN (East),0.1579477742416266,300.0,0.1579477742416266
Commercial,Emergency Services & Military,Heating,UKPN (London),0.1655552482971891,300.0,0.1655552482971891
Commercial,Emergency Services & Military,Heating,UKPN (South),0.0921766474434416,300.0,0.0921766474434416
Commercial,Emergency Services & Military,Heating,WPD (East Midlands),0.1090847754130066,300.0,0.1090847754130066
Commercial,Emergency Services & Military,Heating,WPD (Midlands),0.1466019076318564,300.0,0.1466019076318564
Commercial,Emergency Services & Military,Heating,WPD (South Wales),0.0792436853980043,300.0,0.0792436853980043
Commercial,Emergency Services & Military,Heating,WPD (South West),0.0776060891017999,300.0,0.0776060891017999
Commercial,Emergency Services & Military,Hot Water,ENWL,0.0292581852553028,250.0,0.0292581852553028
Commercial,Emergency Services & Military,Hot Water,NPG (Northern Electric),0.0175480582649101,250.0,0.0175480582649101
Commercial,Emergency Services & Military,Hot Water,NPG (Yorkshire Electric),0.0339922826176413,250.0,0.0339922826176413
Commercial,Emergency Services & Military,Hot Water,SPEN (SP Distribution),0.0756016225119321,250.0,0.0756016225119321
Commercial,Emergency Services & Military,Hot Water,SPEN (SP MANWEB),0.0188019127335939,250.0,0.0188019127335939
Commercial,Emergency Services & Military,Hot Water,SSE,0.0395940110039121,250.0,0.0395940110039121
Commercial,Emergency Services & Military,Hot Water,SSE (Southern),0.0389436820547263,250.0,0.0389436820547263
Commercial,Emergency Services & Military,Hot Water,UKPN (East),0.0355110807897627,250.0,0.0355110807897627
Commercial,Emergency Services & Military,Hot Water,UKPN (London),0.03722145389942,250.0,0.03722145389942
Commercial,Emergency Services & Military,Hot Water,UKPN (South),0.0207238904758865,250.0,0.0207238904758865
Commercial,Emergency Services & Military,Hot Water,WPD (East Midlands),0.0245253109214342,250.0,0.0245253109214342
Commercial,Emergency Services & Military,Hot Water,WPD (Midlands),0.0329602123920031,250.0,0.0329602123920031
Commercial,Emergency Services & Military,Hot Water,WPD (South Wales),0.0178161985995586,250.0,0.0178161985995586
Commercial,Emergency Services & Military,Hot Water,WPD (South West),0.0174480211139641,250.0,0.0174480211139641
Commercial,Emergency Services & Military,Cooling & humidification,ENWL,0.0048316123578159,225.0,0.0048316123578159
Commercial,Emergency Services & Military,Cooling & humidification,NPG (Northern Electric),0.0028978357484782,225.0,0.0028978357484782
Commercial,Emergency Services & Military,Cooling & humidification,NPG (Yorkshire Electric),0.0056133875471993,225.0,0.0056133875471993
Commercial,Emergency Services & Military,Cooling & humidification,SPEN (SP Distribution),0.012484633972074,225.0,0.012484633972074
Commercial,Emergency Services & Military,Cooling & humidification,SPEN (SP MANWEB),0.0031048936604072,225.0,0.0031048936604072
Commercial,Emergency Services & Military,Cooling & humidification,SSE,0.0065384408223791,225.0,0.0065384408223791
Commercial,Emergency Services & Military,Cooling & humidification,SSE (Southern),0.0064310473746955,225.0,0.0064310473746955
Commercial,Emergency Services & Military,Cooling & humidification,UKPN (East),0.005864197498446,225.0,0.005864197498446
Commercial,Emergency Services & Military,Cooling & humidification,UKPN (London),0.0061466435825414,225.0,0.0061466435825414
Commercial,Emergency Services & Military,Cooling & humidification,UKPN (South),0.0034222835234516,225.0,0.0034222835234516
Commercial,Emergency Services & Military,Cooling & humidification,WPD (East Midlands),0.0040500391358279,225.0,0.0040500391358279
Commercial,Emergency Services & Military,Cooling & humidification,WPD (Midlands),0.0054429544457333,225.0,0.0054429544457333
Commercial,Emergency Services & Military,Cooling & humidification,WPD (South Wales),0.0029421156702577,225.0,0.0029421156702577
Commercial,Emergency Services & Military,Cooling & humidification,WPD (South West),0.0028813159017914,225.0,0.0028813159017914
Commercial,Emergency Services & Military,Fans,ENWL,0.0091581420429489,200.0,0.0091581420429489
Commercial,Emergency Services & Military,Fans,NPG (Northern Electric),0.0054927401944337,200.0,0.0054927401944337
Commercial,Emergency Services & Military,Fans,NPG (Yorkshire Electric),0.0106399679221391,200.0,0.0106399679221391
Commercial,Emergency Services & Military,Fans,SPEN (SP Distribution),0.0236641606989687,200.0,0.0236641606989687
Commercial,Emergency Services & Military,Fans,SPEN (SP MANWEB),0.0058852107877119,200.0,0.0058852107877119
Commercial,Emergency Services & Military,Fans,SSE,0.0123933720994603,200.0,0.0123933720994603
Commercial,Emergency Services & Military,Fans,SSE (Southern),0.0121898118020832,200.0,0.0121898118020832
Commercial,Emergency Services & Military,Fans,UKPN (East),0.011115368883391,200.0,0.011115368883391
Commercial,Emergency Services & Military,Fans,UKPN (London),0.0116507349612253,200.0,0.0116507349612253
Commercial,Emergency Services & Military,Fans,UKPN (South),0.0064868115026473,200.0,0.0064868115026473
Commercial,Emergency Services & Military,Fans,WPD (East Midlands),0.0076766989854667,200.0,0.0076766989854667
Commercial,Emergency Services & Military,Fans,WPD (Midlands),0.0103169182988553,200.0,0.0103169182988553
Commercial,Emergency Services & Military,Fans,WPD (South Wales),0.0055766711440373,200.0,0.0055766711440373
Commercial,Emergency Services & Military,Fans,WPD (South West),0.0054614274376807,200.0,0.0054614274376807
Commercial,Emergency Services & Military,Lighting,ENWL,0.0291513729608651,175.0,0.0291513729608651
Commercial,Emergency Services & Military,Lighting,NPG (Northern Electric),0.0174839959059549,175.0,0.0174839959059549
Commercial,Emergency Services & Military,Lighting,NPG (Yorkshire Electric),0.0338681876449735,175.0,0.0338681876449735
Commercial,Emergency Services & Military,Lighting,SPEN (SP Distribution),0.0753256251220307,175.0,0.0753256251220307
Commercial,Emergency Services & Military,Lighting,SPEN (SP MANWEB),0.0187332729522346,175.0,0.0187332729522346
Commercial,Emergency Services & Military,Lighting,SSE,0.0394494659091149,175.0,0.0394494659091149
Commercial,Emergency Services & Military,Lighting,SSE (Southern),0.0388015111033217,175.0,0.0388015111033217
Commercial,Emergency Services & Military,Lighting,UKPN (East),0.035381441169806,175.0,0.035381441169806
Commercial,Emergency Services & Military,Lighting,UKPN (London),0.037085570253233,175.0,0.037085570253233
Commercial,Emergency Services & Military,Lighting,UKPN (South),0.0206482341673325,175.0,0.0206482341673325
Commercial,Emergency Services & Military,Lighting,WPD (East Midlands),0.02443577684034,175.0,0.02443577684034
Commercial,Emergency Services & Military,Lighting,WPD (Midlands),0.032839885178267,175.0,0.032839885178267
Commercial,Emergency Services & Military,Lighting,WPD (South Wales),0.0177511573458386,175.0,0.0177511573458386
Commercial,Emergency Services & Military,Lighting,WPD (South West),0.0173843239587127,175.0,0.0173843239587127
Commercial,Emergency Services & Military,Catering,ENWL,0.0026754772306736,300.0,0.0026754772306736
Commercial,Emergency Services & Military,Catering,NPG (Northern Electric),0.0016046596848241,300.0,0.0016046596848241
Commercial,Emergency Services & Military,Catering,NPG (Yorkshire Electric),0.0031083806930794,300.0,0.0031083806930794
Commercial,Emergency Services & Military,Catering,SPEN (SP Distribution),0.0069132934208898,300.0,0.0069132934208898
Commercial,Emergency Services & Military,Catering,SPEN (SP MANWEB),0.0017193167987999,300.0,0.0017193167987999
Commercial,Emergency Services & Military,Catering,SSE,0.0036206235618393,300.0,0.0036206235618393
Commercial,Emergency Services & Military,Catering,SSE (Southern),0.0035611550650473,300.0,0.0035611550650473
Commercial,Emergency Services & Military,Catering,UKPN (East),0.0032472652442585,300.0,0.0032472652442585
Commercial,Emergency Services & Military,Catering,UKPN (London),0.0034036681199296,300.0,0.0034036681199296
Commercial,Emergency Services & Military,Catering,UKPN (South),0.0018950695887456,300.0,0.0018950695887456
Commercial,Emergency Services & Military,Catering,WPD (East Midlands),0.002242685606538,300.0,0.002242685606538
Commercial,Emergency Services & Military,Catering,WPD (Midlands),0.0030140043547981,300.0,0.0030140043547981
Commercial,Emergency Services & Military,Catering,WPD (South Wales),0.0016291794338693,300.0,0.0016291794338693
Commercial,Emergency Services & Military,Catering,WPD (South West),0.0015955119158411,300.0,0.0015955119158411
Commercial,Emergency Services & Military,Small power,ENWL,0.0054476854211991,350.0,0.0054476854211991
Commercial,Emergency Services & Military,Small power,NPG (Northern Electric),0.0032673352891146,350.0,0.0032673352891146
Commercial,Emergency Services & Military,Small power,NPG (Yorkshire Electric),0.0063291438219273,350.0,0.0063291438219273
Commercial,Emergency Services & Military,Small power,SPEN (SP Distribution),0.0140765345896702,350.0,0.0140765345896702
Commercial,Emergency Services & Military,Small power,SPEN (SP MANWEB),0.0035007949056202,350.0,0.0035007949056202
Commercial,Emergency Services & Military,Small power,SSE,0.0073721495243357,350.0,0.0073721495243357
Commercial,Emergency Services & Military,Small power,SSE (Southern),0.0072510624676865,350.0,0.0072510624676865
Commercial,Emergency Services & Military,Small power,UKPN (East),0.006611934247506,350.0,0.006611934247506
Commercial,Emergency Services & Military,Small power,UKPN (London),0.0069303946910704,350.0,0.0069303946910704
Commercial,Emergency Services & Military,Small power,UKPN (South),0.0038586547672348,350.0,0.0038586547672348
Commercial,Emergency Services & Military,Small power,WPD (East Midlands),0.0045664547404852,350.0,0.0045664547404852
Commercial,Emergency Services & Military,Small power,WPD (Midlands),0.0061369790012864,350.0,0.0061369790012864
Commercial,Emergency Services & Military,Small power,WPD (South Wales),0.0033172612903055,350.0,0.0033172612903055
Commercial,Emergency Services & Military,Small power,WPD (South West),0.0032487090167046,350.0,0.0032487090167046
Commercial,Emergency Services & Military,ICT equipment,ENWL,0.0003604732606825,300.0,0.0003604732606825
Commercial,Emergency Services & Military,ICT equipment,NPG (Northern Electric),0.0002161995259174,300.0,0.0002161995259174
Commercial,Emergency Services & Military,ICT equipment,NPG (Yorkshire Electric),0.0004187993495257,300.0,0.0004187993495257
Commercial,Emergency Services & Military,ICT equipment,SPEN (SP Distribution),0.0009314440776818,300.0,0.0009314440776818
Commercial,Emergency Services & Military,ICT equipment,SPEN (SP MANWEB),0.0002316475451572,300.0,0.0002316475451572
Commercial,Emergency Services & Military,ICT equipment,SSE,0.0004878150208408,300.0,0.0004878150208408
Commercial,Emergency Services & Military,ICT equipment,SSE (Southern),0.0004798026921614,300.0,0.0004798026921614
Commercial,Emergency Services & Military,ICT equipment,UKPN (East),0.0004375115876446,300.0,0.0004375115876446
Commercial,Emergency Services & Military,ICT equipment,UKPN (London),0.0004585841103059,300.0,0.0004585841103059
Commercial,Emergency Services & Military,ICT equipment,UKPN (South),0.0002553271267061,300.0,0.0002553271267061
Commercial,Emergency Services & Military,ICT equipment,WPD (East Midlands),0.0003021622400692,300.0,0.0003021622400692
Commercial,Emergency Services & Military,ICT equipment,WPD (Midlands),0.0004060838062942,300.0,0.0004060838062942
Commercial,Emergency Services & Military,ICT equipment,WPD (South Wales),0.0002195031286496,300.0,0.0002195031286496
Commercial,Emergency Services & Military,ICT equipment,WPD (South West),0.000214967025758,300.0,0.000214967025758
Commercial,Emergency Services & Military,Cooled storage,ENWL,0.0001512121590442,200.0,0.0001512121590442
Commercial,Emergency Services & Military,Cooled storage,NPG (Northern Electric),9.069187832794896e-05,200.0,9.069187832794896e-05
Commercial,Emergency Services & Military,Cooled storage,NPG (Yorkshire Electric),0.0001756789220043,200.0,0.0001756789220043
Commercial,Emergency Services & Military,Cooled storage,SPEN (SP Distribution),0.0003907243209898,200.0,0.0003907243209898
Commercial,Emergency Services & Military,Cooled storage,SPEN (SP MANWEB),9.71720492504616e-05,200.0,9.71720492504616e-05
Commercial,Emergency Services & Military,Cooled storage,SSE,0.0002046297758004,200.0,0.0002046297758004
Commercial,Emergency Services & Military,Cooled storage,SSE (Southern),0.0002012687455917,200.0,0.0002012687455917
Commercial,Emergency Services & Military,Cooled storage,UKPN (East),0.0001835283750293,200.0,0.0001835283750293
Commercial,Emergency Services & Military,Cooled storage,UKPN (London),0.0001923679256858,200.0,0.0001923679256858
Commercial,Emergency Services & Military,Cooled storage,UKPN (South),0.0001071052150128,200.0,0.0001071052150128
Commercial,Emergency Services & Military,Cooled storage,WPD (East Midlands),0.00012675171694,200.0,0.00012675171694
Commercial,Emergency Services & Military,Cooled storage,WPD (Midlands),0.0001703449764522,200.0,0.0001703449764522
Commercial,Emergency Services & Military,Cooled storage,WPD (South Wales),9.207768126053816e-05,200.0,9.207768126053816e-05
Commercial,Emergency Services & Military,Cooled storage,WPD (South West),9.017486630388873e-05,200.0,9.017486630388873e-05
Commercial,Emergency Services & Military,Other,ENWL,0.0051352198307198,400.0,0.0051352198307198
Commercial,Emergency Services & Military,Other,NPG (Northern Electric),0.0030799291209033,400.0,0.0030799291209033
Commercial,Emergency Services & Military,Other,NPG (Yorkshire Electric),0.005966119985446,400.0,0.005966119985446
Commercial,Emergency Services & Military,Other,SPEN (SP Distribution),0.0132691398242994,400.0,0.0132691398242994
Commercial,Emergency Services & Military,Other,SPEN (SP MANWEB),0.0032999980785724,400.0,0.0032999980785724
Commercial,Emergency Services & Military,Other,SSE,0.0069493014932693,400.0,0.0069493014932693
Commercial,Emergency Services & Military,Other,SSE (Southern),0.0068351596868925,400.0,0.0068351596868925
Commercial,Emergency Services & Military,Other,UKPN (East),0.0062326902605428,400.0,0.0062326902605428
Commercial,Emergency Services & Military,Other,UKPN (London),0.0065328846107392,400.0,0.0065328846107392
Commercial,Emergency Services & Military,Other,UKPN (South),0.0036373319948868,400.0,0.0036373319948868
Commercial,Emergency Services & Military,Other,WPD (East Midlands),0.0043045343345583,400.0,0.0043045343345583
Commercial,Emergency Services & Military,Other,WPD (Midlands),0.0057849772575855,400.0,0.0057849772575855
Commercial,Emergency Services & Military,Other,WPD (South Wales),0.0031269914917198,400.0,0.0031269914917198
Commercial,Emergency Services & Military,Other,WPD (South West),0.003062371204824,400.0,0.003062371204824
Commercial,Storage - cold,Heating,ENWL,0.0,225.0,0.0
Commercial,Storage - cold,Heating,NPG (Northern Electric),0.0,225.0,0.0
Commercial,Storage - cold,Heating,NPG (Yorkshire Electric),0.0,225.0,0.0
Commercial,Storage - cold,Heating,SPEN (SP Distribution),0.0,225.0,0.0
Commercial,Storage - cold,Heating,SPEN (SP MANWEB),0.0,225.0,0.0
Commercial,Storage - cold,Heating,SSE,0.0,225.0,0.0
Commercial,Storage - cold,Heating,SSE (Southern),0.0,225.0,0.0
Commercial,Storage - cold,Heating,UKPN (East),0.0,225.0,0.0
Commercial,Storage - cold,Heating,UKPN (London),0.0,225.0,0.0
Commercial,Storage - cold,Heating,UKPN (South),0.0,225.0,0.0
Commercial,Storage - cold,Heating,WPD (East Midlands),0.0,225.0,0.0
Commercial,Storage - cold,Heating,WPD (Midlands),0.0,225.0,0.0
Commercial,Storage - cold,Heating,WPD (South Wales),0.0,225.0,0.0
Commercial,Storage - cold,Heating,WPD (South West),0.0,225.0,0.0
Commercial,Storage - cold,Hot Water,ENWL,0.0373276447991178,250.0,0.0373276447991178
Commercial,Storage - cold,Hot Water,NPG (Northern Electric),0.0209084692819282,250.0,0.0209084692819282
Commercial,Storage - cold,Hot Water,NPG (Yorkshire Electric),0.0427406149005329,250.0,0.0427406149005329
Commercial,Storage - cold,Hot Water,SPEN (SP Distribution),0.0067635180109054,250.0,0.0067635180109054
Commercial,Storage - cold,Hot Water,SPEN (SP MANWEB),0.0259396210981336,250.0,0.0259396210981336
Commercial,Storage - cold,Hot Water,SSE,0.0019014131403583,250.0,0.0019014131403583
Commercial,Storage - cold,Hot Water,SSE (Southern),0.0430820400692751,250.0,0.0430820400692751
Commercial,Storage - cold,Hot Water,UKPN (East),0.0505602068176141,250.0,0.0505602068176141
Commercial,Storage - cold,Hot Water,UKPN (London),0.0146039891386451,250.0,0.0146039891386451
Commercial,Storage - cold,Hot Water,UKPN (South),0.0191752136017964,250.0,0.0191752136017964
Commercial,Storage - cold,Hot Water,WPD (East Midlands),0.0606240103285023,250.0,0.0606240103285023
Commercial,Storage - cold,Hot Water,WPD (Midlands),0.0424163262372254,250.0,0.0424163262372254
Commercial,Storage - cold,Hot Water,WPD (South Wales),0.0170160218843639,250.0,0.0170160218843639
Commercial,Storage - cold,Hot Water,WPD (South West),0.0194159330424208,250.0,0.0194159330424208
Commercial,Storage - cold,Cooling & humidification,ENWL,0.0088352701005561,225.0,0.0088352701005561
Commercial,Storage - cold,Cooling & humidification,NPG (Northern Electric),0.0049489319374197,225.0,0.0049489319374197
Commercial,Storage - cold,Cooling & humidification,NPG (Yorkshire Electric),0.0101164935249005,225.0,0.0101164935249005
Commercial,Storage - cold,Cooling & humidification,SPEN (SP Distribution),0.0016008914780966,225.0,0.0016008914780966
Commercial,Storage - cold,Cooling & humidification,SPEN (SP MANWEB),0.0061397808498625,225.0,0.0061397808498625
Commercial,Storage - cold,Cooling & humidification,SSE,0.0004500551470155,225.0,0.0004500551470155
Commercial,Storage - cold,Cooling & humidification,SSE (Southern),0.010197307184621,225.0,0.010197307184621
Commercial,Storage - cold,Cooling & humidification,UKPN (East),0.0119673525071733,225.0,0.0119673525071733
Commercial,Storage - cold,Cooling & humidification,UKPN (London),0.0034566924669345,225.0,0.0034566924669345
Commercial,Storage - cold,Cooling & humidification,UKPN (South),0.004538678834935,225.0,0.004538678834935
Commercial,Storage - cold,Cooling & humidification,WPD (East Midlands),0.0143494053459242,225.0,0.0143494053459242
Commercial,Storage - cold,Cooling & humidification,WPD (Midlands),0.0100397359918097,225.0,0.0100397359918097
Commercial,Storage - cold,Cooling & humidification,WPD (South Wales),0.0040276087654178,225.0,0.0040276087654178
Commercial,Storage - cold,Cooling & humidification,WPD (South West),0.0045956559436654,225.0,0.0045956559436654
Commercial,Storage - cold,Fans,ENWL,0.0220091015057202,200.0,0.0220091015057202
Commercial,Storage - cold,Fans,NPG (Northern Electric),0.0123280379791351,200.0,0.0123280379791351
Commercial,Storage - cold,Fans,NPG (Yorkshire Electric),0.0252006933956079,200.0,0.0252006933956079
Commercial,Storage - cold,Fans,SPEN (SP Distribution),0.0039879010647171,200.0,0.0039879010647171
Commercial,Storage - cold,Fans,SPEN (SP MANWEB),0.0152945024214932,200.0,0.0152945024214932
Commercial,Storage - cold,Fans,SSE,0.0011211099718631,200.0,0.0011211099718631
Commercial,Storage - cold,Fans,SSE (Southern),0.0254020042802323,200.0,0.0254020042802323
Commercial,Storage - cold,Fans,UKPN (East),0.0298112760659728,200.0,0.0298112760659728
Commercial,Storage - cold,Fans,UKPN (London),0.0086107945216108,200.0,0.0086107945216108
Commercial,Storage - cold,Fans,UKPN (South),0.0113060768989577,200.0,0.0113060768989577
Commercial,Storage - cold,Fans,WPD (East Midlands),0.0357450893080554,200.0,0.0357450893080554
Commercial,Storage - cold,Fans,WPD (Midlands),0.0250094865261068,200.0,0.0250094865261068
Commercial,Storage - cold,Fans,WPD (South Wales),0.0100329756911257,200.0,0.0100329756911257
Commercial,Storage - cold,Fans,WPD (South West),0.0114480097380536,200.0,0.0114480097380536
Commercial,Storage - cold,Lighting,ENWL,0.2656476776321376,175.0,0.2656476776321376
Commercial,Storage - cold,Lighting,NPG (Northern Electric),0.1487981986937034,175.0,0.1487981986937034
Commercial,Storage - cold,Lighting,NPG (Yorkshire Electric),0.3041698759725784,175.0,0.3041698759725784
Commercial,Storage - cold,Lighting,SPEN (SP Distribution),0.0481335712951978,175.0,0.0481335712951978
Commercial,Storage - cold,Lighting,SPEN (SP MANWEB),0.1846031310161754,175.0,0.1846031310161754
Commercial,Storage - cold,Lighting,SSE,0.0135316864397336,175.0,0.0135316864397336
Commercial,Storage - cold,Lighting,SSE (Southern),0.3065996784326488,175.0,0.3065996784326488
Commercial,Storage - cold,Lighting,UKPN (East),0.3598191526409187,175.0,0.3598191526409187
Commercial,Storage - cold,Lighting,UKPN (London),0.1039314379389332,175.0,0.1039314379389332
Commercial,Storage - cold,Lighting,UKPN (South),0.1364632295669987,175.0,0.1364632295669987
Commercial,Storage - cold,Lighting,WPD (East Midlands),0.4314396913917799,175.0,0.4314396913917799
Commercial,Storage - cold,Lighting,WPD (Midlands),0.301862027975372,175.0,0.301862027975372
Commercial,Storage - cold,Lighting,WPD (South Wales),0.1210970239468672,175.0,0.1210970239468672
Commercial,Storage - cold,Lighting,WPD (South West),0.1381763448923,175.0,0.1381763448923
Commercial,Storage - cold,Catering,ENWL,0.0,300.0,0.0
Commercial,Storage - cold,Catering,NPG (Northern Electric),0.0,300.0,0.0
Commercial,Storage - cold,Catering,NPG (Yorkshire Electric),0.0,300.0,0.0
Commercial,Storage - cold,Catering,SPEN (SP Distribution),0.0,300.0,0.0
Commercial,Storage - cold,Catering,SPEN (SP MANWEB),0.0,300.0,0.0
Commercial,Storage - cold,Catering,SSE,0.0,300.0,0.0
Commercial,Storage - cold,Catering,SSE (Southern),0.0,300.0,0.0
Commercial,Storage - cold,Catering,UKPN (East),0.0,300.0,0.0
Commercial,Storage - cold,Catering,UKPN (London),0.0,300.0,0.0
Commercial,Storage - cold,Catering,UKPN (South),0.0,300.0,0.0
Commercial,Storage - cold,Catering,WPD (East Midlands),0.0,300.0,0.0
Commercial,Storage - cold,Catering,WPD (Midlands),0.0,300.0,0.0
Commercial,Storage - cold,Catering,WPD (South Wales),0.0,300.0,0.0
Commercial,Storage - cold,Catering,WPD (South West),0.0,300.0,0.0
Commercial,Storage - cold,Small power,ENWL,0.0539473876658263,350.0,0.0539473876658263
Commercial,Storage - cold,Small power,NPG (Northern Electric),0.0302177462286037,350.0,0.0302177462286037
Commercial,Storage - cold,Small power,NPG (Yorkshire Electric),0.0617704260079473,350.0,0.0617704260079473
Commercial,Storage - cold,Small power,SPEN (SP Distribution),0.0097749035622985,350.0,0.0097749035622985
Commercial,Storage - cold,Small power,SPEN (SP MANWEB),0.0374889656932959,350.0,0.0374889656932959
Commercial,Storage - cold,Small power,SSE,0.0027479974251745,350.0,0.0027479974251745
Commercial,Storage - cold,Small power,SSE (Southern),0.0622638671568901,350.0,0.0622638671568901
Commercial,Storage - cold,Small power,UKPN (East),0.0730716093215355,350.0,0.0730716093215355
Commercial,Storage - cold,Small power,UKPN (London),0.0211062623363965,350.0,0.0211062623363965
Commercial,Storage - cold,Small power,UKPN (South),0.0277127766114937,350.0,0.0277127766114937
Commercial,Storage - cold,Small power,WPD (East Midlands),0.087616215934579,350.0,0.087616215934579
Commercial,Storage - cold,Small power,WPD (Midlands),0.0613017512139914,350.0,0.0613017512139914
Commercial,Storage - cold,Small power,WPD (South Wales),0.024592227397847,350.0,0.024592227397847
Commercial,Storage - cold,Small power,WPD (South West),0.0280606738616939,350.0,0.0280606738616939
Commercial,Storage - cold,ICT equipment,ENWL,0.0011481482127262,300.0,0.0011481482127262
Commercial,Storage - cold,ICT equipment,NPG (Northern Electric),0.0006431164292865,300.0,0.0006431164292865
Commercial,Storage - cold,ICT equipment,NPG (Yorkshire Electric),0.0013146439019379,300.0,0.0013146439019379
Commercial,Storage - cold,ICT equipment,SPEN (SP Distribution),0.0002080367287503,300.0,0.0002080367287503
Commercial,Storage - cold,ICT equipment,SPEN (SP MANWEB),0.0007978679009322,300.0,0.0007978679009322
Commercial,Storage - cold,ICT equipment,SSE,5.848491407655459e-05,300.0,5.848491407655459e-05
Commercial,Storage - cold,ICT equipment,SSE (Southern),0.0013251456815005,300.0,0.0013251456815005
Commercial,Storage - cold,ICT equipment,UKPN (East),0.0015551640454445,300.0,0.0015551640454445
Commercial,Storage - cold,ICT equipment,UKPN (London),0.0004491990887302,300.0,0.0004491990887302
Commercial,Storage - cold,ICT equipment,UKPN (South),0.0005898038128048,300.0,0.0005898038128048
Commercial,Storage - cold,ICT equipment,WPD (East Midlands),0.001864713122983,300.0,0.001864713122983
Commercial,Storage - cold,ICT equipment,WPD (Midlands),0.0013046692182634,300.0,0.0013046692182634
Commercial,Storage - cold,ICT equipment,WPD (South Wales),0.000523389975965,300.0,0.000523389975965
Commercial,Storage - cold,ICT equipment,WPD (South West),0.000597208019446,300.0,0.000597208019446
Commercial,Storage - cold,Cooled storage,ENWL,7.009505811902221,225.0,7.009505811902221
Commercial,Storage - cold,Cooled storage,NPG (Northern Electric),3.926259953939513,225.0,3.926259953939513
Commercial,Storage - cold,Cooled storage,NPG (Yorkshire Electric),8.025970836409188,225.0,8.025970836409188
Commercial,Storage - cold,Cooled storage,SPEN (SP Distribution),1.270075276955788,225.0,1.270075276955788
Commercial,Storage - cold,Cooled storage,SPEN (SP MANWEB),4.871025906520801,225.0,4.871025906520801
Commercial,Storage - cold,Cooled storage,SSE,0.3570535063193674,225.0,0.3570535063193674
Commercial,Storage - cold,Cooled storage,SSE (Southern),8.09008475834312,225.0,8.09008475834312
Commercial,Storage - cold,Cooled storage,UKPN (East),9.49435908550599,225.0,9.49435908550599
Commercial,Storage - cold,Cooled storage,UKPN (London),2.7423842917276606,225.0,2.7423842917276606
Commercial,Storage - cold,Cooled storage,UKPN (South),3.60078359911513,225.0,3.60078359911513
Commercial,Storage - cold,Cooled storage,WPD (East Midlands),11.384172642697786,225.0,11.384172642697786
Commercial,Storage - cold,Cooled storage,WPD (Midlands),7.965074862864083,225.0,7.965074862864083
Commercial,Storage - cold,Cooled storage,WPD (South Wales),3.195323598255083,225.0,3.195323598255083
Commercial,Storage - cold,Cooled storage,WPD (South West),3.645986673865089,225.0,3.645986673865089
Commercial,Storage - cold,Other,ENWL,0.015799175171567,400.0,0.015799175171567
Commercial,Storage - cold,Other,NPG (Northern Electric),0.0088496493827095,400.0,0.0088496493827095
Commercial,Storage - cold,Other,NPG (Yorkshire Electric),0.0180902509490759,400.0,0.0180902509490759
Commercial,Storage - cold,Other,SPEN (SP Distribution),0.0028627042077101,400.0,0.0028627042077101
Commercial,Storage - cold,Other,SPEN (SP MANWEB),0.0109791180188034,400.0,0.0109791180188034
Commercial,Storage - cold,Other,SSE,0.0008047858213318,400.0,0.0008047858213318
Commercial,Storage - cold,Other,SSE (Southern),0.0182347614339449,400.0,0.0182347614339449
Commercial,Storage - cold,Other,UKPN (East),0.0213999454967226,400.0,0.0213999454967226
Commercial,Storage - cold,Other,UKPN (London),0.0061812360208317,400.0,0.0061812360208317
Commercial,Storage - cold,Other,UKPN (South),0.0081160373304387,400.0,0.0081160373304387
Commercial,Storage - cold,Other,WPD (East Midlands),0.0256595176025018,400.0,0.0256595176025018
Commercial,Storage - cold,Other,WPD (Midlands),0.0179529936046781,400.0,0.0179529936046781
Commercial,Storage - cold,Other,WPD (South Wales),0.0072021450032828,400.0,0.0072021450032828
Commercial,Storage - cold,Other,WPD (South West),0.0082179234427314,400.0,0.0082179234427314
Commercial,Offices,Heating,ENWL,10.892627010635582,200.0,10.892627010635582
Commercial,Offices,Heating,NPG (Northern Electric),6.303325197213645,200.0,6.303325197213645
Commercial,Offices,Heating,NPG (Yorkshire Electric),9.564204341320217,200.0,9.564204341320217
Commercial,Offices,Heating,SPEN (SP Distribution),9.48608151614803,200.0,9.48608151614803
Commercial,Offices,Heating,SPEN (SP MANWEB),5.633171645501546,200.0,5.633171645501546
Commercial,Offices,Heating,SSE,3.777288218966885,200.0,3.777288218966885
Commercial,Offices,Heating,SSE (Southern),18.42329896043397,200.0,18.42329896043397
Commercial,Offices,Heating,UKPN (East),13.734021668533426,200.0,13.734021668533426
Commercial,Offices,Heating,UKPN (London),32.0633528985684,200.0,32.0633528985684
Commercial,Offices,Heating,UKPN (South),8.596732618848382,200.0,8.596732618848382
Commercial,Offices,Heating,WPD (East Midlands),11.113459886223486,200.0,11.113459886223486
Commercial,Offices,Heating,WPD (Midlands),9.979044293798324,200.0,9.979044293798324
Commercial,Offices,Heating,WPD (South Wales),4.662768154622884,200.0,4.662768154622884
Commercial,Offices,Heating,WPD (South West),5.06504219661981,200.0,5.06504219661981
Commercial,Offices,Hot Water,ENWL,1.0022743296241976,250.0,1.0022743296241976
Commercial,Offices,Hot Water,NPG (Northern Electric),0.5799942502641504,250.0,0.5799942502641504
Commercial,Offices,Hot Water,NPG (Yorkshire Electric),0.8800408280964558,250.0,0.8800408280964558
Commercial,Offices,Hot Water,SPEN (SP Distribution),0.8728524334005436,250.0,0.8728524334005436
Commercial,Offices,Hot Water,SPEN (SP MANWEB),0.5183307322595689,250.0,0.5183307322595689
Commercial,Offices,Hot Water,SSE,0.3475634494567632,250.0,0.3475634494567632
Commercial,Offices,Hot Water,SSE (Southern),1.6952016806419312,250.0,1.6952016806419312
Commercial,Offices,Hot Water,UKPN (East),1.263722456247985,250.0,1.263722456247985
Commercial,Offices,Hot Water,UKPN (London),2.9502777888693696,250.0,2.9502777888693696
Commercial,Offices,Hot Water,UKPN (South),0.7910198718914893,250.0,0.7910198718914893
Commercial,Offices,Hot Water,WPD (East Midlands),1.0225940488363527,250.0,1.0225940488363527
Commercial,Offices,Hot Water,WPD (Midlands),0.9182119171152352,250.0,0.9182119171152352
Commercial,Offices,Hot Water,WPD (South Wales),0.4290400122766177,250.0,0.4290400122766177
Commercial,Offices,Hot Water,WPD (South West),0.466054861437799,250.0,0.466054861437799
Commercial,Offices,Cooling & humidification,ENWL,2.31384232703129,200.0,2.31384232703129
Commercial,Offices,Cooling & humidification,NPG (Northern Electric),1.338969986589558,200.0,1.338969986589558
Commercial,Offices,Cooling & humidification,NPG (Yorkshire Electric),2.031655064266434,200.0,2.031655064266434
Commercial,Offices,Cooling & humidification,SPEN (SP Distribution),2.015059995013244,200.0,2.015059995013244
Commercial,Offices,Cooling & humidification,SPEN (SP MANWEB),1.196614092823273,200.0,1.196614092823273
Commercial,Offices,Cooling & humidification,SSE,0.8023821392129201,200.0,0.8023821392129201
Commercial,Offices,Cooling & humidification,SSE (Southern),3.913528747159067,200.0,3.913528747159067
Commercial,Offices,Cooling & humidification,UKPN (East),2.9174193356652243,200.0,2.9174193356652243
Commercial,Offices,Cooling & humidification,UKPN (London),6.8109871944398845,200.0,6.8109871944398845
Commercial,Offices,Cooling & humidification,UKPN (South),1.826142012228992,200.0,1.826142012228992
Commercial,Offices,Cooling & humidification,WPD (East Midlands),2.360752264756727,200.0,2.360752264756727
Commercial,Offices,Cooling & humidification,WPD (Midlands),2.119776528450444,200.0,2.119776528450444
Commercial,Offices,Cooling & humidification,WPD (South Wales),0.9904782663324184,200.0,0.9904782663324184
Commercial,Offices,Cooling & humidification,WPD (South West),1.075930444629685,200.0,1.075930444629685
Commercial,Offices,Fans,ENWL,0.9138856135269608,175.0,0.9138856135269608
Commercial,Offices,Fans,NPG (Northern Electric),0.5288456319573744,175.0,0.5288456319573744
Commercial,Offices,Fans,NPG (Yorkshire Electric),0.8024316580224695,175.0,0.8024316580224695
Commercial,Offices,Fans,SPEN (SP Distribution),0.7958771945359999,175.0,0.7958771945359999
Commercial,Offices,Fans,SPEN (SP MANWEB),0.4726201053543161,175.0,0.4726201053543161
Commercial,Offices,Fans,SSE,0.316912472821126,175.0,0.316912472821126
Commercial,Offices,Fans,SSE (Southern),1.545704985326987,175.0,1.545704985326987
Commercial,Offices,Fans,UKPN (East),1.152277114279696,175.0,1.152277114279696
Commercial,Offices,Fans,UKPN (London),2.690098256997956,175.0,2.690098256997956
Commercial,Offices,Fans,UKPN (South),0.7212612950055532,175.0,0.7212612950055532
Commercial,Offices,Fans,WPD (East Midlands),0.9324133743505454,175.0,0.9324133743505454
Commercial,Offices,Fans,WPD (Midlands),0.8372365094247788,175.0,0.8372365094247788
Commercial,Offices,Fans,WPD (South Wales),0.3912037685271723,175.0,0.3912037685271723
Commercial,Offices,Fans,WPD (South West),0.4249543467226228,175.0,0.4249543467226228
Commercial,Offices,Lighting,ENWL,1.899382800376416,175.0,1.899382800376416
Commercial,Offices,Lighting,NPG (Northern Electric),1.0991313163552716,175.0,1.0991313163552716
Commercial,Offices,Lighting,NPG (Yorkshire Electric),1.6677414188011457,175.0,1.6677414188011457
Commercial,Offices,Lighting,SPEN (SP Distribution),1.6541188876794994,175.0,1.6541188876794994
Commercial,Offices,Lighting,SPEN (SP MANWEB),0.982274461852654,175.0,0.982274461852654
Commercial,Offices,Lighting,SSE,0.6586580324622293,175.0,0.6586580324622293
Commercial,Offices,Lighting,SSE (Southern),3.212530561954784,175.0,3.212530561954784
Commercial,Offices,Lighting,UKPN (East),2.394846028578672,175.0,2.394846028578672
Commercial,Offices,Lighting,UKPN (London),5.590991131751474,175.0,5.590991131751474
Commercial,Offices,Lighting,UKPN (South),1.499040227828636,175.0,1.499040227828636
Commercial,Offices,Lighting,WPD (East Midlands),1.9378901471569288,175.0,1.9378901471569288
Commercial,Offices,Lighting,WPD (Midlands),1.740078410591697,175.0,1.740078410591697
Commercial,Offices,Lighting,WPD (South Wales),0.8130620488873985,175.0,0.8130620488873985
Commercial,Offices,Lighting,WPD (South West),0.8832078819964199,175.0,0.8832078819964199
Commercial,Offices,Catering,ENWL,0.3015123485772144,300.0,0.3015123485772144
Commercial,Offices,Catering,NPG (Northern Electric),0.1744786066944307,300.0,0.1744786066944307
Commercial,Offices,Catering,NPG (Yorkshire Electric),0.2647410684684395,300.0,0.2647410684684395
Commercial,Offices,Catering,SPEN (SP Distribution),0.2625785968743829,300.0,0.2625785968743829
Commercial,Offices,Catering,SPEN (SP MANWEB),0.1559284836537001,300.0,0.1559284836537001
Commercial,Offices,Catering,SSE,0.1045568751267922,300.0,0.1045568751267922
Commercial,Offices,Catering,SSE (Southern),0.5099644128709108,300.0,0.5099644128709108
Commercial,Offices,Catering,UKPN (East),0.380163309057274,300.0,0.380163309057274
Commercial,Offices,Catering,UKPN (London),0.8875266569091211,300.0,0.8875266569091211
Commercial,Offices,Catering,UKPN (South),0.237961057462857,300.0,0.237961057462857
Commercial,Offices,Catering,WPD (East Midlands),0.3076250924448375,300.0,0.3076250924448375
Commercial,Offices,Catering,WPD (Midlands),0.2762240071785602,300.0,0.2762240071785602
Commercial,Offices,Catering,WPD (South Wales),0.1290673201054882,300.0,0.1290673201054882
Commercial,Offices,Catering,WPD (South West),0.1402024292995984,300.0,0.1402024292995984
Commercial,Offices,Small power,ENWL,0.4571707254213356,350.0,0.4571707254213356
Commercial,Offices,Small power,NPG (Northern Electric),0.2645547075249204,350.0,0.2645547075249204
Commercial,Offices,Small power,NPG (Yorkshire Electric),0.4014159515909209,350.0,0.4014159515909209
Commercial,Offices,Small power,SPEN (SP Distribution),0.3981370851961513,350.0,0.3981370851961513
Commercial,Offices,Small power,SPEN (SP MANWEB),0.2364279218486313,350.0,0.2364279218486313
Commercial,Offices,Small power,SSE,0.1585352728505658,350.0,0.1585352728505658
Commercial,Offices,Small power,SSE (Southern),0.7732379840209255,350.0,0.7732379840209255
Commercial,Offices,Small power,UKPN (East),0.5764259294865365,350.0,0.5764259294865365
Commercial,Offices,Small power,UKPN (London),1.3457200260108313,350.0,1.3457200260108313
Commercial,Offices,Small power,UKPN (South),0.3608105265859873,350.0,0.3608105265859873
Commercial,Offices,Small power,WPD (East Midlands),0.4664392265671864,350.0,0.4664392265671864
Commercial,Offices,Small power,WPD (Midlands),0.4188270574539044,350.0,0.4188270574539044
Commercial,Offices,Small power,WPD (South Wales),0.1956994485939038,350.0,0.1956994485939038
Commercial,Offices,Small power,WPD (South West),0.2125831549228123,350.0,0.2125831549228123
Commercial,Offices,ICT equipment,ENWL,1.5074375480649105,300.0,1.5074375480649105
Commercial,Offices,ICT equipment,NPG (Northern Electric),0.872321164643374,300.0,0.872321164643374
Commercial,Offices,ICT equipment,NPG (Yorkshire Electric),1.3235962938411734,300.0,1.3235962938411734
Commercial,Offices,ICT equipment,SPEN (SP Distribution),1.312784826606458,300.0,1.312784826606458
Commercial,Offices,ICT equipment,SPEN (SP MANWEB),0.7795781903513597,300.0,0.7795781903513597
Commercial,Offices,ICT equipment,SSE,0.5227413080035014,300.0,0.5227413080035014
Commercial,Offices,ICT equipment,SSE (Southern),2.5496120068250563,300.0,2.5496120068250563
Commercial,Offices,ICT equipment,UKPN (East),1.900659953642932,300.0,1.900659953642932
Commercial,Offices,ICT equipment,UKPN (London),4.437267706767611,300.0,4.437267706767611
Commercial,Offices,ICT equipment,UKPN (South),1.1897072696671986,300.0,1.1897072696671986
Commercial,Offices,ICT equipment,WPD (East Midlands),1.5379987495256158,300.0,1.5379987495256158
Commercial,Offices,ICT equipment,WPD (Midlands),1.3810062574975417,300.0,1.3810062574975417
Commercial,Offices,ICT equipment,WPD (South Wales),0.6452834368914773,300.0,0.6452834368914773
Commercial,Offices,ICT equipment,WPD (South West),0.700954396240945,300.0,0.700954396240945
Commercial,Offices,Cooled storage,ENWL,0.0,200.0,0.0
Commercial,Offices,Cooled storage,NPG (Northern Electric),0.0,200.0,0.0
Commercial,Offices,Cooled storage,NPG (Yorkshire Electric),0.0,200.0,0.0
Commercial,Offices,Cooled storage,SPEN (SP Distribution),0.0,200.0,0.0
Commercial,Offices,Cooled storage,SPEN (SP MANWEB),0.0,200.0,0.0
Commercial,Offices,Cooled storage,SSE,0.0,200.0,0.0
Commercial,Offices,Cooled storage,SSE (Southern),0.0,200.0,0.0
Commercial,Offices,Cooled storage,UKPN (East),0.0,200.0,0.0
Commercial,Offices,Cooled storage,UKPN (London),0.0,200.0,0.0
Commercial,Offices,Cooled storage,UKPN (South),0.0,200.0,0.0
Commercial,Offices,Cooled storage,WPD (East Midlands),0.0,200.0,0.0
Commercial,Offices,Cooled storage,WPD (Midlands),0.0,200.0,0.0
Commercial,Offices,Cooled storage,WPD (South Wales),0.0,200.0,0.0
Commercial,Offices,Cooled storage,WPD (South West),0.0,200.0,0.0
Commercial,Offices,Other,ENWL,0.1844542951043705,400.0,0.1844542951043705
Commercial,Offices,Other,NPG (Northern Electric),0.1067396694048572,400.0,0.1067396694048572
Commercial,Offices,Other,NPG (Yorkshire Electric),0.161958962543182,400.0,0.161958962543182
Commercial,Offices,Other,SPEN (SP Distribution),0.1606360410262121,400.0,0.1606360410262121
Commercial,Offices,Other,SPEN (SP MANWEB),0.0953913784120554,400.0,0.0953913784120554
Commercial,Offices,Other,SSE,0.0639640956360008,400.0,0.0639640956360008
Commercial,Offices,Other,SSE (Southern),0.3119776909579174,400.0,0.3119776909579174
Commercial,Offices,Other,UKPN (East),0.2325700938207069,400.0,0.2325700938207069
Commercial,Offices,Other,UKPN (London),0.5429565477467879,400.0,0.5429565477467879
Commercial,Offices,Other,UKPN (South),0.1455759252439419,400.0,0.1455759252439419
Commercial,Offices,Other,WPD (East Midlands),0.1881938496087767,400.0,0.1881938496087767
Commercial,Offices,Other,WPD (Midlands),0.1689838070495409,400.0,0.1689838070495409
Commercial,Offices,Other,WPD (South Wales),0.0789586949370706,400.0,0.0789586949370706
Commercial,Offices,Other,WPD (South West),0.0857707499888849,400.0,0.0857707499888849
Commercial,Education,Heating,ENWL,5.638410182144396,200.0,5.638410182144396
Commercial,Education,Heating,NPG (Northern Electric),4.516156470567128,200.0,4.516156470567128
Commercial,Education,Heating,NPG (Yorkshire Electric),6.581988047153701,200.0,6.581988047153701
Commercial,Education,Heating,SPEN (SP Distribution),23.222363365028,200.0,23.222363365028
Commercial,Education,Heating,SPEN (SP MANWEB),3.623636766688502,200.0,3.623636766688502
Commercial,Education,Heating,SSE,10.509574904310496,200.0,10.509574904310496
Commercial,Education,Heating,SSE (Southern),9.946657959567744,200.0,9.946657959567744
Commercial,Education,Heating,UKPN (East),11.193576882895266,200.0,11.193576882895266
Commercial,Education,Heating,UKPN (London),9.316377581042914,200.0,9.316377581042914
Commercial,Education,Heating,UKPN (South),6.272261043626918,200.0,6.272261043626918
Commercial,Education,Heating,WPD (East Midlands),8.311497197974324,200.0,8.311497197974324
Commercial,Education,Heating,WPD (Midlands),5.457969071004053,200.0,5.457969071004053
Commercial,Education,Heating,WPD (South Wales),4.642286133447529,200.0,4.642286133447529
Commercial,Education,Heating,WPD (South West),3.773586122034958,200.0,3.773586122034958
Commercial,Education,Hot Water,ENWL,0.6088524431971113,250.0,0.6088524431971113
Commercial,Education,Hot Water,NPG (Northern Electric),0.4876681213567697,250.0,0.4876681213567697
Commercial,Education,Hot Water,NPG (Yorkshire Electric),0.7107428112084603,250.0,0.7107428112084603
Commercial,Education,Hot Water,SPEN (SP Distribution),2.507620448825002,250.0,2.507620448825002
Commercial,Education,Hot Water,SPEN (SP MANWEB),0.3912911667270883,250.0,0.3912911667270883
Commercial,Education,Hot Water,SSE,1.134855420365837,250.0,1.134855420365837
Commercial,Education,Hot Water,SSE (Southern),1.074069960271245,250.0,1.074069960271245
Commercial,Education,Hot Water,UKPN (East),1.208716005594599,250.0,1.208716005594599
Commercial,Education,Hot Water,UKPN (London),1.0060103945483951,250.0,1.0060103945483951
Commercial,Education,Hot Water,UKPN (South),0.6772975603789645,250.0,0.6772975603789645
Commercial,Education,Hot Water,WPD (East Midlands),0.8975003967675186,250.0,0.8975003967675186
Commercial,Education,Hot Water,WPD (Midlands),0.5893678708048954,250.0,0.5893678708048954
Commercial,Education,Hot Water,WPD (South Wales),0.5012879806652589,250.0,0.5012879806652589
Commercial,Education,Hot Water,WPD (South West),0.4074831478723479,250.0,0.4074831478723479
Commercial,Education,Cooling & humidification,ENWL,0.067273333873028,200.0,0.067273333873028
Commercial,Education,Cooling & humidification,NPG (Northern Electric),0.0538834338497436,200.0,0.0538834338497436
Commercial,Education,Cooling & humidification,NPG (Yorkshire Electric),0.0785314060418443,200.0,0.0785314060418443
Commercial,Education,Cooling & humidification,SPEN (SP Distribution),0.277072038661464,200.0,0.277072038661464
Commercial,Education,Cooling & humidification,SPEN (SP MANWEB),0.0432345498403068,200.0,0.0432345498403068
Commercial,Education,Cooling & humidification,SSE,0.125392463223097,200.0,0.125392463223097
Commercial,Education,Cooling & humidification,SSE (Southern),0.118676155195989,200.0,0.118676155195989
Commercial,Education,Cooling & humidification,UKPN (East),0.1335534681852519,200.0,0.1335534681852519
Commercial,Education,Cooling & humidification,UKPN (London),0.1111561165736847,200.0,0.1111561165736847
Commercial,Education,Cooling & humidification,UKPN (South),0.0748359728532951,200.0,0.0748359728532951
Commercial,Education,Cooling & humidification,WPD (East Midlands),0.0991666281667027,200.0,0.0991666281667027
Commercial,Education,Cooling & humidification,WPD (Midlands),0.0651204441892293,200.0,0.0651204441892293
Commercial,Education,Cooling & humidification,WPD (South Wales),0.055388319561875,200.0,0.055388319561875
Commercial,Education,Cooling & humidification,WPD (South West),0.0450236344794862,200.0,0.0450236344794862
Commercial,Education,Fans,ENWL,0.1569988398740433,200.0,0.1569988398740433
Commercial,Education,Fans,NPG (Northern Electric),0.1257502210133699,200.0,0.1257502210133699
Commercial,Education,Fans,NPG (Yorkshire Electric),0.183272315082785,200.0,0.183272315082785
Commercial,Education,Fans,SPEN (SP Distribution),0.6466156220752782,200.0,0.6466156220752782
Commercial,Education,Fans,SPEN (SP MANWEB),0.1008984359273163,200.0,0.1008984359273163
Commercial,Education,Fans,SSE,0.2926340961803855,200.0,0.2926340961803855
Commercial,Education,Fans,SSE (Southern),0.2769599425776687,200.0,0.2769599425776687
Commercial,Education,Fans,UKPN (East),0.3116798047472137,200.0,0.3116798047472137
Commercial,Education,Fans,UKPN (London),0.2594100863190492,200.0,0.2594100863190492
Commercial,Education,Fans,UKPN (South),0.1746481145261531,200.0,0.1746481145261531
Commercial,Education,Fans,WPD (East Midlands),0.2314296717593635,200.0,0.2314296717593635
Commercial,Education,Fans,WPD (Midlands),0.1519745432727905,200.0,0.1519745432727905
Commercial,Education,Fans,WPD (South Wales),0.129262241264865,200.0,0.129262241264865
Commercial,Education,Fans,WPD (South West),0.1050737041445535,200.0,0.1050737041445535
Commercial,Education,Lighting,ENWL,0.5173658112405224,175.0,0.5173658112405224
Commercial,Education,Lighting,NPG (Northern Electric),0.4143907379217095,175.0,0.4143907379217095
Commercial,Education,Lighting,NPG (Yorkshire Electric),0.6039460549313914,175.0,0.6039460549313914
Commercial,Education,Lighting,SPEN (SP Distribution),2.130823489805165,175.0,2.130823489805165
Commercial,Education,Lighting,SPEN (SP MANWEB),0.3324954579174973,175.0,0.3324954579174973
Commercial,Education,Lighting,SSE,0.9643311803352568,175.0,0.9643311803352568
Commercial,Education,Lighting,SSE (Southern),0.9126793897826389,175.0,0.9126793897826389
Commercial,Education,Lighting,UKPN (East),1.0270934177583677,175.0,1.0270934177583677
Commercial,Education,Lighting,UKPN (London),0.8548465062550936,175.0,0.8548465062550936
Commercial,Education,Lighting,UKPN (South),0.5755263129711166,175.0,0.5755263129711166
Commercial,Education,Lighting,WPD (East Midlands),0.7626413034068957,175.0,0.7626413034068957
Commercial,Education,Lighting,WPD (Midlands),0.5008090055398842,175.0,0.5008090055398842
Commercial,Education,Lighting,WPD (South Wales),0.4259640667944936,175.0,0.4259640667944936
Commercial,Education,Lighting,WPD (South West),0.3462544196403402,175.0,0.3462544196403402
Commercial,Education,Catering,ENWL,0.1821427181542962,300.0,0.1821427181542962
Commercial,Education,Catering,NPG (Northern Electric),0.1458895306631212,300.0,0.1458895306631212
Commercial,Education,Catering,NPG (Yorkshire Electric),0.212623976447154,300.0,0.212623976447154
Commercial,Education,Catering,SPEN (SP Distribution),0.7501732312182158,300.0,0.7501732312182158
Commercial,Education,Catering,SPEN (SP MANWEB),0.1170576508212588,300.0,0.1170576508212588
Commercial,Education,Catering,SSE,0.3395004048799565,300.0,0.3395004048799565
Commercial,Education,Catering,SSE (Southern),0.3213159842545733,300.0,0.3213159842545733
Commercial,Education,Catering,UKPN (East),0.3615963460367179,300.0,0.3615963460367179
Commercial,Education,Catering,UKPN (London),0.3009554610511746,300.0,0.3009554610511746
Commercial,Education,Catering,UKPN (South),0.2026185819324367,300.0,0.2026185819324367
Commercial,Education,Catering,WPD (East Midlands),0.268493891481145,300.0,0.268493891481145
Commercial,Education,Catering,WPD (Midlands),0.1763137640008785,300.0,0.1763137640008785
Commercial,Education,Catering,WPD (South Wales),0.1499640124575947,300.0,0.1499640124575947
Commercial,Education,Catering,WPD (South West),0.1219016019149163,300.0,0.1219016019149163
Commercial,Education,Small power,ENWL,0.0723923175635858,350.0,0.0723923175635858
Commercial,Education,Small power,NPG (Northern Electric),0.0579835490542121,350.0,0.0579835490542121
Commercial,Education,Small power,NPG (Yorkshire Electric),0.0845070425025481,350.0,0.0845070425025481
Commercial,Education,Small power,SPEN (SP Distribution),0.298155091415986,350.0,0.298155091415986
Commercial,Education,Small power,SPEN (SP MANWEB),0.0465243668117513,350.0,0.0465243668117513
Commercial,Education,Small power,SSE,0.1349338659930175,350.0,0.1349338659930175
Commercial,Education,Small power,SSE (Southern),0.1277064985420311,350.0,0.1277064985420311
Commercial,Education,Small power,UKPN (East),0.1437158607128479,350.0,0.1437158607128479
Commercial,Education,Small power,UKPN (London),0.1196142427744818,350.0,0.1196142427744818
Commercial,Education,Small power,UKPN (South),0.0805304152489415,350.0,0.0805304152489415
Commercial,Education,Small power,WPD (East Midlands),0.106712446442798,350.0,0.106712446442798
Commercial,Education,Small power,WPD (Midlands),0.0700756095204987,350.0,0.0700756095204987
Commercial,Education,Small power,WPD (South Wales),0.0596029450035066,350.0,0.0596029450035066
Commercial,Education,Small power,WPD (South West),0.0484495870422821,350.0,0.0484495870422821
Commercial,Education,ICT equipment,ENWL,0.0302720926932617,300.0,0.0302720926932617
Commercial,Education,ICT equipment,NPG (Northern Electric),0.0242468183189693,300.0,0.0242468183189693
Commercial,Education,ICT equipment,NPG (Yorkshire Electric),0.0353380732924256,300.0,0.0353380732924256
Commercial,Education,ICT equipment,SPEN (SP Distribution),0.1246786795627156,300.0,0.1246786795627156
Commercial,Education,ICT equipment,SPEN (SP MANWEB),0.0194549641732852,300.0,0.0194549641732852
Commercial,Education,ICT equipment,SSE,0.0564249168458098,300.0,0.0564249168458098
Commercial,Education,ICT equipment,SSE (Southern),0.0534026688398339,300.0,0.0534026688398339
Commercial,Education,ICT equipment,UKPN (East),0.060097258982901,300.0,0.060097258982901
Commercial,Education,ICT equipment,UKPN (London),0.0500187529087316,300.0,0.0500187529087316
Commercial,Education,ICT equipment,UKPN (South),0.033675178210748,300.0,0.033675178210748
Commercial,Education,ICT equipment,WPD (East Midlands),0.0446236448695496,300.0,0.0446236448695496
Commercial,Education,ICT equipment,WPD (Midlands),0.0293033213790687,300.0,0.0293033213790687
Commercial,Education,ICT equipment,WPD (South Wales),0.0249239965877971,300.0,0.0249239965877971
Commercial,Education,ICT equipment,WPD (South West),0.0202600281253044,300.0,0.0202600281253044
Commercial,Education,Cooled storage,ENWL,0.0,200.0,0.0
Commercial,Education,Cooled storage,NPG (Northern Electric),0.0,200.0,0.0
Commercial,Education,Cooled storage,NPG (Yorkshire Electric),0.0,200.0,0.0
Commercial,Education,Cooled storage,SPEN (SP Distribution),0.0,200.0,0.0
Commercial,Education,Cooled storage,SPEN (SP MANWEB),0.0,200.0,0.0
Commercial,Education,Cooled storage,SSE,0.0,200.0,0.0
Commercial,Education,Cooled storage,SSE (Southern),0.0,200.0,0.0
Commercial,Education,Cooled storage,UKPN (East),0.0,200.0,0.0
Commercial,Education,Cooled storage,UKPN (London),0.0,200.0,0.0
Commercial,Education,Cooled storage,UKPN (South),0.0,200.0,0.0
Commercial,Education,Cooled storage,WPD (East Midlands),0.0,200.0,0.0
Commercial,Education,Cooled storage,WPD (Midlands),0.0,200.0,0.0
Commercial,Education,Cooled storage,WPD (South Wales),0.0,200.0,0.0
Commercial,Education,Cooled storage,WPD (South West),0.0,200.0,0.0
Commercial,Education,Other,ENWL,0.1241046859850425,400.0,0.1241046859850425
Commercial,Education,Other,NPG (Northern Electric),0.0994032293737614,400.0,0.0994032293737614
Commercial,Education,Other,NPG (Yorkshire Electric),0.1448733833405939,400.0,0.1448733833405939
Commercial,Education,Other,SPEN (SP Distribution),0.5111377179287218,400.0,0.5111377179287218
Commercial,Education,Other,SPEN (SP MANWEB),0.079758351827234,400.0,0.079758351827234
Commercial,Education,Other,SSE,0.2313218533596808,400.0,0.2313218533596808
Commercial,Education,Other,SSE (Southern),0.2189317241554962,400.0,0.2189317241554962
Commercial,Education,Other,UKPN (East),0.2463771345512181,400.0,0.2463771345512181
Commercial,Education,Other,UKPN (London),0.2050588866121998,400.0,0.2050588866121998
Commercial,Education,Other,UKPN (South),0.1380561119339293,400.0,0.1380561119339293
Commercial,Education,Other,WPD (East Midlands),0.1829408851960937,400.0,0.1829408851960937
Commercial,Education,Other,WPD (Midlands),0.1201330722298425,400.0,0.1201330722298425
Commercial,Education,Other,WPD (South Wales),0.1021794165789317,400.0,0.1021794165789317
Commercial,Education,Other,WPD (South West),0.0830588243111025,400.0,0.0830588243111025
Commercial,Others,Heating,ENWL,1.648175518215086,225.0,1.648175518215086
Commercial,Others,Heating,NPG (Northern Electric),0.9692790790678134,225.0,0.9692790790678134
Commercial,Others,Heating,NPG (Yorkshire Electric),1.6104501021230069,225.0,1.6104501021230069
Commercial,Others,Heating,SPEN (SP Distribution),3.596834326360049,225.0,3.596834326360049
Commercial,Others,Heating,SPEN (SP MANWEB),1.3348230586043373,225.0,1.3348230586043373
Commercial,Others,Heating,SSE,1.5662371017148573,225.0,1.5662371017148573
Commercial,Others,Heating,SSE (Southern),5.834918309195809,225.0,5.834918309195809
Commercial,Others,Heating,UKPN (East),3.593107943357969,225.0,3.593107943357969
Commercial,Others,Heating,UKPN (London),5.824345537662439,225.0,5.824345537662439
Commercial,Others,Heating,UKPN (South),1.9230772096954083,225.0,1.9230772096954083
Commercial,Others,Heating,WPD (East Midlands),2.8802546404047176,225.0,2.8802546404047176
Commercial,Others,Heating,WPD (Midlands),1.6731455992295494,225.0,1.6731455992295494
Commercial,Others,Heating,WPD (South Wales),0.9040068047652258,225.0,0.9040068047652258
Commercial,Others,Heating,WPD (South West),1.2393703550355046,225.0,1.2393703550355046
Commercial,Others,Hot Water,ENWL,0.2322756209256322,250.0,0.2322756209256322
Commercial,Others,Hot Water,NPG (Northern Electric),0.1365994685957474,250.0,0.1365994685957474
Commercial,Others,Hot Water,NPG (Yorkshire Electric),0.2269590182030318,250.0,0.2269590182030318
Commercial,Others,Hot Water,SPEN (SP Distribution),0.5068980319685115,250.0,0.5068980319685115
Commercial,Others,Hot Water,SPEN (SP MANWEB),0.1881151924274081,250.0,0.1881151924274081
Commercial,Others,Hot Water,SSE,0.2207281271302718,250.0,0.2207281271302718
Commercial,Others,Hot Water,SSE (Southern),0.8223088247218641,250.0,0.8223088247218641
Commercial,Others,Hot Water,UKPN (East),0.5063728767796076,250.0,0.5063728767796076
Commercial,Others,Hot Water,UKPN (London),0.8208188152867781,250.0,0.8208188152867781
Commercial,Others,Hot Water,UKPN (South),0.2710172236107934,250.0,0.2710172236107934
Commercial,Others,Hot Water,WPD (East Midlands),0.4059112197883245,250.0,0.4059112197883245
Commercial,Others,Hot Water,WPD (Midlands),0.2357946278566895,250.0,0.2357946278566895
Commercial,Others,Hot Water,WPD (South Wales),0.1274007164754145,250.0,0.1274007164754145
Commercial,Others,Hot Water,WPD (South West),0.1746631445444911,250.0,0.1746631445444911
Commercial,Others,Cooling & humidification,ENWL,0.1219006261315915,225.0,0.1219006261315915
Commercial,Others,Cooling & humidification,NPG (Northern Electric),0.0716888009370368,225.0,0.0716888009370368
Commercial,Others,Cooling & humidification,NPG (Yorkshire Electric),0.1191104185403032,225.0,0.1191104185403032
Commercial,Others,Cooling & humidification,SPEN (SP Distribution),0.2660252816700757,225.0,0.2660252816700757
Commercial,Others,Cooling & humidification,SPEN (SP MANWEB),0.0987247807169045,225.0,0.0987247807169045
Commercial,Others,Cooling & humidification,SSE,0.1158403830535812,225.0,0.1158403830535812
Commercial,Others,Cooling & humidification,SSE (Southern),0.4315560979136172,225.0,0.4315560979136172
Commercial,Others,Cooling & humidification,UKPN (East),0.2657496748453537,225.0,0.2657496748453537
Commercial,Others,Cooling & humidification,UKPN (London),0.4307741256930495,225.0,0.4307741256930495
Commercial,Others,Cooling & humidification,UKPN (South),0.1422326162295731,225.0,0.1422326162295731
Commercial,Others,Cooling & humidification,WPD (East Midlands),0.213026367764515,225.0,0.213026367764515
Commercial,Others,Cooling & humidification,WPD (Midlands),0.1237474370304186,225.0,0.1237474370304186
Commercial,Others,Cooling & humidification,WPD (South Wales),0.0668612015590681,225.0,0.0668612015590681
Commercial,Others,Cooling & humidification,WPD (South West),0.0916650081366182,225.0,0.0916650081366182
Commercial,Others,Fans,ENWL,0.0831833819069286,200.0,0.0831833819069286
Commercial,Others,Fans,NPG (Northern Electric),0.048919493656726,200.0,0.048919493656726
Commercial,Others,Fans,NPG (Yorkshire Electric),0.0812793809921573,200.0,0.0812793809921573
Commercial,Others,Fans,SPEN (SP Distribution),0.1815321488026819,200.0,0.1815321488026819
Commercial,Others,Fans,SPEN (SP MANWEB),0.0673684902092867,200.0,0.0673684902092867
Commercial,Others,Fans,SSE,0.0790479518406157,200.0,0.0790479518406157
Commercial,Others,Fans,SSE (Southern),0.2944881978560156,200.0,0.2944881978560156
Commercial,Others,Fans,UKPN (East),0.1813440783350843,200.0,0.1813440783350843
Commercial,Others,Fans,UKPN (London),0.2939545903108511,200.0,0.2939545903108511
Commercial,Others,Fans,UKPN (South),0.097057664188486,200.0,0.097057664188486
Commercial,Others,Fans,WPD (East Midlands),0.1453663879205386,200.0,0.1453663879205386
Commercial,Others,Fans,WPD (Midlands),0.0844436213427882,200.0,0.0844436213427882
Commercial,Others,Fans,WPD (South Wales),0.0456252034180711,200.0,0.0456252034180711
Commercial,Others,Fans,WPD (South West),0.0625509943738833,200.0,0.0625509943738833
Commercial,Others,Lighting,ENWL,0.2659866528488812,175.0,0.2659866528488812
Commercial,Others,Lighting,NPG (Northern Electric),0.156424661735601,175.0,0.156424661735601
Commercial,Others,Lighting,NPG (Yorkshire Electric),0.2598984316353236,175.0,0.2598984316353236
Commercial,Others,Lighting,SPEN (SP Distribution),0.5804660442696978,175.0,0.5804660442696978
Commercial,Others,Lighting,SPEN (SP MANWEB),0.2154170557564007,175.0,0.2154170557564007
Commercial,Others,Lighting,SSE,0.2527632279746688,175.0,0.2527632279746688
Commercial,Others,Lighting,SSE (Southern),0.9416535881994034,175.0,0.9416535881994034
Commercial,Others,Lighting,UKPN (East),0.5798646713388405,175.0,0.5798646713388405
Commercial,Others,Lighting,UKPN (London),0.9399473281073092,175.0,0.9399473281073092
Commercial,Others,Lighting,UKPN (South),0.3103509696168753,175.0,0.3103509696168753
Commercial,Others,Lighting,WPD (East Midlands),0.4648226373265011,175.0,0.4648226373265011
Commercial,Others,Lighting,WPD (Midlands),0.2700163864524936,175.0,0.2700163864524936
Commercial,Others,Lighting,WPD (South Wales),0.1458908602237443,175.0,0.1458908602237443
Commercial,Others,Lighting,WPD (South West),0.2000126617176239,175.0,0.2000126617176239
Commercial,Others,Catering,ENWL,0.1789881962881945,300.0,0.1789881962881945
Commercial,Others,Catering,NPG (Northern Electric),0.1052615526349481,300.0,0.1052615526349481
Commercial,Others,Catering,NPG (Yorkshire Electric),0.1748912999892764,300.0,0.1748912999892764
Commercial,Others,Catering,SPEN (SP Distribution),0.3906082096886445,300.0,0.3906082096886445
Commercial,Others,Catering,SPEN (SP MANWEB),0.1449588159653168,300.0,0.1449588159653168
Commercial,Others,Catering,SSE,0.1700898664598462,300.0,0.1700898664598462
Commercial,Others,Catering,SSE (Southern),0.6336591534759277,300.0,0.6336591534759277
Commercial,Others,Catering,UKPN (East),0.3902035327808454,300.0,0.3902035327808454
Commercial,Others,Catering,UKPN (London),0.6325109739977043,300.0,0.6325109739977043
Commercial,Others,Catering,UKPN (South),0.2088419086937295,300.0,0.2088419086937295
Commercial,Others,Catering,WPD (East Midlands),0.3127892492269542,300.0,0.3127892492269542
Commercial,Others,Catering,WPD (Midlands),0.1816998915612739,300.0,0.1816998915612739
Commercial,Others,Catering,WPD (South Wales),0.0981731287893491,300.0,0.0981731287893491
Commercial,Others,Catering,WPD (South West),0.1345928646125632,300.0,0.1345928646125632
Commercial,Others,Small power,ENWL,0.0388996018287896,350.0,0.0388996018287896
Commercial,Others,Small power,NPG (Northern Electric),0.0228765503552355,350.0,0.0228765503552355
Commercial,Others,Small power,NPG (Yorkshire Electric),0.0380092211329298,350.0,0.0380092211329298
Commercial,Others,Small power,SPEN (SP Distribution),0.0848910941785204,350.0,0.0848910941785204
Commercial,Others,Small power,SPEN (SP MANWEB),0.0315039781368841,350.0,0.0315039781368841
Commercial,Others,Small power,SSE,0.0369657229784398,350.0,0.0369657229784398
Commercial,Others,Small power,SSE (Southern),0.137713487685485,350.0,0.137713487685485
Commercial,Others,Small power,UKPN (East),0.084803145526547,350.0,0.084803145526547
Commercial,Others,Small power,UKPN (London),0.1374639532164133,350.0,0.1374639532164133
Commercial,Others,Small power,UKPN (South),0.0453877253462569,350.0,0.0453877253462569
Commercial,Others,Small power,WPD (East Midlands),0.0679786572722565,350.0,0.0679786572722565
Commercial,Others,Small power,WPD (Midlands),0.0394889360340125,350.0,0.0394889360340125
Commercial,Others,Small power,WPD (South Wales),0.0213360193542776,350.0,0.0213360193542776
Commercial,Others,Small power,WPD (South West),0.029251140304218,350.0,0.029251140304218
Commercial,Others,ICT equipment,ENWL,0.0605651054573105,300.0,0.0605651054573105
Commercial,Others,ICT equipment,NPG (Northern Electric),0.0356178628990205,300.0,0.0356178628990205
Commercial,Others,ICT equipment,NPG (Yorkshire Electric),0.0591788187549622,300.0,0.0591788187549622
Commercial,Others,ICT equipment,SPEN (SP Distribution),0.1321719973879886,300.0,0.1321719973879886
Commercial,Others,ICT equipment,SPEN (SP MANWEB),0.0490504187313571,300.0,0.0490504187313571
Commercial,Others,ICT equipment,SSE,0.0575541343674622,300.0,0.0575541343674622
Commercial,Others,ICT equipment,SSE (Southern),0.2144143259171496,300.0,0.2144143259171496
Commercial,Others,ICT equipment,UKPN (East),0.1320350648968788,300.0,0.1320350648968788
Commercial,Others,ICT equipment,UKPN (London),0.2140258108495384,300.0,0.2140258108495384
Commercial,Others,ICT equipment,UKPN (South),0.0706668511457367,300.0,0.0706668511457367
Commercial,Others,ICT equipment,WPD (East Midlands),0.1058400177117879,300.0,0.1058400177117879
Commercial,Others,ICT equipment,WPD (Midlands),0.0614826749595905,300.0,0.0614826749595905
Commercial,Others,ICT equipment,WPD (South Wales),0.0332193184886194,300.0,0.0332193184886194
Commercial,Others,ICT equipment,WPD (South West),0.0455428414169626,300.0,0.0455428414169626
Commercial,Others,Cooled storage,ENWL,0.1707277471973546,200.0,0.1707277471973546
Commercial,Others,Cooled storage,NPG (Northern Electric),0.1004036473942934,200.0,0.1004036473942934
Commercial,Others,Cooled storage,NPG (Yorkshire Electric),0.1668199259548339,200.0,0.1668199259548339
Commercial,Others,Cooled storage,SPEN (SP Distribution),0.3725813269248117,200.0,0.3725813269248117
Commercial,Others,Cooled storage,SPEN (SP MANWEB),0.1382688501218602,200.0,0.1382688501218602
Commercial,Others,Cooled storage,SSE,0.1622400824411445,200.0,0.1622400824411445
Commercial,Others,Cooled storage,SSE (Southern),0.6044152743443412,200.0,0.6044152743443412
Commercial,Others,Cooled storage,UKPN (East),0.3721953261814996,200.0,0.3721953261814996
Commercial,Others,Cooled storage,UKPN (London),0.6033200842716969,200.0,0.6033200842716969
Commercial,Others,Cooled storage,UKPN (South),0.1992036867853936,200.0,0.1992036867853936
Commercial,Others,Cooled storage,WPD (East Midlands),0.2983537740225386,200.0,0.2983537740225386
Commercial,Others,Cooled storage,WPD (Midlands),0.173314295554505,200.0,0.173314295554505
Commercial,Others,Cooled storage,WPD (South Wales),0.0936423600053162,200.0,0.0936423600053162
Commercial,Others,Cooled storage,WPD (South West),0.128381295753954,200.0,0.128381295753954
Commercial,Others,Other,ENWL,0.1424945287573572,450.0,0.1424945287573572
Commercial,Others,Other,NPG (Northern Electric),0.083799913346431,450.0,0.083799913346431
Commercial,Others,Other,NPG (Yorkshire Electric),0.1392329432473153,450.0,0.1392329432473153
Commercial,Others,Other,SPEN (SP Distribution),0.3109676164271704,450.0,0.3109676164271704
Commercial,Others,Other,SPEN (SP MANWEB),0.1154033539560545,450.0,0.1154033539560545
Commercial,Others,Other,SSE,0.1354104676744887,450.0,0.1354104676744887
Commercial,Others,Other,SSE (Southern),0.5044632234963395,450.0,0.5044632234963395
Commercial,Others,Other,UKPN (East),0.3106454485609555,450.0,0.3106454485609555
Commercial,Others,Other,UKPN (London),0.5035491448192468,450.0,0.5035491448192468
Commercial,Others,Other,UKPN (South),0.1662614070716952,450.0,0.1662614070716952
Commercial,Others,Other,WPD (East Midlands),0.249015061290397,450.0,0.249015061290397
Commercial,Others,Other,WPD (Midlands),0.1446533400537671,450.0,0.1446533400537671
Commercial,Others,Other,WPD (South Wales),0.0781567388999735,450.0,0.0781567388999735
Commercial,Others,Other,WPD (South West),0.1071509027678544,450.0,0.1071509027678544
